N_awal,P_awal,K_awal,N_target,P_target,K_target,Kekurangan_N,Kekurangan_P,Kekurangan_K,Dosis_Pupuk_Gram
40.1,9.1,101.6,30,40,100,0.0,30.9,0.0,3.9
22.0,24.2,96.3,30,40,100,8.0,15.8,3.7,2.0
44.4,12.4,0.0,30,40,100,0.0,27.6,100.0,5.0
69.3,40.9,120.2,30,40,100,0.0,0.0,0.0,0.0
19.3,84.6,0.0,30,40,100,10.7,0.0,100.0,5.0
19.3,5.4,20.7,30,40,100,10.7,34.6,79.3,4.3
70.9,76.7,0.0,30,40,100,0.0,0.0,100.0,5.0
47.8,5.0,199.2,30,40,100,0.0,35.0,0.0,4.4
12.6,2.3,54.8,30,40,100,17.4,37.7,45.2,4.7
41.4,69.4,248.2,30,40,100,0.0,0.0,0.0,0.0
12.8,73.6,138.2,30,40,100,17.2,0.0,0.0,2.9
12.7,70.7,109.6,30,40,100,17.3,0.0,0.0,2.9
32.8,0.0,26.2,30,40,100,0.0,40.0,73.8,5.0
0.0,17.7,0.0,30,40,100,30.0,22.3,100.0,5.0
0.0,69.6,115.7,30,40,100,30.0,0.0,0.0,5.0
9.9,38.1,67.7,30,40,100,20.1,1.9,32.3,3.4
0.0,0.0,0.0,30,40,100,30.0,40.0,100.0,5.0
34.9,54.9,0.0,30,40,100,0.0,0.0,100.0,5.0
0.1,7.7,0.0,30,40,100,29.9,32.3,100.0,5.0
0.0,108.7,220.3,30,40,100,30.0,0.0,0.0,5.0
67.7,98.6,252.0,30,40,100,0.0,0.0,0.0,0.0
19.5,60.8,90.0,30,40,100,10.5,0.0,10.0,1.8
27.9,91.2,85.5,30,40,100,2.1,0.0,14.5,0.7
0.0,39.1,46.4,30,40,100,30.0,0.9,53.6,5.0
10.4,67.3,0.0,30,40,100,19.6,0.0,100.0,5.0
29.1,95.9,184.4,30,40,100,0.9,0.0,0.0,0.1
0.0,46.3,224.6,30,40,100,30.0,0.0,0.0,5.0
36.7,26.2,1.4,30,40,100,0.0,13.8,98.6,4.9
8.8,0.0,66.8,30,40,100,21.2,40.0,33.2,5.0
17.6,33.1,37.2,30,40,100,12.4,6.9,62.8,3.1
8.8,69.6,39.6,30,40,100,21.2,0.0,60.4,3.5
78.7,74.5,169.1,30,40,100,0.0,0.0,0.0,0.0
25.6,56.7,0.0,30,40,100,4.4,0.0,100.0,5.0
0.0,14.7,111.1,30,40,100,30.0,25.3,0.0,5.0
49.4,0.0,132.2,30,40,100,0.0,40.0,0.0,5.0
0.0,16.5,62.0,30,40,100,30.0,23.5,38.0,5.0
31.9,24.2,145.5,30,40,100,0.0,15.8,0.0,2.0
0.0,23.9,85.4,30,40,100,30.0,16.1,14.6,5.0
0.0,61.3,171.7,30,40,100,30.0,0.0,0.0,5.0
31.6,116.4,0.0,30,40,100,0.0,0.0,100.0,5.0
47.0,41.4,45.4,30,40,100,0.0,0.0,54.6,2.7
30.8,27.7,67.7,30,40,100,0.0,12.3,32.3,1.6
22.7,26.0,0.0,30,40,100,7.3,14.0,100.0,5.0
17.4,41.5,0.0,30,40,100,12.6,0.0,100.0,5.0
0.0,3.1,7.9,30,40,100,30.0,36.9,92.1,5.0
5.5,41.3,150.0,30,40,100,24.5,0.0,0.0,4.1
12.8,54.6,16.5,30,40,100,17.2,0.0,83.5,4.2
56.1,44.9,7.5,30,40,100,0.0,0.0,92.5,4.6
35.7,54.9,139.4,30,40,100,0.0,0.0,0.0,0.0
0.0,53.9,0.0,30,40,100,30.0,0.0,100.0,5.0
35.2,0.0,0.0,30,40,100,0.0,40.0,100.0,5.0
15.0,62.1,44.3,30,40,100,15.0,0.0,55.7,2.8
6.7,9.4,0.0,30,40,100,23.3,30.6,100.0,5.0
43.4,0.0,0.0,30,40,100,0.0,40.0,100.0,5.0
55.3,0.0,119.7,30,40,100,0.0,40.0,0.0,5.0
52.5,53.9,144.1,30,40,100,0.0,0.0,0.0,0.0
2.1,27.5,137.1,30,40,100,27.9,12.5,0.0,4.6
17.1,0.0,162.9,30,40,100,12.9,40.0,0.0,5.0
35.4,55.7,173.6,30,40,100,0.0,0.0,0.0,0.0
53.7,0.0,0.0,30,40,100,0.0,40.0,100.0,5.0
12.3,42.1,109.8,30,40,100,17.7,0.0,0.0,2.9
20.7,46.0,30.8,30,40,100,9.3,0.0,69.2,3.5
0.0,72.1,13.2,30,40,100,30.0,0.0,86.8,5.0
0.0,108.2,118.7,30,40,100,30.0,0.0,0.0,5.0
49.1,0.0,0.0,30,40,100,0.0,40.0,100.0,5.0
64.6,34.3,0.0,30,40,100,0.0,5.7,100.0,5.0
23.9,25.3,124.6,30,40,100,6.1,14.7,0.0,1.8
54.5,53.9,112.8,30,40,100,0.0,0.0,0.0,0.0
36.3,45.1,84.5,30,40,100,0.0,0.0,15.5,0.8
7.6,22.3,2.5,30,40,100,22.4,17.7,97.5,4.9
36.2,18.7,133.5,30,40,100,0.0,21.3,0.0,2.7
69.8,0.0,128.4,30,40,100,0.0,40.0,0.0,5.0
24.9,76.2,80.4,30,40,100,5.1,0.0,19.6,1.0
70.5,54.9,0.0,30,40,100,0.0,0.0,100.0,5.0
0.0,73.4,39.2,30,40,100,30.0,0.0,60.8,5.0
49.4,24.0,141.1,30,40,100,0.0,16.0,0.0,2.0
28.4,10.0,180.5,30,40,100,1.6,30.0,0.0,3.8
17.4,0.0,47.2,30,40,100,12.6,40.0,52.8,5.0
28.6,50.9,53.4,30,40,100,1.4,0.0,46.6,2.3
0.0,0.0,60.5,30,40,100,30.0,40.0,39.5,5.0
19.7,110.8,95.7,30,40,100,10.3,0.0,4.3,1.7
36.1,0.0,26.6,30,40,100,0.0,40.0,73.4,5.0
68.0,47.5,0.0,30,40,100,0.0,0.0,100.0,5.0
11.2,99.5,169.7,30,40,100,18.8,0.0,0.0,3.1
2.9,60.6,218.2,30,40,100,27.1,0.0,0.0,4.5
11.7,43.5,24.1,30,40,100,18.3,0.0,75.9,3.8
52.0,0.0,0.0,30,40,100,0.0,40.0,100.0,5.0
35.3,0.0,62.4,30,40,100,0.0,40.0,37.6,5.0
10.9,67.4,58.4,30,40,100,19.1,0.0,41.6,3.2
40.6,97.1,153.8,30,40,100,0.0,0.0,0.0,0.0
28.7,18.8,77.9,30,40,100,1.3,21.2,22.1,2.7
53.5,0.0,9.6,30,40,100,0.0,40.0,90.4,5.0
6.0,0.0,0.0,30,40,100,24.0,40.0,100.0,5.0
16.6,0.0,143.3,30,40,100,13.4,40.0,0.0,5.0
14.8,31.9,121.8,30,40,100,15.2,8.1,0.0,2.5
0.0,100.8,159.0,30,40,100,30.0,0.0,0.0,5.0
34.4,63.5,0.0,30,40,100,0.0,0.0,100.0,5.0
33.4,48.7,221.8,30,40,100,0.0,0.0,0.0,0.0
26.1,20.3,0.0,30,40,100,3.9,19.7,100.0,5.0
19.3,13.0,130.7,30,40,100,10.7,27.0,0.0,3.4
0.0,93.0,0.0,30,40,100,30.0,0.0,100.0,5.0
14.0,44.5,9.8,30,40,100,16.0,0.0,90.2,4.5
16.2,0.0,199.4,30,40,100,13.8,40.0,0.0,5.0
3.1,9.3,140.5,30,40,100,26.9,30.7,0.0,4.5
21.4,1.9,29.4,30,40,100,8.6,38.1,70.6,4.8
37.5,14.5,31.7,30,40,100,0.0,25.5,68.3,3.4
79.7,59.1,81.6,30,40,100,0.0,0.0,18.4,0.9
30.9,32.1,115.0,30,40,100,0.0,7.9,0.0,1.0
33.3,33.4,174.4,30,40,100,0.0,6.6,0.0,0.8
23.8,89.3,36.7,30,40,100,6.2,0.0,63.3,3.2
0.0,8.4,0.0,30,40,100,30.0,31.6,100.0,5.0
25.2,111.5,86.2,30,40,100,4.8,0.0,13.8,0.8
27.7,9.4,36.6,30,40,100,2.3,30.6,63.4,3.8
96.1,40.0,0.0,30,40,100,0.0,0.0,100.0,5.0
20.5,25.1,97.5,30,40,100,9.5,14.9,2.5,1.9
34.5,41.4,56.3,30,40,100,0.0,0.0,43.7,2.2
25.0,54.3,98.2,30,40,100,5.0,0.0,1.8,0.8
0.0,53.9,1.4,30,40,100,30.0,0.0,98.6,5.0
58.5,6.1,112.7,30,40,100,0.0,33.9,0.0,4.2
47.4,0.0,0.0,30,40,100,0.0,40.0,100.0,5.0
48.5,137.2,6.7,30,40,100,0.0,0.0,93.3,4.7
0.1,17.0,53.9,30,40,100,29.9,23.0,46.1,5.0
65.9,64.6,214.0,30,40,100,0.0,0.0,0.0,0.0
0.0,0.0,136.8,30,40,100,30.0,40.0,0.0,5.0
42.7,25.2,160.4,30,40,100,0.0,14.8,0.0,1.8
88.3,31.3,187.8,30,40,100,0.0,8.7,0.0,1.1
0.0,55.5,364.0,30,40,100,30.0,0.0,0.0,5.0
9.8,0.0,76.8,30,40,100,20.2,40.0,23.2,5.0
28.8,43.1,188.0,30,40,100,1.2,0.0,0.0,0.2
11.6,0.0,155.2,30,40,100,18.4,40.0,0.0,5.0
0.0,49.5,153.8,30,40,100,30.0,0.0,0.0,5.0
27.9,0.0,216.6,30,40,100,2.1,40.0,0.0,5.0
0.0,2.0,39.7,30,40,100,30.0,38.0,60.3,5.0
39.4,25.4,33.3,30,40,100,0.0,14.6,66.7,3.3
0.0,0.0,99.3,30,40,100,30.0,40.0,0.7,5.0
70.1,17.3,58.8,30,40,100,0.0,22.7,41.2,2.8
3.6,0.0,99.2,30,40,100,26.4,40.0,0.8,5.0
16.8,0.0,199.5,30,40,100,13.2,40.0,0.0,5.0
49.1,77.4,34.9,30,40,100,0.0,0.0,65.1,3.3
0.0,0.0,48.9,30,40,100,30.0,40.0,51.1,5.0
32.4,29.3,87.6,30,40,100,0.0,10.7,12.4,1.3
63.2,66.7,55.1,30,40,100,0.0,0.0,44.9,2.2
0.0,11.7,0.0,30,40,100,30.0,28.3,100.0,5.0
31.2,3.2,26.7,30,40,100,0.0,36.8,73.3,4.6
33.4,45.6,128.9,30,40,100,0.0,0.0,0.0,0.0
48.2,81.4,189.4,30,40,100,0.0,0.0,0.0,0.0
0.0,0.0,0.0,30,40,100,30.0,40.0,100.0,5.0
0.0,30.4,0.0,30,40,100,30.0,9.6,100.0,5.0
40.8,0.0,75.9,30,40,100,0.0,40.0,24.1,5.0
34.4,20.6,0.0,30,40,100,0.0,19.4,100.0,5.0
33.1,37.8,37.6,30,40,100,0.0,2.2,62.4,3.1
35.8,2.1,0.0,30,40,100,0.0,37.9,100.0,5.0
6.6,18.1,183.9,30,40,100,23.4,21.9,0.0,3.9
32.6,0.0,11.5,30,40,100,0.0,40.0,88.5,5.0
34.3,39.5,206.8,30,40,100,0.0,0.5,0.0,0.1
5.6,78.9,163.3,30,40,100,24.4,0.0,0.0,4.1
79.1,0.0,21.4,30,40,100,0.0,40.0,78.6,5.0
39.4,11.4,0.0,30,40,100,0.0,28.6,100.0,5.0
0.0,56.7,57.9,30,40,100,30.0,0.0,42.1,5.0
44.6,85.2,65.1,30,40,100,0.0,0.0,34.9,1.7
0.0,0.0,101.4,30,40,100,30.0,40.0,0.0,5.0
48.4,29.7,10.9,30,40,100,0.0,10.3,89.1,4.5
58.9,47.8,133.7,30,40,100,0.0,0.0,0.0,0.0
2.6,32.3,94.9,30,40,100,27.4,7.7,5.1,4.6
53.4,0.0,46.0,30,40,100,0.0,40.0,54.0,5.0
37.7,56.6,16.1,30,40,100,0.0,0.0,83.9,4.2
49.4,97.6,58.6,30,40,100,0.0,0.0,41.4,2.1
80.0,41.1,7.6,30,40,100,0.0,0.0,92.4,4.6
19.0,0.0,78.2,30,40,100,11.0,40.0,21.8,5.0
4.5,15.8,80.4,30,40,100,25.5,24.2,19.6,4.2
0.6,107.7,94.6,30,40,100,29.4,0.0,5.4,4.9
2.7,73.1,215.9,30,40,100,27.3,0.0,0.0,4.6
23.8,62.2,62.8,30,40,100,6.2,0.0,37.2,1.9
35.7,50.8,154.5,30,40,100,0.0,0.0,0.0,0.0
33.8,9.8,92.0,30,40,100,0.0,30.2,8.0,3.8
49.5,28.4,54.3,30,40,100,0.0,11.6,45.7,2.3
26.3,33.3,63.9,30,40,100,3.7,6.7,36.1,1.8
67.3,58.6,68.8,30,40,100,0.0,0.0,31.2,1.6
18.4,97.2,96.1,30,40,100,11.6,0.0,3.9,1.9
103.4,81.5,0.0,30,40,100,0.0,0.0,100.0,5.0
43.8,0.0,0.0,30,40,100,0.0,40.0,100.0,5.0
1.5,45.5,126.3,30,40,100,28.5,0.0,0.0,4.8
0.0,66.1,145.9,30,40,100,30.0,0.0,0.0,5.0
39.7,61.4,133.6,30,40,100,0.0,0.0,0.0,0.0
19.6,11.1,86.0,30,40,100,10.4,28.9,14.0,3.6
46.3,153.7,135.4,30,40,100,0.0,0.0,0.0,0.0
39.4,0.0,131.0,30,40,100,0.0,40.0,0.0,5.0
23.9,0.0,137.0,30,40,100,6.1,40.0,0.0,5.0
1.8,45.8,4.2,30,40,100,28.2,0.0,95.8,4.8
0.0,121.6,0.0,30,40,100,30.0,0.0,100.0,5.0
13.2,2.8,42.2,30,40,100,16.8,37.2,57.8,4.6
50.3,25.7,72.1,30,40,100,0.0,14.3,27.9,1.8
32.0,79.8,54.0,30,40,100,0.0,0.0,46.0,2.3
0.0,35.7,0.0,30,40,100,30.0,4.3,100.0,5.0
30.9,23.0,212.3,30,40,100,0.0,17.0,0.0,2.1
36.9,59.2,51.4,30,40,100,0.0,0.0,48.6,2.4
0.8,47.4,87.4,30,40,100,29.2,0.0,12.6,4.9
30.3,77.9,173.9,30,40,100,0.0,0.0,0.0,0.0
27.6,88.4,0.0,30,40,100,2.4,0.0,100.0,5.0
0.0,48.8,32.2,30,40,100,30.0,0.0,67.8,5.0
36.1,48.2,42.3,30,40,100,0.0,0.0,57.7,2.9
41.9,45.1,46.4,30,40,100,0.0,0.0,53.6,2.7
56.8,56.1,59.5,30,40,100,0.0,0.0,40.5,2.0
56.0,38.7,190.2,30,40,100,0.0,1.3,0.0,0.2
0.0,36.4,127.8,30,40,100,30.0,3.6,0.0,5.0
0.0,84.6,150.8,30,40,100,30.0,0.0,0.0,5.0
40.6,97.5,77.3,30,40,100,0.0,0.0,22.7,1.1
40.6,0.0,0.0,30,40,100,0.0,40.0,100.0,5.0
40.6,36.9,0.0,30,40,100,0.0,3.1,100.0,5.0
135.7,8.7,0.0,30,40,100,0.0,31.3,100.0,5.0
42.2,23.9,102.5,30,40,100,0.0,16.1,0.0,2.0
58.3,52.6,76.1,30,40,100,0.0,0.0,23.9,1.2
53.1,63.4,56.5,30,40,100,0.0,0.0,43.5,2.2
44.5,31.9,43.8,30,40,100,0.0,8.1,56.2,2.8
17.0,0.0,235.7,30,40,100,13.0,40.0,0.0,5.0
47.6,0.0,7.1,30,40,100,0.0,40.0,92.9,5.0
3.9,72.5,148.3,30,40,100,26.1,0.0,0.0,4.4
19.2,0.0,73.6,30,40,100,10.8,40.0,26.4,5.0
12.1,84.2,68.6,30,40,100,17.9,0.0,31.4,3.0
28.3,57.4,168.4,30,40,100,1.7,0.0,0.0,0.3
91.9,89.4,191.4,30,40,100,0.0,0.0,0.0,0.0
0.0,28.5,54.2,30,40,100,30.0,11.5,45.8,5.0
45.5,0.0,137.9,30,40,100,0.0,40.0,0.0,5.0
0.0,53.8,102.8,30,40,100,30.0,0.0,0.0,5.0
12.5,87.7,74.1,30,40,100,17.5,0.0,25.9,2.9
57.0,73.7,90.0,30,40,100,0.0,0.0,10.0,0.5
27.8,9.8,18.0,30,40,100,2.2,30.2,82.0,4.1
0.0,39.9,48.8,30,40,100,30.0,0.1,51.2,5.0
5.6,15.0,26.7,30,40,100,24.4,25.0,73.3,4.1
45.3,3.5,146.2,30,40,100,0.0,36.5,0.0,4.6
5.2,74.9,65.8,30,40,100,24.8,0.0,34.2,4.1
32.1,0.0,0.0,30,40,100,0.0,40.0,100.0,5.0
27.2,0.5,15.2,30,40,100,2.8,39.5,84.8,4.9
7.4,0.0,0.0,30,40,100,22.6,40.0,100.0,5.0
87.0,0.0,33.6,30,40,100,0.0,40.0,66.4,5.0
44.0,42.3,76.5,30,40,100,0.0,0.0,23.5,1.2
0.0,83.2,62.5,30,40,100,30.0,0.0,37.5,5.0
31.3,29.0,233.2,30,40,100,0.0,11.0,0.0,1.4
7.1,0.0,119.9,30,40,100,22.9,40.0,0.0,5.0
50.2,70.3,116.3,30,40,100,0.0,0.0,0.0,0.0
3.4,104.3,0.0,30,40,100,26.6,0.0,100.0,5.0
22.7,10.4,44.1,30,40,100,7.3,29.6,55.9,3.7
40.3,17.2,34.2,30,40,100,0.0,22.8,65.8,3.3
50.6,57.2,10.1,30,40,100,0.0,0.0,89.9,4.5
0.0,101.7,9.0,30,40,100,30.0,0.0,91.0,5.0
16.4,15.5,0.0,30,40,100,13.6,24.5,100.0,5.0
12.4,0.0,0.0,30,40,100,17.6,40.0,100.0,5.0
7.3,61.9,144.0,30,40,100,22.7,0.0,0.0,3.8
76.2,68.6,62.0,30,40,100,0.0,0.0,38.0,1.9
37.5,36.7,32.7,30,40,100,0.0,3.3,67.3,3.4
0.0,14.0,73.1,30,40,100,30.0,26.0,26.9,5.0
52.1,76.5,167.6,30,40,100,0.0,0.0,0.0,0.0
86.4,57.7,73.8,30,40,100,0.0,0.0,26.2,1.3
55.4,5.5,117.1,30,40,100,0.0,34.5,0.0,4.3
0.0,38.4,5.2,30,40,100,30.0,1.6,94.8,5.0
12.2,0.0,23.6,30,40,100,17.8,40.0,76.4,5.0
62.0,64.1,102.0,30,40,100,0.0,0.0,0.0,0.0
5.8,25.9,226.1,30,40,100,24.2,14.1,0.0,4.0
38.6,18.9,188.8,30,40,100,0.0,21.1,0.0,2.6
48.0,35.1,120.5,30,40,100,0.0,4.9,0.0,0.6
0.0,38.1,85.7,30,40,100,30.0,1.9,14.3,5.0
24.3,72.5,186.5,30,40,100,5.7,0.0,0.0,0.9
0.0,60.2,137.6,30,40,100,30.0,0.0,0.0,5.0
0.0,30.2,0.0,30,40,100,30.0,9.8,100.0,5.0
18.8,67.2,0.0,30,40,100,11.2,0.0,100.0,5.0
0.0,52.6,100.8,30,40,100,30.0,0.0,0.0,5.0
72.4,19.3,0.0,30,40,100,0.0,20.7,100.0,5.0
0.0,31.4,1.1,30,40,100,30.0,8.6,98.9,5.0
13.4,30.5,17.1,30,40,100,16.6,9.5,82.9,4.1
29.7,56.8,52.8,30,40,100,0.3,0.0,47.2,2.4
67.0,21.7,50.3,30,40,100,0.0,18.3,49.7,2.5
0.0,20.7,50.2,30,40,100,30.0,19.3,49.8,5.0
59.1,115.7,140.1,30,40,100,0.0,0.0,0.0,0.0
26.2,74.3,52.1,30,40,100,3.8,0.0,47.9,2.4
0.0,5.8,42.5,30,40,100,30.0,34.2,57.5,5.0
39.1,59.4,0.0,30,40,100,0.0,0.0,100.0,5.0
31.6,41.2,156.1,30,40,100,0.0,0.0,0.0,0.0
8.9,52.2,19.3,30,40,100,21.1,0.0,80.7,4.0
27.9,42.0,0.0,30,40,100,2.1,0.0,100.0,5.0
15.0,84.3,90.7,30,40,100,15.0,0.0,9.3,2.5
29.2,50.4,11.6,30,40,100,0.8,0.0,88.4,4.4
44.8,33.9,31.1,30,40,100,0.0,6.1,68.9,3.4
71.1,78.4,94.3,30,40,100,0.0,0.0,5.7,0.3
0.0,45.8,47.2,30,40,100,30.0,0.0,52.8,5.0
86.7,41.3,259.9,30,40,100,0.0,0.0,0.0,0.0
0.0,49.1,67.5,30,40,100,30.0,0.0,32.5,5.0
21.6,32.7,123.3,30,40,100,8.4,7.3,0.0,1.4
42.7,36.8,0.0,30,40,100,0.0,3.2,100.0,5.0
34.0,12.8,4.1,30,40,100,0.0,27.2,95.9,4.8
8.2,6.2,0.0,30,40,100,21.8,33.8,100.0,5.0
20.0,0.0,0.0,30,40,100,10.0,40.0,100.0,5.0
11.9,0.0,107.0,30,40,100,18.1,40.0,0.0,5.0
9.2,1.0,157.0,30,40,100,20.8,39.0,0.0,4.9
50.1,29.4,101.3,30,40,100,0.0,10.6,0.0,1.3
36.1,40.6,55.2,30,40,100,0.0,0.0,44.8,2.2
6.2,25.5,22.6,30,40,100,23.8,14.5,77.4,4.0
51.6,0.0,163.3,30,40,100,0.0,40.0,0.0,5.0
34.7,99.8,240.5,30,40,100,0.0,0.0,0.0,0.0
49.1,80.2,84.4,30,40,100,0.0,0.0,15.6,0.8
43.9,54.4,149.3,30,40,100,0.0,0.0,0.0,0.0
2.3,113.2,101.2,30,40,100,27.7,0.0,0.0,4.6
10.0,0.0,134.4,30,40,100,20.0,40.0,0.0,5.0
47.2,112.4,0.0,30,40,100,0.0,0.0,100.0,5.0
43.3,0.0,34.1,30,40,100,0.0,40.0,65.9,5.0
25.4,46.1,105.4,30,40,100,4.6,0.0,0.0,0.8
29.3,0.0,171.3,30,40,100,0.7,40.0,0.0,5.0
62.3,37.0,7.5,30,40,100,0.0,3.0,92.5,4.6
9.1,52.0,0.0,30,40,100,20.9,0.0,100.0,5.0
41.5,30.2,33.3,30,40,100,0.0,9.8,66.7,3.3
20.2,65.2,155.0,30,40,100,9.8,0.0,0.0,1.6
19.8,40.4,0.0,30,40,100,10.2,0.0,100.0,5.0
57.2,15.4,0.0,30,40,100,0.0,24.6,100.0,5.0
49.5,13.6,86.1,30,40,100,0.0,26.4,13.9,3.3
49.1,69.1,64.1,30,40,100,0.0,0.0,35.9,1.8
63.1,10.1,121.4,30,40,100,0.0,29.9,0.0,3.7
26.5,73.3,0.0,30,40,100,3.5,0.0,100.0,5.0
45.4,85.7,47.3,30,40,100,0.0,0.0,52.7,2.6
17.1,0.0,169.9,30,40,100,12.9,40.0,0.0,5.0
35.2,82.0,0.0,30,40,100,0.0,0.0,100.0,5.0
22.2,119.4,192.6,30,40,100,7.8,0.0,0.0,1.3
28.7,46.6,0.0,30,40,100,1.3,0.0,100.0,5.0
42.9,60.6,142.0,30,40,100,0.0,0.0,0.0,0.0
2.7,78.2,43.4,30,40,100,27.3,0.0,56.6,4.6
85.5,25.4,0.0,30,40,100,0.0,14.6,100.0,5.0
0.0,43.8,33.4,30,40,100,30.0,0.0,66.6,5.0
0.0,0.0,117.4,30,40,100,30.0,40.0,0.0,5.0
58.9,42.0,72.9,30,40,100,0.0,0.0,27.1,1.4
48.5,56.5,163.7,30,40,100,0.0,0.0,0.0,0.0
43.7,57.2,189.3,30,40,100,0.0,0.0,0.0,0.0
43.8,79.3,0.0,30,40,100,0.0,0.0,100.0,5.0
25.6,5.3,0.0,30,40,100,4.4,34.7,100.0,5.0
0.4,15.0,0.0,30,40,100,29.6,25.0,100.0,5.0
28.1,112.7,1.0,30,40,100,1.9,0.0,99.0,5.0
6.7,30.4,162.5,30,40,100,23.3,9.6,0.0,3.9
53.7,44.5,118.7,30,40,100,0.0,0.0,0.0,0.0
21.8,33.8,29.5,30,40,100,8.2,6.2,70.5,3.5
2.4,3.4,72.6,30,40,100,27.6,36.6,27.4,4.6
16.8,101.8,186.7,30,40,100,13.2,0.0,0.0,2.2
37.7,15.2,227.4,30,40,100,0.0,24.8,0.0,3.1
9.9,0.0,94.4,30,40,100,20.1,40.0,5.6,5.0
2.5,18.3,0.0,30,40,100,27.5,21.7,100.0,5.0
32.9,0.0,97.5,30,40,100,0.0,40.0,2.5,5.0
32.9,10.2,148.9,30,40,100,0.0,29.8,0.0,3.7
11.5,0.0,91.6,30,40,100,18.5,40.0,8.4,5.0
12.5,61.3,132.1,30,40,100,17.5,0.0,0.0,2.9
32.6,9.3,102.3,30,40,100,0.0,30.7,0.0,3.8
0.0,72.2,0.0,30,40,100,30.0,0.0,100.0,5.0
0.0,92.7,2.0,30,40,100,30.0,0.0,98.0,5.0
5.5,67.9,47.6,30,40,100,24.5,0.0,52.4,4.1
19.9,27.8,159.4,30,40,100,10.1,12.2,0.0,1.7
34.8,42.1,11.7,30,40,100,0.0,0.0,88.3,4.4
68.0,0.0,110.3,30,40,100,0.0,40.0,0.0,5.0
50.4,31.1,98.0,30,40,100,0.0,8.9,2.0,1.1
21.4,1.8,201.4,30,40,100,8.6,38.2,0.0,4.8
25.4,64.4,70.1,30,40,100,4.6,0.0,29.9,1.5
0.0,140.0,0.0,30,40,100,30.0,0.0,100.0,5.0
25.4,56.6,125.7,30,40,100,4.6,0.0,0.0,0.8
17.7,0.0,245.9,30,40,100,12.3,40.0,0.0,5.0
35.1,21.9,130.9,30,40,100,0.0,18.1,0.0,2.3
2.4,41.4,10.0,30,40,100,27.6,0.0,90.0,4.6
40.7,40.0,0.0,30,40,100,0.0,0.0,100.0,5.0
69.6,7.0,0.0,30,40,100,0.0,33.0,100.0,5.0
22.9,46.3,235.1,30,40,100,7.1,0.0,0.0,1.2
37.4,0.0,47.1,30,40,100,0.0,40.0,52.9,5.0
45.6,0.0,20.1,30,40,100,0.0,40.0,79.9,5.0
14.5,62.4,60.7,30,40,100,15.5,0.0,39.3,2.6
32.3,0.0,47.9,30,40,100,0.0,40.0,52.1,5.0
26.3,58.1,199.9,30,40,100,3.7,0.0,0.0,0.6
28.7,0.0,0.0,30,40,100,1.3,40.0,100.0,5.0
3.9,107.5,168.7,30,40,100,26.1,0.0,0.0,4.4
26.6,5.3,83.3,30,40,100,3.4,34.7,16.7,4.3
40.1,27.4,170.8,30,40,100,0.0,12.6,0.0,1.6
67.3,49.8,201.1,30,40,100,0.0,0.0,0.0,0.0
53.3,13.7,80.3,30,40,100,0.0,26.3,19.7,3.3
87.3,42.2,48.1,30,40,100,0.0,0.0,51.9,2.6
4.1,59.6,78.8,30,40,100,25.9,0.0,21.2,4.3
50.8,75.1,65.9,30,40,100,0.0,0.0,34.1,1.7
31.2,68.3,0.0,30,40,100,0.0,0.0,100.0,5.0
88.3,29.5,198.7,30,40,100,0.0,10.5,0.0,1.3
2.9,30.5,93.3,30,40,100,27.1,9.5,6.7,4.5
2.0,131.0,0.0,30,40,100,28.0,0.0,100.0,5.0
8.9,74.7,0.0,30,40,100,21.1,0.0,100.0,5.0
0.0,0.0,0.0,30,40,100,30.0,40.0,100.0,5.0
11.0,40.5,135.6,30,40,100,19.0,0.0,0.0,3.2
4.3,23.0,23.6,30,40,100,25.7,17.0,76.4,4.3
30.2,31.0,36.8,30,40,100,0.0,9.0,63.2,3.2
35.7,0.0,112.9,30,40,100,0.0,40.0,0.0,5.0
79.4,19.9,31.9,30,40,100,0.0,20.1,68.1,3.4
53.0,109.4,117.6,30,40,100,0.0,0.0,0.0,0.0
9.5,59.8,81.2,30,40,100,20.5,0.0,18.8,3.4
0.4,0.0,66.7,30,40,100,29.6,40.0,33.3,5.0
40.0,85.4,0.0,30,40,100,0.0,0.0,100.0,5.0
0.0,80.3,7.4,30,40,100,30.0,0.0,92.6,5.0
78.1,22.0,122.1,30,40,100,0.0,18.0,0.0,2.2
59.5,65.3,18.5,30,40,100,0.0,0.0,81.5,4.1
12.6,1.9,170.7,30,40,100,17.4,38.1,0.0,4.8
0.0,17.5,262.7,30,40,100,30.0,22.5,0.0,5.0
64.5,96.8,126.4,30,40,100,0.0,0.0,0.0,0.0
22.7,25.5,193.9,30,40,100,7.3,14.5,0.0,1.8
61.2,0.0,131.6,30,40,100,0.0,40.0,0.0,5.0
0.0,33.9,30.4,30,40,100,30.0,6.1,69.6,5.0
8.9,33.3,89.6,30,40,100,21.1,6.7,10.4,3.5
26.1,84.7,235.9,30,40,100,3.9,0.0,0.0,0.6
27.3,37.0,31.3,30,40,100,2.7,3.0,68.7,3.4
13.1,19.5,0.0,30,40,100,16.9,20.5,100.0,5.0
43.7,78.5,0.0,30,40,100,0.0,0.0,100.0,5.0
0.0,41.3,56.0,30,40,100,30.0,0.0,44.0,5.0
21.9,6.3,0.0,30,40,100,8.1,33.7,100.0,5.0
29.4,82.9,208.5,30,40,100,0.6,0.0,0.0,0.1
40.6,44.2,90.9,30,40,100,0.0,0.0,9.1,0.5
46.2,36.6,151.9,30,40,100,0.0,3.4,0.0,0.4
0.0,43.6,49.4,30,40,100,30.0,0.0,50.6,5.0
0.0,0.0,0.0,30,40,100,30.0,40.0,100.0,5.0
62.3,15.2,0.0,30,40,100,0.0,24.8,100.0,5.0
35.4,36.6,0.3,30,40,100,0.0,3.4,99.7,5.0
4.6,28.6,101.5,30,40,100,25.4,11.4,0.0,4.2
70.1,87.7,115.4,30,40,100,0.0,0.0,0.0,0.0
29.2,45.2,122.1,30,40,100,0.8,0.0,0.0,0.1
59.5,70.9,0.0,30,40,100,0.0,0.0,100.0,5.0
27.9,36.8,73.5,30,40,100,2.1,3.2,26.5,1.3
84.6,79.0,0.0,30,40,100,0.0,0.0,100.0,5.0
75.9,52.4,105.9,30,40,100,0.0,0.0,0.0,0.0
18.9,37.0,112.1,30,40,100,11.1,3.0,0.0,1.9
53.6,35.9,0.0,30,40,100,0.0,4.1,100.0,5.0
44.3,0.0,151.6,30,40,100,0.0,40.0,0.0,5.0
64.9,56.8,262.1,30,40,100,0.0,0.0,0.0,0.0
0.0,34.8,140.8,30,40,100,30.0,5.2,0.0,5.0
45.5,16.2,60.4,30,40,100,0.0,23.8,39.6,3.0
56.1,81.0,48.0,30,40,100,0.0,0.0,52.0,2.6
0.0,0.0,56.6,30,40,100,30.0,40.0,43.4,5.0
0.0,19.4,12.1,30,40,100,30.0,20.6,87.9,5.0
0.0,77.8,93.9,30,40,100,30.0,0.0,6.1,5.0
18.3,49.1,0.0,30,40,100,11.7,0.0,100.0,5.0
46.4,34.5,0.0,30,40,100,0.0,5.5,100.0,5.0
68.7,46.5,91.2,30,40,100,0.0,0.0,8.8,0.4
28.1,43.7,75.2,30,40,100,1.9,0.0,24.8,1.2
72.3,0.0,27.4,30,40,100,0.0,40.0,72.6,5.0
0.0,22.4,0.0,30,40,100,30.0,17.6,100.0,5.0
0.0,101.5,96.9,30,40,100,30.0,0.0,3.1,5.0
24.4,9.9,0.0,30,40,100,5.6,30.1,100.0,5.0
36.9,23.6,62.3,30,40,100,0.0,16.4,37.7,2.0
25.0,14.6,215.8,30,40,100,5.0,25.4,0.0,3.2
0.0,32.9,126.0,30,40,100,30.0,7.1,0.0,5.0
23.4,13.0,0.0,30,40,100,6.6,27.0,100.0,5.0
0.0,56.0,0.0,30,40,100,30.0,0.0,100.0,5.0
45.0,44.4,85.7,30,40,100,0.0,0.0,14.3,0.7
36.4,67.6,0.0,30,40,100,0.0,0.0,100.0,5.0
0.0,0.0,0.0,30,40,100,30.0,40.0,100.0,5.0
11.3,22.8,116.4,30,40,100,18.7,17.2,0.0,3.1
0.0,27.4,99.4,30,40,100,30.0,12.6,0.6,5.0
24.2,54.8,109.8,30,40,100,5.8,0.0,0.0,1.0
53.2,4.5,94.7,30,40,100,0.0,35.5,5.3,4.4
0.0,73.3,68.2,30,40,100,30.0,0.0,31.8,5.0
40.3,84.2,20.1,30,40,100,0.0,0.0,79.9,4.0
10.9,0.0,115.1,30,40,100,19.1,40.0,0.0,5.0
3.4,16.7,196.9,30,40,100,26.6,23.3,0.0,4.4
22.9,15.0,33.1,30,40,100,7.1,25.0,66.9,3.3
0.0,142.4,0.0,30,40,100,30.0,0.0,100.0,5.0
10.2,19.1,0.0,30,40,100,19.8,20.9,100.0,5.0
0.0,104.0,3.6,30,40,100,30.0,0.0,96.4,5.0
81.9,0.0,89.8,30,40,100,0.0,40.0,10.2,5.0
27.0,0.0,0.0,30,40,100,3.0,40.0,100.0,5.0
6.0,8.8,108.9,30,40,100,24.0,31.2,0.0,4.0
32.0,2.4,125.4,30,40,100,0.0,37.6,0.0,4.7
22.8,25.7,0.0,30,40,100,7.2,14.3,100.0,5.0
19.7,7.9,0.0,30,40,100,10.3,32.1,100.0,5.0
43.4,3.5,79.9,30,40,100,0.0,36.5,20.1,4.6
47.5,83.1,61.9,30,40,100,0.0,0.0,38.1,1.9
10.8,85.7,115.4,30,40,100,19.2,0.0,0.0,3.2
9.6,74.7,62.1,30,40,100,20.4,0.0,37.9,3.4
18.1,57.5,175.5,30,40,100,11.9,0.0,0.0,2.0
0.0,40.2,47.6,30,40,100,30.0,0.0,52.4,5.0
0.0,16.4,0.0,30,40,100,30.0,23.6,100.0,5.0
64.9,0.0,0.0,30,40,100,0.0,40.0,100.0,5.0
72.8,51.1,132.8,30,40,100,0.0,0.0,0.0,0.0
18.9,0.0,75.9,30,40,100,11.1,40.0,24.1,5.0
42.4,0.0,124.6,30,40,100,0.0,40.0,0.0,5.0
34.8,82.8,122.9,30,40,100,0.0,0.0,0.0,0.0
113.6,112.9,0.0,30,40,100,0.0,0.0,100.0,5.0
57.8,52.3,0.0,30,40,100,0.0,0.0,100.0,5.0
22.3,81.0,0.0,30,40,100,7.7,0.0,100.0,5.0
0.0,26.6,7.7,30,40,100,30.0,13.4,92.3,5.0
0.0,0.0,39.6,30,40,100,30.0,40.0,60.4,5.0
31.7,61.1,154.1,30,40,100,0.0,0.0,0.0,0.0
4.4,59.4,170.1,30,40,100,25.6,0.0,0.0,4.3
0.0,39.3,49.9,30,40,100,30.0,0.7,50.1,5.0
7.5,26.7,53.2,30,40,100,22.5,13.3,46.8,3.8
0.0,75.2,16.6,30,40,100,30.0,0.0,83.4,5.0
74.0,0.0,80.7,30,40,100,0.0,40.0,19.3,5.0
51.1,5.3,89.8,30,40,100,0.0,34.7,10.2,4.3
25.7,0.0,138.5,30,40,100,4.3,40.0,0.0,5.0
68.1,39.9,137.9,30,40,100,0.0,0.1,0.0,0.0
28.2,0.0,0.0,30,40,100,1.8,40.0,100.0,5.0
1.4,8.9,61.2,30,40,100,28.6,31.1,38.8,4.8
69.3,8.0,185.1,30,40,100,0.0,32.0,0.0,4.0
41.3,26.0,38.2,30,40,100,0.0,14.0,61.8,3.1
0.0,0.0,165.4,30,40,100,30.0,40.0,0.0,5.0
20.5,40.0,48.8,30,40,100,9.5,0.0,51.2,2.6
1.0,86.6,87.6,30,40,100,29.0,0.0,12.4,4.8
0.0,41.9,0.0,30,40,100,30.0,0.0,100.0,5.0
52.3,98.5,0.0,30,40,100,0.0,0.0,100.0,5.0
80.3,90.1,132.0,30,40,100,0.0,0.0,0.0,0.0
0.0,67.7,144.6,30,40,100,30.0,0.0,0.0,5.0
42.0,39.5,75.6,30,40,100,0.0,0.5,24.4,1.2
7.4,37.4,0.0,30,40,100,22.6,2.6,100.0,5.0
12.1,67.2,77.0,30,40,100,17.9,0.0,23.0,3.0
9.1,20.7,174.9,30,40,100,20.9,19.3,0.0,3.5
1.3,0.0,214.0,30,40,100,28.7,40.0,0.0,5.0
27.3,56.2,48.0,30,40,100,2.7,0.0,52.0,2.6
2.3,0.0,0.0,30,40,100,27.7,40.0,100.0,5.0
33.7,0.0,141.3,30,40,100,0.0,40.0,0.0,5.0
24.5,36.5,51.2,30,40,100,5.5,3.5,48.8,2.4
19.1,32.6,149.5,30,40,100,10.9,7.4,0.0,1.8
0.1,0.0,96.2,30,40,100,29.9,40.0,3.8,5.0
9.5,43.1,2.3,30,40,100,20.5,0.0,97.7,4.9
47.5,75.3,78.2,30,40,100,0.0,0.0,21.8,1.1
40.2,0.0,179.0,30,40,100,0.0,40.0,0.0,5.0
0.0,87.7,61.5,30,40,100,30.0,0.0,38.5,5.0
28.8,0.0,0.0,30,40,100,1.2,40.0,100.0,5.0
47.3,121.7,0.0,30,40,100,0.0,0.0,100.0,5.0
0.0,19.9,11.2,30,40,100,30.0,20.1,88.8,5.0
41.4,42.3,40.4,30,40,100,0.0,0.0,59.6,3.0
7.1,0.0,139.6,30,40,100,22.9,40.0,0.0,5.0
42.2,33.9,0.0,30,40,100,0.0,6.1,100.0,5.0
4.2,45.6,198.8,30,40,100,25.8,0.0,0.0,4.3
0.0,33.0,0.0,30,40,100,30.0,7.0,100.0,5.0
0.0,13.8,261.5,30,40,100,30.0,26.2,0.0,5.0
27.3,0.0,212.6,30,40,100,2.7,40.0,0.0,5.0
33.3,81.9,84.9,30,40,100,0.0,0.0,15.1,0.8
0.2,37.7,0.0,30,40,100,29.8,2.3,100.0,5.0
44.1,98.5,69.0,30,40,100,0.0,0.0,31.0,1.6
0.0,15.3,42.3,30,40,100,30.0,24.7,57.7,5.0
24.1,18.9,0.0,30,40,100,5.9,21.1,100.0,5.0
0.0,69.3,97.0,30,40,100,30.0,0.0,3.0,5.0
7.4,0.0,7.1,30,40,100,22.6,40.0,92.9,5.0
27.3,0.0,15.8,30,40,100,2.7,40.0,84.2,5.0
1.4,80.6,57.1,30,40,100,28.6,0.0,42.9,4.8
15.0,0.0,27.1,30,40,100,15.0,40.0,72.9,5.0
54.6,0.0,241.1,30,40,100,0.0,40.0,0.0,5.0
9.5,111.6,30.3,30,40,100,20.5,0.0,69.7,3.5
49.8,0.0,109.1,30,40,100,0.0,40.0,0.0,5.0
0.0,43.9,85.2,30,40,100,30.0,0.0,14.8,5.0
41.0,39.2,101.9,30,40,100,0.0,0.8,0.0,0.1
67.0,0.0,108.1,30,40,100,0.0,40.0,0.0,5.0
0.0,25.7,144.6,30,40,100,30.0,14.3,0.0,5.0
3.3,54.5,95.0,30,40,100,26.7,0.0,5.0,4.4
42.4,50.7,91.6,30,40,100,0.0,0.0,8.4,0.4
20.2,72.8,78.2,30,40,100,9.8,0.0,21.8,1.6
36.5,20.9,62.3,30,40,100,0.0,19.1,37.7,2.4
8.8,65.1,0.0,30,40,100,21.2,0.0,100.0,5.0
28.4,8.7,68.6,30,40,100,1.6,31.3,31.4,3.9
21.5,0.0,93.0,30,40,100,8.5,40.0,7.0,5.0
59.2,0.0,105.9,30,40,100,0.0,40.0,0.0,5.0
33.2,0.0,88.0,30,40,100,0.0,40.0,12.0,5.0
35.6,77.1,54.7,30,40,100,0.0,0.0,45.3,2.3
14.2,0.0,68.9,30,40,100,15.8,40.0,31.1,5.0
12.1,47.5,28.8,30,40,100,17.9,0.0,71.2,3.6
13.6,25.7,98.8,30,40,100,16.4,14.3,1.2,2.7
37.2,32.3,55.7,30,40,100,0.0,7.7,44.3,2.2
14.0,91.3,88.1,30,40,100,16.0,0.0,11.9,2.7
34.2,18.8,154.2,30,40,100,0.0,21.2,0.0,2.7
85.1,61.1,16.3,30,40,100,0.0,0.0,83.7,4.2
50.8,38.0,121.6,30,40,100,0.0,2.0,0.0,0.2
16.7,30.3,76.2,30,40,100,13.3,9.7,23.8,2.2
60.2,129.0,236.5,30,40,100,0.0,0.0,0.0,0.0
14.3,0.0,56.1,30,40,100,15.7,40.0,43.9,5.0
0.0,88.3,129.6,30,40,100,30.0,0.0,0.0,5.0
0.0,62.9,74.7,30,40,100,30.0,0.0,25.3,5.0
0.0,17.1,0.0,30,40,100,30.0,22.9,100.0,5.0
15.9,102.0,31.5,30,40,100,14.1,0.0,68.5,3.4
26.5,0.0,144.5,30,40,100,3.5,40.0,0.0,5.0
73.7,15.4,38.6,30,40,100,0.0,24.6,61.4,3.1
35.3,0.0,0.0,30,40,100,0.0,40.0,100.0,5.0
19.7,53.0,71.0,30,40,100,10.3,0.0,29.0,1.7
49.6,0.0,0.0,30,40,100,0.0,40.0,100.0,5.0
0.0,53.9,84.1,30,40,100,30.0,0.0,15.9,5.0
32.7,28.9,198.6,30,40,100,0.0,11.1,0.0,1.4
47.9,17.2,135.5,30,40,100,0.0,22.8,0.0,2.9
0.0,52.1,197.4,30,40,100,30.0,0.0,0.0,5.0
58.5,25.6,28.2,30,40,100,0.0,14.4,71.8,3.6
35.6,0.0,61.9,30,40,100,0.0,40.0,38.1,5.0
14.1,149.2,0.0,30,40,100,15.9,0.0,100.0,5.0
44.0,16.8,18.3,30,40,100,0.0,23.2,81.7,4.1
90.6,0.0,0.0,30,40,100,0.0,40.0,100.0,5.0
31.1,2.6,0.0,30,40,100,0.0,37.4,100.0,5.0
33.0,0.0,183.6,30,40,100,0.0,40.0,0.0,5.0
12.9,69.7,0.0,30,40,100,17.1,0.0,100.0,5.0
1.7,49.4,184.0,30,40,100,28.3,0.0,0.0,4.7
49.6,52.5,174.0,30,40,100,0.0,0.0,0.0,0.0
1.6,21.6,113.8,30,40,100,28.4,18.4,0.0,4.7
28.0,25.2,0.0,30,40,100,2.0,14.8,100.0,5.0
12.3,21.5,0.0,30,40,100,17.7,18.5,100.0,5.0
39.6,33.2,29.3,30,40,100,0.0,6.8,70.7,3.5
35.5,70.1,123.9,30,40,100,0.0,0.0,0.0,0.0
55.5,50.0,73.7,30,40,100,0.0,0.0,26.3,1.3
11.4,56.6,0.0,30,40,100,18.6,0.0,100.0,5.0
18.3,56.6,166.1,30,40,100,11.7,0.0,0.0,1.9
0.0,72.0,209.3,30,40,100,30.0,0.0,0.0,5.0
13.3,48.0,55.2,30,40,100,16.7,0.0,44.8,2.8
36.7,50.9,82.3,30,40,100,0.0,0.0,17.7,0.9
47.5,84.3,0.0,30,40,100,0.0,0.0,100.0,5.0
0.0,9.7,40.1,30,40,100,30.0,30.3,59.9,5.0
50.7,2.0,114.7,30,40,100,0.0,38.0,0.0,4.8
64.6,0.0,102.1,30,40,100,0.0,40.0,0.0,5.0
37.7,43.8,32.6,30,40,100,0.0,0.0,67.4,3.4
79.4,0.0,51.4,30,40,100,0.0,40.0,48.6,5.0
3.9,55.0,37.4,30,40,100,26.1,0.0,62.6,4.4
0.0,32.1,51.0,30,40,100,30.0,7.9,49.0,5.0
0.0,82.1,107.6,30,40,100,30.0,0.0,0.0,5.0
68.6,9.4,0.0,30,40,100,0.0,30.6,100.0,5.0
44.6,28.3,67.5,30,40,100,0.0,11.7,32.5,1.6
24.4,81.6,101.7,30,40,100,5.6,0.0,0.0,0.9
33.9,92.1,27.5,30,40,100,0.0,0.0,72.5,3.6
0.0,9.1,34.8,30,40,100,30.0,30.9,65.2,5.0
95.6,43.8,37.2,30,40,100,0.0,0.0,62.8,3.1
29.6,48.3,34.9,30,40,100,0.4,0.0,65.1,3.3
29.1,51.5,74.0,30,40,100,0.9,0.0,26.0,1.3
46.6,25.9,83.9,30,40,100,0.0,14.1,16.1,1.8
39.6,88.0,0.0,30,40,100,0.0,0.0,100.0,5.0
32.3,0.0,126.1,30,40,100,0.0,40.0,0.0,5.0
3.4,19.5,50.1,30,40,100,26.6,20.5,49.9,4.4
39.4,54.5,229.4,30,40,100,0.0,0.0,0.0,0.0
79.5,54.8,0.0,30,40,100,0.0,0.0,100.0,5.0
64.3,90.9,3.6,30,40,100,0.0,0.0,96.4,4.8
71.3,84.7,57.1,30,40,100,0.0,0.0,42.9,2.1
11.4,25.0,106.8,30,40,100,18.6,15.0,0.0,3.1
0.0,88.8,0.0,30,40,100,30.0,0.0,100.0,5.0
22.4,7.7,6.6,30,40,100,7.6,32.3,93.4,4.7
27.5,73.9,121.2,30,40,100,2.5,0.0,0.0,0.4
57.1,109.3,0.0,30,40,100,0.0,0.0,100.0,5.0
0.0,85.3,184.0,30,40,100,30.0,0.0,0.0,5.0
69.5,40.7,36.9,30,40,100,0.0,0.0,63.1,3.2
21.5,23.1,1.0,30,40,100,8.5,16.9,99.0,5.0
13.8,0.0,122.7,30,40,100,16.2,40.0,0.0,5.0
0.0,48.9,203.1,30,40,100,30.0,0.0,0.0,5.0
0.0,0.0,107.1,30,40,100,30.0,40.0,0.0,5.0
49.4,4.5,175.1,30,40,100,0.0,35.5,0.0,4.4
28.0,0.0,208.7,30,40,100,2.0,40.0,0.0,5.0
0.0,17.9,0.0,30,40,100,30.0,22.1,100.0,5.0
0.0,35.3,149.2,30,40,100,30.0,4.7,0.0,5.0
16.4,47.5,0.0,30,40,100,13.6,0.0,100.0,5.0
73.5,12.3,107.8,30,40,100,0.0,27.7,0.0,3.5
18.6,79.5,67.7,30,40,100,11.4,0.0,32.3,1.9
0.0,28.1,173.7,30,40,100,30.0,11.9,0.0,5.0
19.0,4.7,168.0,30,40,100,11.0,35.3,0.0,4.4
18.2,45.6,119.4,30,40,100,11.8,0.0,0.0,2.0
0.0,115.5,97.6,30,40,100,30.0,0.0,2.4,5.0
24.4,49.9,114.5,30,40,100,5.6,0.0,0.0,0.9
19.4,21.8,78.5,30,40,100,10.6,18.2,21.5,2.3
45.8,0.0,68.6,30,40,100,0.0,40.0,31.4,5.0
78.6,27.6,189.8,30,40,100,0.0,12.4,0.0,1.5
58.0,45.9,199.5,30,40,100,0.0,0.0,0.0,0.0
18.3,20.8,62.1,30,40,100,11.7,19.2,37.9,2.4
0.0,0.0,92.7,30,40,100,30.0,40.0,7.3,5.0
99.2,2.2,80.1,30,40,100,0.0,37.8,19.9,4.7
27.6,95.0,0.0,30,40,100,2.4,0.0,100.0,5.0
26.3,94.2,46.4,30,40,100,3.7,0.0,53.6,2.7
25.3,0.8,202.5,30,40,100,4.7,39.2,0.0,4.9
31.6,63.5,13.0,30,40,100,0.0,0.0,87.0,4.4
21.8,0.0,244.0,30,40,100,8.2,40.0,0.0,5.0
9.6,93.0,168.0,30,40,100,20.4,0.0,0.0,3.4
10.4,46.3,105.9,30,40,100,19.6,0.0,0.0,3.3
25.0,74.7,118.7,30,40,100,5.0,0.0,0.0,0.8
10.5,0.0,0.0,30,40,100,19.5,40.0,100.0,5.0
5.7,63.7,52.1,30,40,100,24.3,0.0,47.9,4.1
29.0,36.1,189.7,30,40,100,1.0,3.9,0.0,0.5
18.7,70.7,23.9,30,40,100,11.3,0.0,76.1,3.8
68.8,73.3,159.1,30,40,100,0.0,0.0,0.0,0.0
0.0,39.1,0.0,30,40,100,30.0,0.9,100.0,5.0
57.0,12.3,0.0,30,40,100,0.0,27.7,100.0,5.0
61.4,67.8,226.8,30,40,100,0.0,0.0,0.0,0.0
0.0,34.0,72.5,30,40,100,30.0,6.0,27.5,5.0
16.2,1.3,30.1,30,40,100,13.8,38.7,69.9,4.8
15.4,0.0,183.4,30,40,100,14.6,40.0,0.0,5.0
0.0,0.0,174.0,30,40,100,30.0,40.0,0.0,5.0
3.8,15.9,147.7,30,40,100,26.2,24.1,0.0,4.4
0.0,80.8,27.5,30,40,100,30.0,0.0,72.5,5.0
75.9,43.6,50.4,30,40,100,0.0,0.0,49.6,2.5
52.6,15.1,98.6,30,40,100,0.0,24.9,1.4,3.1
62.2,68.8,129.5,30,40,100,0.0,0.0,0.0,0.0
46.5,2.9,32.5,30,40,100,0.0,37.1,67.5,4.6
0.0,40.3,87.3,30,40,100,30.0,0.0,12.7,5.0
11.0,29.2,95.1,30,40,100,19.0,10.8,4.9,3.2
39.9,67.8,177.3,30,40,100,0.0,0.0,0.0,0.0
0.0,0.0,134.3,30,40,100,30.0,40.0,0.0,5.0
46.3,2.2,0.0,30,40,100,0.0,37.8,100.0,5.0
19.1,0.0,56.3,30,40,100,10.9,40.0,43.7,5.0
15.3,26.0,0.0,30,40,100,14.7,14.0,100.0,5.0
46.2,85.2,119.3,30,40,100,0.0,0.0,0.0,0.0
38.6,16.1,147.9,30,40,100,0.0,23.9,0.0,3.0
15.7,15.9,81.7,30,40,100,14.3,24.1,18.3,3.0
59.0,71.5,51.9,30,40,100,0.0,0.0,48.1,2.4
0.0,79.5,79.1,30,40,100,30.0,0.0,20.9,5.0
43.5,32.9,90.3,30,40,100,0.0,7.1,9.7,0.9
42.8,64.0,21.9,30,40,100,0.0,0.0,78.1,3.9
17.1,0.0,0.0,30,40,100,12.9,40.0,100.0,5.0
35.2,91.9,0.0,30,40,100,0.0,0.0,100.0,5.0
0.0,122.9,175.7,30,40,100,30.0,0.0,0.0,5.0
52.3,57.4,113.5,30,40,100,0.0,0.0,0.0,0.0
20.7,0.0,102.7,30,40,100,9.3,40.0,0.0,5.0
11.1,14.0,175.5,30,40,100,18.9,26.0,0.0,3.2
55.8,61.1,0.0,30,40,100,0.0,0.0,100.0,5.0
5.9,19.5,0.0,30,40,100,24.1,20.5,100.0,5.0
0.0,87.6,104.5,30,40,100,30.0,0.0,0.0,5.0
0.0,60.1,97.1,30,40,100,30.0,0.0,2.9,5.0
43.2,8.0,0.0,30,40,100,0.0,32.0,100.0,5.0
0.0,37.7,102.5,30,40,100,30.0,2.3,0.0,5.0
75.9,0.5,41.2,30,40,100,0.0,39.5,58.8,4.9
0.0,29.1,8.4,30,40,100,30.0,10.9,91.6,5.0
74.3,14.1,46.6,30,40,100,0.0,25.9,53.4,3.2
32.0,83.7,0.0,30,40,100,0.0,0.0,100.0,5.0
23.2,121.6,25.8,30,40,100,6.8,0.0,74.2,3.7
10.4,0.0,16.7,30,40,100,19.6,40.0,83.3,5.0
37.3,0.0,118.4,30,40,100,0.0,40.0,0.0,5.0
24.9,26.6,60.7,30,40,100,5.1,13.4,39.3,2.0
57.4,0.0,125.0,30,40,100,0.0,40.0,0.0,5.0
29.2,38.3,0.0,30,40,100,0.8,1.7,100.0,5.0
30.2,66.6,5.8,30,40,100,0.0,0.0,94.2,4.7
15.6,96.6,118.3,30,40,100,14.4,0.0,0.0,2.4
24.3,44.6,48.6,30,40,100,5.7,0.0,51.4,2.6
34.7,28.7,141.7,30,40,100,0.0,11.3,0.0,1.4
0.0,0.0,0.0,30,40,100,30.0,40.0,100.0,5.0
0.0,37.5,132.5,30,40,100,30.0,2.5,0.0,5.0
47.1,39.3,22.0,30,40,100,0.0,0.7,78.0,3.9
30.8,62.2,14.1,30,40,100,0.0,0.0,85.9,4.3
20.7,7.9,153.4,30,40,100,9.3,32.1,0.0,4.0
26.5,18.9,167.2,30,40,100,3.5,21.1,0.0,2.6
35.9,0.0,156.9,30,40,100,0.0,40.0,0.0,5.0
10.6,0.0,237.9,30,40,100,19.4,40.0,0.0,5.0
3.8,0.0,175.7,30,40,100,26.2,40.0,0.0,5.0
31.5,0.0,9.3,30,40,100,0.0,40.0,90.7,5.0
0.0,50.0,84.9,30,40,100,30.0,0.0,15.1,5.0
37.6,15.6,44.4,30,40,100,0.0,24.4,55.6,3.0
0.0,14.8,237.1,30,40,100,30.0,25.2,0.0,5.0
55.3,0.0,162.6,30,40,100,0.0,40.0,0.0,5.0
39.4,0.0,58.3,30,40,100,0.0,40.0,41.7,5.0
33.2,97.1,144.3,30,40,100,0.0,0.0,0.0,0.0
53.9,0.0,0.0,30,40,100,0.0,40.0,100.0,5.0
73.4,19.8,93.7,30,40,100,0.0,20.2,6.3,2.5
54.8,0.0,0.0,30,40,100,0.0,40.0,100.0,5.0
0.0,75.6,0.0,30,40,100,30.0,0.0,100.0,5.0
0.0,42.2,136.8,30,40,100,30.0,0.0,0.0,5.0
8.2,3.2,146.8,30,40,100,21.8,36.8,0.0,4.6
26.7,20.7,110.4,30,40,100,3.3,19.3,0.0,2.4
40.7,104.0,58.7,30,40,100,0.0,0.0,41.3,2.1
5.3,33.5,0.0,30,40,100,24.7,6.5,100.0,5.0
31.3,29.1,0.0,30,40,100,0.0,10.9,100.0,5.0
4.4,0.0,0.0,30,40,100,25.6,40.0,100.0,5.0
8.5,0.0,54.7,30,40,100,21.5,40.0,45.3,5.0
0.0,30.0,160.3,30,40,100,30.0,10.0,0.0,5.0
0.0,49.5,159.0,30,40,100,30.0,0.0,0.0,5.0
0.0,80.7,0.0,30,40,100,30.0,0.0,100.0,5.0
0.0,0.0,17.6,30,40,100,30.0,40.0,82.4,5.0
56.0,0.0,15.4,30,40,100,0.0,40.0,84.6,5.0
0.0,13.1,0.0,30,40,100,30.0,26.9,100.0,5.0
100.9,36.3,119.2,30,40,100,0.0,3.7,0.0,0.5
40.0,30.6,53.6,30,40,100,0.0,9.4,46.4,2.3
31.2,31.5,64.4,30,40,100,0.0,8.5,35.6,1.8
1.5,52.9,182.0,30,40,100,28.5,0.0,0.0,4.8
45.9,0.1,80.6,30,40,100,0.0,39.9,19.4,5.0
9.6,74.0,38.8,30,40,100,20.4,0.0,61.2,3.4
29.4,53.9,119.6,30,40,100,0.6,0.0,0.0,0.1
98.9,23.6,158.9,30,40,100,0.0,16.4,0.0,2.0
23.2,100.9,97.4,30,40,100,6.8,0.0,2.6,1.1
58.7,99.1,129.1,30,40,100,0.0,0.0,0.0,0.0
5.9,74.0,61.8,30,40,100,24.1,0.0,38.2,4.0
25.0,0.0,66.9,30,40,100,5.0,40.0,33.1,5.0
76.4,100.0,82.6,30,40,100,0.0,0.0,17.4,0.9
8.1,68.4,12.8,30,40,100,21.9,0.0,87.2,4.4
77.6,117.2,27.7,30,40,100,0.0,0.0,72.3,3.6
46.1,86.2,184.6,30,40,100,0.0,0.0,0.0,0.0
9.9,100.0,235.4,30,40,100,20.1,0.0,0.0,3.4
44.0,71.8,201.9,30,40,100,0.0,0.0,0.0,0.0
53.6,90.7,0.0,30,40,100,0.0,0.0,100.0,5.0
43.7,116.7,0.0,30,40,100,0.0,0.0,100.0,5.0
0.0,45.2,0.0,30,40,100,30.0,0.0,100.0,5.0
5.2,0.0,84.3,30,40,100,24.8,40.0,15.7,5.0
18.9,24.1,0.0,30,40,100,11.1,15.9,100.0,5.0
23.8,52.1,26.0,30,40,100,6.2,0.0,74.0,3.7
43.6,39.5,187.0,30,40,100,0.0,0.5,0.0,0.1
31.0,0.0,152.7,30,40,100,0.0,40.0,0.0,5.0
0.0,0.0,32.4,30,40,100,30.0,40.0,67.6,5.0
36.8,6.6,38.5,30,40,100,0.0,33.4,61.5,4.2
43.3,69.0,119.2,30,40,100,0.0,0.0,0.0,0.0
41.9,100.0,148.9,30,40,100,0.0,0.0,0.0,0.0
56.7,73.3,30.5,30,40,100,0.0,0.0,69.5,3.5
49.7,79.0,54.6,30,40,100,0.0,0.0,45.4,2.3
39.0,33.2,27.8,30,40,100,0.0,6.8,72.2,3.6
24.0,0.0,0.0,30,40,100,6.0,40.0,100.0,5.0
0.0,18.1,55.8,30,40,100,30.0,21.9,44.2,5.0
38.2,26.0,49.6,30,40,100,0.0,14.0,50.4,2.5
31.9,16.4,0.0,30,40,100,0.0,23.6,100.0,5.0
33.7,38.6,125.6,30,40,100,0.0,1.4,0.0,0.2
0.0,54.2,112.5,30,40,100,30.0,0.0,0.0,5.0
0.0,70.8,129.6,30,40,100,30.0,0.0,0.0,5.0
55.9,25.3,11.6,30,40,100,0.0,14.7,88.4,4.4
24.8,0.0,0.0,30,40,100,5.2,40.0,100.0,5.0
45.4,17.0,111.2,30,40,100,0.0,23.0,0.0,2.9
26.8,38.2,19.9,30,40,100,3.2,1.8,80.1,4.0
26.8,85.7,1.7,30,40,100,3.2,0.0,98.3,4.9
52.7,13.6,0.0,30,40,100,0.0,26.4,100.0,5.0
11.3,57.1,51.3,30,40,100,18.7,0.0,48.7,3.1
28.7,48.1,200.7,30,40,100,1.3,0.0,0.0,0.2
12.8,38.2,32.7,30,40,100,17.2,1.8,67.3,3.4
13.6,73.9,0.0,30,40,100,16.4,0.0,100.0,5.0
17.1,9.9,126.1,30,40,100,12.9,30.1,0.0,3.8
32.3,13.3,87.4,30,40,100,0.0,26.7,12.6,3.3
12.3,36.0,0.0,30,40,100,17.7,4.0,100.0,5.0
61.7,10.7,126.9,30,40,100,0.0,29.3,0.0,3.7
0.5,56.9,245.1,30,40,100,29.5,0.0,0.0,4.9
20.6,7.7,0.0,30,40,100,9.4,32.3,100.0,5.0
13.4,45.6,0.0,30,40,100,16.6,0.0,100.0,5.0
67.2,32.4,0.0,30,40,100,0.0,7.6,100.0,5.0
31.5,45.1,67.4,30,40,100,0.0,0.0,32.6,1.6
55.3,17.9,153.4,30,40,100,0.0,22.1,0.0,2.8
0.0,22.8,82.0,30,40,100,30.0,17.2,18.0,5.0
33.6,40.3,185.8,30,40,100,0.0,0.0,0.0,0.0
51.3,44.6,140.5,30,40,100,0.0,0.0,0.0,0.0
28.3,36.3,210.8,30,40,100,1.7,3.7,0.0,0.5
56.3,105.1,167.1,30,40,100,0.0,0.0,0.0,0.0
11.2,0.0,41.0,30,40,100,18.8,40.0,59.0,5.0
66.1,33.9,78.9,30,40,100,0.0,6.1,21.1,1.1
91.4,0.0,3.4,30,40,100,0.0,40.0,96.6,5.0
15.6,51.4,54.9,30,40,100,14.4,0.0,45.1,2.4
13.3,0.0,78.5,30,40,100,16.7,40.0,21.5,5.0
67.3,25.2,66.6,30,40,100,0.0,14.8,33.4,1.8
70.9,21.5,181.7,30,40,100,0.0,18.5,0.0,2.3
11.1,47.8,46.9,30,40,100,18.9,0.0,53.1,3.2
14.0,14.2,0.0,30,40,100,16.0,25.8,100.0,5.0
17.9,12.5,3.4,30,40,100,12.1,27.5,96.6,4.8
0.0,94.2,126.3,30,40,100,30.0,0.0,0.0,5.0
0.0,47.9,0.0,30,40,100,30.0,0.0,100.0,5.0
0.0,13.9,57.3,30,40,100,30.0,26.1,42.7,5.0
4.1,26.4,180.6,30,40,100,25.9,13.6,0.0,4.3
25.0,102.7,97.1,30,40,100,5.0,0.0,2.9,0.8
32.6,27.0,67.5,30,40,100,0.0,13.0,32.5,1.6
70.1,8.7,70.6,30,40,100,0.0,31.3,29.4,3.9
0.0,8.9,0.0,30,40,100,30.0,31.1,100.0,5.0
54.0,14.3,4.4,30,40,100,0.0,25.7,95.6,4.8
19.9,12.5,57.8,30,40,100,10.1,27.5,42.2,3.4
24.5,0.0,95.4,30,40,100,5.5,40.0,4.6,5.0
45.2,0.0,150.0,30,40,100,0.0,40.0,0.0,5.0
0.0,3.1,81.0,30,40,100,30.0,36.9,19.0,5.0
36.8,60.3,182.6,30,40,100,0.0,0.0,0.0,0.0
30.7,21.1,202.9,30,40,100,0.0,18.9,0.0,2.4
40.0,28.1,137.6,30,40,100,0.0,11.9,0.0,1.5
34.2,87.6,172.3,30,40,100,0.0,0.0,0.0,0.0
95.9,88.6,0.0,30,40,100,0.0,0.0,100.0,5.0
7.8,25.1,0.0,30,40,100,22.2,14.9,100.0,5.0
10.8,11.1,115.3,30,40,100,19.2,28.9,0.0,3.6
8.2,1.7,0.0,30,40,100,21.8,38.3,100.0,5.0
10.1,64.3,50.1,30,40,100,19.9,0.0,49.9,3.3
7.8,28.2,135.7,30,40,100,22.2,11.8,0.0,3.7
59.8,20.9,187.5,30,40,100,0.0,19.1,0.0,2.4
66.4,3.7,53.0,30,40,100,0.0,36.3,47.0,4.5
9.7,5.5,21.1,30,40,100,20.3,34.5,78.9,4.3
2.2,49.3,99.3,30,40,100,27.8,0.0,0.7,4.6
39.4,0.0,0.0,30,40,100,0.0,40.0,100.0,5.0
10.2,76.5,59.5,30,40,100,19.8,0.0,40.5,3.3
44.0,15.0,72.9,30,40,100,0.0,25.0,27.1,3.1
31.7,30.4,71.2,30,40,100,0.0,9.6,28.8,1.4
0.0,0.0,80.6,30,40,100,30.0,40.0,19.4,5.0
70.0,35.9,6.2,30,40,100,0.0,4.1,93.8,4.7
77.1,23.2,14.9,30,40,100,0.0,16.8,85.1,4.3
8.5,34.4,13.2,30,40,100,21.5,5.6,86.8,4.3
14.9,95.7,0.0,30,40,100,15.1,0.0,100.0,5.0
34.1,43.6,101.1,30,40,100,0.0,0.0,0.0,0.0
35.5,4.5,145.6,30,40,100,0.0,35.5,0.0,4.4
44.7,7.8,137.7,30,40,100,0.0,32.2,0.0,4.0
83.2,60.4,52.3,30,40,100,0.0,0.0,47.7,2.4
20.9,88.7,8.1,30,40,100,9.1,0.0,91.9,4.6
3.2,47.8,133.5,30,40,100,26.8,0.0,0.0,4.5
0.0,64.2,125.0,30,40,100,30.0,0.0,0.0,5.0
5.1,61.0,91.0,30,40,100,24.9,0.0,9.0,4.1
25.0,93.6,214.2,30,40,100,5.0,0.0,0.0,0.8
77.1,0.0,71.4,30,40,100,0.0,40.0,28.6,5.0
11.2,63.3,52.8,30,40,100,18.8,0.0,47.2,3.1
32.3,76.0,41.3,30,40,100,0.0,0.0,58.7,2.9
25.5,0.0,0.0,30,40,100,4.5,40.0,100.0,5.0
59.8,0.8,126.8,30,40,100,0.0,39.2,0.0,4.9
97.9,2.2,65.0,30,40,100,0.0,37.8,35.0,4.7
10.8,7.1,114.6,30,40,100,19.2,32.9,0.0,4.1
12.0,17.1,222.0,30,40,100,18.0,22.9,0.0,3.0
55.7,46.2,42.0,30,40,100,0.0,0.0,58.0,2.9
45.4,71.3,0.0,30,40,100,0.0,0.0,100.0,5.0
78.5,80.0,112.3,30,40,100,0.0,0.0,0.0,0.0
42.6,2.7,87.0,30,40,100,0.0,37.3,13.0,4.7
15.7,2.5,14.4,30,40,100,14.3,37.5,85.6,4.7
42.8,89.4,105.5,30,40,100,0.0,0.0,0.0,0.0
57.5,62.5,136.9,30,40,100,0.0,0.0,0.0,0.0
49.3,39.8,0.0,30,40,100,0.0,0.2,100.0,5.0
40.4,55.5,49.2,30,40,100,0.0,0.0,50.8,2.5
56.3,35.2,192.6,30,40,100,0.0,4.8,0.0,0.6
59.3,57.6,15.3,30,40,100,0.0,0.0,84.7,4.2
65.3,22.9,78.9,30,40,100,0.0,17.1,21.1,2.1
44.4,47.3,0.0,30,40,100,0.0,0.0,100.0,5.0
21.2,0.0,0.0,30,40,100,8.8,40.0,100.0,5.0
30.1,8.8,86.2,30,40,100,0.0,31.2,13.8,3.9
60.3,9.2,172.5,30,40,100,0.0,30.8,0.0,3.8
2.7,21.4,0.0,30,40,100,27.3,18.6,100.0,5.0
36.5,0.0,79.5,30,40,100,0.0,40.0,20.5,5.0
14.8,15.0,43.2,30,40,100,15.2,25.0,56.8,3.1
26.8,0.0,150.4,30,40,100,3.2,40.0,0.0,5.0
62.4,58.5,0.0,30,40,100,0.0,0.0,100.0,5.0
31.4,33.1,108.2,30,40,100,0.0,6.9,0.0,0.9
27.3,0.0,20.8,30,40,100,2.7,40.0,79.2,5.0
0.0,2.8,91.5,30,40,100,30.0,37.2,8.5,5.0
47.2,50.0,79.1,30,40,100,0.0,0.0,20.9,1.0
44.3,14.6,53.2,30,40,100,0.0,25.4,46.8,3.2
87.6,8.4,112.0,30,40,100,0.0,31.6,0.0,4.0
17.2,33.4,77.0,30,40,100,12.8,6.6,23.0,2.1
32.2,50.3,62.8,30,40,100,0.0,0.0,37.2,1.9
33.1,0.0,44.8,30,40,100,0.0,40.0,55.2,5.0
70.9,58.6,79.8,30,40,100,0.0,0.0,20.2,1.0
23.2,4.2,91.4,30,40,100,6.8,35.8,8.6,4.5
33.9,35.7,0.0,30,40,100,0.0,4.3,100.0,5.0
43.3,35.0,45.3,30,40,100,0.0,5.0,54.7,2.7
31.3,15.2,0.0,30,40,100,0.0,24.8,100.0,5.0
13.2,0.0,70.3,30,40,100,16.8,40.0,29.7,5.0
31.5,24.9,25.7,30,40,100,0.0,15.1,74.3,3.7
56.5,101.9,135.7,30,40,100,0.0,0.0,0.0,0.0
0.0,0.0,127.7,30,40,100,30.0,40.0,0.0,5.0
29.7,104.6,0.0,30,40,100,0.3,0.0,100.0,5.0
6.0,26.0,73.3,30,40,100,24.0,14.0,26.7,4.0
60.0,37.9,125.0,30,40,100,0.0,2.1,0.0,0.3
0.0,0.0,59.4,30,40,100,30.0,40.0,40.6,5.0
10.0,5.4,14.8,30,40,100,20.0,34.6,85.2,4.3
36.7,16.2,0.0,30,40,100,0.0,23.8,100.0,5.0
70.5,0.0,142.4,30,40,100,0.0,40.0,0.0,5.0
24.1,28.0,146.3,30,40,100,5.9,12.0,0.0,1.5
10.1,20.1,56.7,30,40,100,19.9,19.9,43.3,3.3
79.5,110.9,135.3,30,40,100,0.0,0.0,0.0,0.0
0.0,0.0,0.0,30,40,100,30.0,40.0,100.0,5.0
0.0,40.6,180.6,30,40,100,30.0,0.0,0.0,5.0
38.5,46.4,60.8,30,40,100,0.0,0.0,39.2,2.0
11.7,0.0,84.9,30,40,100,18.3,40.0,15.1,5.0
0.0,64.1,47.6,30,40,100,30.0,0.0,52.4,5.0
46.1,20.4,186.1,30,40,100,0.0,19.6,0.0,2.4
32.9,0.0,0.0,30,40,100,0.0,40.0,100.0,5.0
9.9,63.0,192.4,30,40,100,20.1,0.0,0.0,3.4
0.0,0.0,105.5,30,40,100,30.0,40.0,0.0,5.0
50.8,0.0,123.7,30,40,100,0.0,40.0,0.0,5.0
44.5,64.1,46.9,30,40,100,0.0,0.0,53.1,2.7
23.1,22.5,0.0,30,40,100,6.9,17.5,100.0,5.0
78.5,73.4,148.5,30,40,100,0.0,0.0,0.0,0.0
0.0,85.2,98.6,30,40,100,30.0,0.0,1.4,5.0
0.0,10.5,183.3,30,40,100,30.0,29.5,0.0,5.0
6.2,68.4,57.9,30,40,100,23.8,0.0,42.1,4.0
24.7,6.0,39.7,30,40,100,5.3,34.0,60.3,4.2
32.9,126.3,185.4,30,40,100,0.0,0.0,0.0,0.0
19.1,8.6,227.7,30,40,100,10.9,31.4,0.0,3.9
36.0,77.7,74.2,30,40,100,0.0,0.0,25.8,1.3
0.0,70.4,12.8,30,40,100,30.0,0.0,87.2,5.0
67.1,49.2,138.9,30,40,100,0.0,0.0,0.0,0.0
23.6,9.5,53.0,30,40,100,6.4,30.5,47.0,3.8
57.8,30.4,121.8,30,40,100,0.0,9.6,0.0,1.2
35.7,0.0,52.6,30,40,100,0.0,40.0,47.4,5.0
39.0,45.5,199.6,30,40,100,0.0,0.0,0.0,0.0
42.2,50.5,17.1,30,40,100,0.0,0.0,82.9,4.1
38.7,41.8,112.2,30,40,100,0.0,0.0,0.0,0.0
44.3,0.0,34.1,30,40,100,0.0,40.0,65.9,5.0
63.8,0.0,50.8,30,40,100,0.0,40.0,49.2,5.0
31.5,6.3,40.3,30,40,100,0.0,33.7,59.7,4.2
46.1,48.2,133.1,30,40,100,0.0,0.0,0.0,0.0
23.4,48.1,147.6,30,40,100,6.6,0.0,0.0,1.1
67.0,29.6,118.5,30,40,100,0.0,10.4,0.0,1.3
6.7,62.0,64.8,30,40,100,23.3,0.0,35.2,3.9
77.2,0.0,84.8,30,40,100,0.0,40.0,15.2,5.0
24.8,61.0,145.9,30,40,100,5.2,0.0,0.0,0.9
0.0,55.6,148.4,30,40,100,30.0,0.0,0.0,5.0
29.6,51.6,0.0,30,40,100,0.4,0.0,100.0,5.0
6.6,29.1,51.5,30,40,100,23.4,10.9,48.5,3.9
49.9,110.1,55.4,30,40,100,0.0,0.0,44.6,2.2
7.4,56.3,127.5,30,40,100,22.6,0.0,0.0,3.8
13.2,0.0,68.1,30,40,100,16.8,40.0,31.9,5.0
0.0,46.4,131.5,30,40,100,30.0,0.0,0.0,5.0
13.1,66.7,0.0,30,40,100,16.9,0.0,100.0,5.0
0.0,12.8,94.5,30,40,100,30.0,27.2,5.5,5.0
0.0,80.3,146.1,30,40,100,30.0,0.0,0.0,5.0
47.6,51.8,0.0,30,40,100,0.0,0.0,100.0,5.0
48.3,0.0,276.2,30,40,100,0.0,40.0,0.0,5.0
38.1,48.5,169.5,30,40,100,0.0,0.0,0.0,0.0
0.0,20.1,73.6,30,40,100,30.0,19.9,26.4,5.0
24.6,58.1,6.7,30,40,100,5.4,0.0,93.3,4.7
25.8,74.4,59.4,30,40,100,4.2,0.0,40.6,2.0
0.0,44.3,80.3,30,40,100,30.0,0.0,19.7,5.0
68.8,103.5,109.0,30,40,100,0.0,0.0,0.0,0.0
50.9,29.3,194.5,30,40,100,0.0,10.7,0.0,1.3
19.7,61.6,35.1,30,40,100,10.3,0.0,64.9,3.2
26.7,68.8,118.9,30,40,100,3.3,0.0,0.0,0.6
31.9,32.5,0.0,30,40,100,0.0,7.5,100.0,5.0
0.0,67.8,40.1,30,40,100,30.0,0.0,59.9,5.0
18.9,12.5,103.9,30,40,100,11.1,27.5,0.0,3.4
6.5,19.4,129.2,30,40,100,23.5,20.6,0.0,3.9
0.0,0.0,12.8,30,40,100,30.0,40.0,87.2,5.0
17.9,46.2,37.9,30,40,100,12.1,0.0,62.1,3.1
77.1,49.5,191.3,30,40,100,0.0,0.0,0.0,0.0
44.2,83.9,167.2,30,40,100,0.0,0.0,0.0,0.0
9.7,68.3,90.3,30,40,100,20.3,0.0,9.7,3.4
42.3,25.0,0.0,30,40,100,0.0,15.0,100.0,5.0
65.8,0.0,276.0,30,40,100,0.0,40.0,0.0,5.0
52.3,53.9,71.9,30,40,100,0.0,0.0,28.1,1.4
27.6,81.1,48.3,30,40,100,2.4,0.0,51.7,2.6
7.5,66.8,31.4,30,40,100,22.5,0.0,68.6,3.8
45.8,80.1,103.8,30,40,100,0.0,0.0,0.0,0.0
37.2,27.9,104.7,30,40,100,0.0,12.1,0.0,1.5
51.4,17.7,150.2,30,40,100,0.0,22.3,0.0,2.8
44.0,6.8,0.0,30,40,100,0.0,33.2,100.0,5.0
55.8,34.2,48.3,30,40,100,0.0,5.8,51.7,2.6
10.7,33.3,237.2,30,40,100,19.3,6.7,0.0,3.2
63.5,44.8,91.6,30,40,100,0.0,0.0,8.4,0.4
31.6,31.2,59.6,30,40,100,0.0,8.8,40.4,2.0
85.1,31.1,0.0,30,40,100,0.0,8.9,100.0,5.0
6.3,5.2,114.3,30,40,100,23.7,34.8,0.0,4.4
75.4,74.3,156.6,30,40,100,0.0,0.0,0.0,0.0
31.6,39.5,144.0,30,40,100,0.0,0.5,0.0,0.1
7.4,29.4,52.6,30,40,100,22.6,10.6,47.4,3.8
12.2,6.4,102.6,30,40,100,17.8,33.6,0.0,4.2
16.8,0.0,208.3,30,40,100,13.2,40.0,0.0,5.0
38.0,89.1,159.9,30,40,100,0.0,0.0,0.0,0.0
40.8,58.8,10.3,30,40,100,0.0,0.0,89.7,4.5
9.6,0.0,0.0,30,40,100,20.4,40.0,100.0,5.0
25.3,67.2,97.4,30,40,100,4.7,0.0,2.6,0.8
87.0,73.6,137.9,30,40,100,0.0,0.0,0.0,0.0
75.1,41.5,0.0,30,40,100,0.0,0.0,100.0,5.0
38.4,100.8,72.8,30,40,100,0.0,0.0,27.2,1.4
27.0,45.2,52.2,30,40,100,3.0,0.0,47.8,2.4
29.4,0.0,81.9,30,40,100,0.6,40.0,18.1,5.0
43.4,51.1,29.6,30,40,100,0.0,0.0,70.4,3.5
0.0,46.3,177.6,30,40,100,30.0,0.0,0.0,5.0
18.6,12.2,85.4,30,40,100,11.4,27.8,14.6,3.5
0.0,59.5,2.6,30,40,100,30.0,0.0,97.4,5.0
37.3,0.0,147.5,30,40,100,0.0,40.0,0.0,5.0
44.4,76.3,0.0,30,40,100,0.0,0.0,100.0,5.0
12.2,1.1,177.1,30,40,100,17.8,38.9,0.0,4.9
70.8,0.0,153.4,30,40,100,0.0,40.0,0.0,5.0
0.0,31.9,185.6,30,40,100,30.0,8.1,0.0,5.0
0.0,53.9,60.7,30,40,100,30.0,0.0,39.3,5.0
32.3,43.0,33.5,30,40,100,0.0,0.0,66.5,3.3
55.8,6.6,80.3,30,40,100,0.0,33.4,19.7,4.2
73.9,16.1,66.7,30,40,100,0.0,23.9,33.3,3.0
12.9,0.0,20.9,30,40,100,17.1,40.0,79.1,5.0
56.7,27.4,28.8,30,40,100,0.0,12.6,71.2,3.6
24.9,79.7,43.9,30,40,100,5.1,0.0,56.1,2.8
21.0,36.3,0.0,30,40,100,9.0,3.7,100.0,5.0
51.1,71.0,128.2,30,40,100,0.0,0.0,0.0,0.0
44.5,95.0,69.3,30,40,100,0.0,0.0,30.7,1.5
0.0,12.8,48.6,30,40,100,30.0,27.2,51.4,5.0
68.0,28.9,0.0,30,40,100,0.0,11.1,100.0,5.0
65.3,123.8,0.0,30,40,100,0.0,0.0,100.0,5.0
8.1,94.6,229.6,30,40,100,21.9,0.0,0.0,3.6
37.2,0.0,22.9,30,40,100,0.0,40.0,77.1,5.0
40.0,52.0,122.7,30,40,100,0.0,0.0,0.0,0.0
33.4,36.5,86.6,30,40,100,0.0,3.5,13.4,0.7
10.3,69.7,0.0,30,40,100,19.7,0.0,100.0,5.0
6.8,6.5,218.0,30,40,100,23.2,33.5,0.0,4.2
25.2,2.7,128.7,30,40,100,4.8,37.3,0.0,4.7
59.3,9.2,11.6,30,40,100,0.0,30.8,88.4,4.4
41.4,13.4,71.2,30,40,100,0.0,26.6,28.8,3.3
15.4,69.3,0.0,30,40,100,14.6,0.0,100.0,5.0
47.9,0.0,220.8,30,40,100,0.0,40.0,0.0,5.0
0.0,11.4,0.3,30,40,100,30.0,28.6,99.7,5.0
58.7,0.0,31.3,30,40,100,0.0,40.0,68.7,5.0
0.0,77.0,14.7,30,40,100,30.0,0.0,85.3,5.0
15.6,87.6,80.0,30,40,100,14.4,0.0,20.0,2.4
0.0,23.3,184.0,30,40,100,30.0,16.7,0.0,5.0
0.0,24.5,217.8,30,40,100,30.0,15.5,0.0,5.0
59.0,54.7,41.3,30,40,100,0.0,0.0,58.7,2.9
12.6,95.8,104.0,30,40,100,17.4,0.0,0.0,2.9
35.8,52.9,80.1,30,40,100,0.0,0.0,19.9,1.0
24.6,8.4,0.0,30,40,100,5.4,31.6,100.0,5.0
39.5,0.0,268.9,30,40,100,0.0,40.0,0.0,5.0
28.1,0.0,183.4,30,40,100,1.9,40.0,0.0,5.0
0.0,39.4,88.7,30,40,100,30.0,0.6,11.3,5.0
54.3,10.1,201.1,30,40,100,0.0,29.9,0.0,3.7
11.9,44.3,171.2,30,40,100,18.1,0.0,0.0,3.0
0.0,14.2,80.1,30,40,100,30.0,25.8,19.9,5.0
13.8,0.0,99.8,30,40,100,16.2,40.0,0.2,5.0
68.7,0.0,195.4,30,40,100,0.0,40.0,0.0,5.0
50.2,99.3,0.0,30,40,100,0.0,0.0,100.0,5.0
16.0,72.2,208.5,30,40,100,14.0,0.0,0.0,2.3
16.0,106.1,55.3,30,40,100,14.0,0.0,44.7,2.3
16.8,58.2,196.5,30,40,100,13.2,0.0,0.0,2.2
85.1,19.1,73.1,30,40,100,0.0,20.9,26.9,2.6
36.8,89.7,100.7,30,40,100,0.0,0.0,0.0,0.0
38.2,35.1,70.7,30,40,100,0.0,4.9,29.3,1.5
55.3,45.3,30.6,30,40,100,0.0,0.0,69.4,3.5
32.8,34.7,51.7,30,40,100,0.0,5.3,48.3,2.4
18.6,0.0,184.7,30,40,100,11.4,40.0,0.0,5.0
20.4,101.0,0.0,30,40,100,9.6,0.0,100.0,5.0
23.9,56.2,0.0,30,40,100,6.1,0.0,100.0,5.0
24.9,49.7,15.0,30,40,100,5.1,0.0,85.0,4.2
46.7,34.0,0.0,30,40,100,0.0,6.0,100.0,5.0
27.4,43.0,195.3,30,40,100,2.6,0.0,0.0,0.4
46.8,12.4,174.9,30,40,100,0.0,27.6,0.0,3.4
23.7,61.3,121.2,30,40,100,6.3,0.0,0.0,1.0
28.2,0.0,22.1,30,40,100,1.8,40.0,77.9,5.0
0.0,43.9,181.2,30,40,100,30.0,0.0,0.0,5.0
52.0,59.0,0.0,30,40,100,0.0,0.0,100.0,5.0
35.8,28.5,246.2,30,40,100,0.0,11.5,0.0,1.4
54.4,51.4,18.3,30,40,100,0.0,0.0,81.7,4.1
0.0,0.0,52.4,30,40,100,30.0,40.0,47.6,5.0
85.4,0.0,38.9,30,40,100,0.0,40.0,61.1,5.0
22.0,46.0,0.0,30,40,100,8.0,0.0,100.0,5.0
57.5,63.8,228.7,30,40,100,0.0,0.0,0.0,0.0
0.0,0.0,137.1,30,40,100,30.0,40.0,0.0,5.0
43.4,57.5,171.5,30,40,100,0.0,0.0,0.0,0.0
0.0,14.6,0.0,30,40,100,30.0,25.4,100.0,5.0
8.2,28.7,88.1,30,40,100,21.8,11.3,11.9,3.6
80.5,0.0,115.5,30,40,100,0.0,40.0,0.0,5.0
20.5,2.2,95.3,30,40,100,9.5,37.8,4.7,4.7
32.1,75.3,0.0,30,40,100,0.0,0.0,100.0,5.0
50.7,37.8,160.2,30,40,100,0.0,2.2,0.0,0.3
40.1,21.0,83.3,30,40,100,0.0,19.0,16.7,2.4
30.2,31.8,0.0,30,40,100,0.0,8.2,100.0,5.0
36.3,56.1,0.0,30,40,100,0.0,0.0,100.0,5.0
94.4,54.2,122.4,30,40,100,0.0,0.0,0.0,0.0
24.3,33.4,271.1,30,40,100,5.7,6.6,0.0,0.9
31.7,80.4,0.0,30,40,100,0.0,0.0,100.0,5.0
55.9,75.5,87.2,30,40,100,0.0,0.0,12.8,0.6
57.4,53.1,163.1,30,40,100,0.0,0.0,0.0,0.0
59.8,38.6,0.0,30,40,100,0.0,1.4,100.0,5.0
44.1,62.9,34.8,30,40,100,0.0,0.0,65.2,3.3
0.0,49.1,4.1,30,40,100,30.0,0.0,95.9,5.0
72.5,79.1,152.9,30,40,100,0.0,0.0,0.0,0.0
0.0,72.6,180.4,30,40,100,30.0,0.0,0.0,5.0
34.6,0.0,86.3,30,40,100,0.0,40.0,13.7,5.0
4.5,0.0,5.6,30,40,100,25.5,40.0,94.4,5.0
24.1,8.2,37.8,30,40,100,5.9,31.8,62.2,4.0
35.3,75.7,22.6,30,40,100,0.0,0.0,77.4,3.9
35.1,0.0,0.0,30,40,100,0.0,40.0,100.0,5.0
38.0,52.3,65.3,30,40,100,0.0,0.0,34.7,1.7
71.9,51.0,119.9,30,40,100,0.0,0.0,0.0,0.0
38.9,83.2,113.0,30,40,100,0.0,0.0,0.0,0.0
19.0,43.7,72.8,30,40,100,11.0,0.0,27.2,1.8
53.4,0.0,78.1,30,40,100,0.0,40.0,21.9,5.0
59.8,0.0,66.9,30,40,100,0.0,40.0,33.1,5.0
0.0,0.0,0.0,30,40,100,30.0,40.0,100.0,5.0
43.0,14.8,86.4,30,40,100,0.0,25.2,13.6,3.2
45.9,29.1,26.4,30,40,100,0.0,10.9,73.6,3.7
17.5,0.0,0.0,30,40,100,12.5,40.0,100.0,5.0
65.1,95.6,103.4,30,40,100,0.0,0.0,0.0,0.0
21.7,0.0,24.2,30,40,100,8.3,40.0,75.8,5.0
29.5,90.6,91.9,30,40,100,0.5,0.0,8.1,0.4
21.0,84.1,141.9,30,40,100,9.0,0.0,0.0,1.5
26.4,72.6,0.0,30,40,100,3.6,0.0,100.0,5.0
0.0,8.5,80.9,30,40,100,30.0,31.5,19.1,5.0
0.0,50.2,0.0,30,40,100,30.0,0.0,100.0,5.0
71.4,0.0,197.1,30,40,100,0.0,40.0,0.0,5.0
1.8,73.1,0.0,30,40,100,28.2,0.0,100.0,5.0
0.0,33.5,32.0,30,40,100,30.0,6.5,68.0,5.0
0.0,20.0,181.4,30,40,100,30.0,20.0,0.0,5.0
7.8,0.0,54.6,30,40,100,22.2,40.0,45.4,5.0
0.0,0.0,0.0,30,40,100,30.0,40.0,100.0,5.0
72.7,0.0,131.0,30,40,100,0.0,40.0,0.0,5.0
54.7,81.2,129.2,30,40,100,0.0,0.0,0.0,0.0
6.4,20.2,22.4,30,40,100,23.6,19.8,77.6,3.9
90.1,29.6,31.2,30,40,100,0.0,10.4,68.8,3.4
53.9,62.8,38.4,30,40,100,0.0,0.0,61.6,3.1
16.7,109.1,56.8,30,40,100,13.3,0.0,43.2,2.2
0.0,89.8,0.0,30,40,100,30.0,0.0,100.0,5.0
91.2,0.0,58.9,30,40,100,0.0,40.0,41.1,5.0
0.0,0.0,217.4,30,40,100,30.0,40.0,0.0,5.0
0.0,131.4,1.2,30,40,100,30.0,0.0,98.8,5.0
55.1,127.8,26.4,30,40,100,0.0,0.0,73.6,3.7
95.4,44.0,0.0,30,40,100,0.0,0.0,100.0,5.0
65.4,0.0,122.9,30,40,100,0.0,40.0,0.0,5.0
42.0,75.2,170.5,30,40,100,0.0,0.0,0.0,0.0
42.9,32.1,168.7,30,40,100,0.0,7.9,0.0,1.0
50.3,31.9,0.0,30,40,100,0.0,8.1,100.0,5.0
47.6,72.4,113.8,30,40,100,0.0,0.0,0.0,0.0
34.0,49.9,189.1,30,40,100,0.0,0.0,0.0,0.0
28.9,0.0,114.6,30,40,100,1.1,40.0,0.0,5.0
24.2,23.4,112.1,30,40,100,5.8,16.6,0.0,2.1
4.5,63.1,35.5,30,40,100,25.5,0.0,64.5,4.2
18.0,57.0,91.2,30,40,100,12.0,0.0,8.8,2.0
0.0,47.0,173.2,30,40,100,30.0,0.0,0.0,5.0
23.2,74.0,100.0,30,40,100,6.8,0.0,0.0,1.1
0.0,21.9,0.0,30,40,100,30.0,18.1,100.0,5.0
0.0,43.6,36.7,30,40,100,30.0,0.0,63.3,5.0
31.1,0.0,171.0,30,40,100,0.0,40.0,0.0,5.0
65.6,18.4,99.7,30,40,100,0.0,21.6,0.3,2.7
52.1,67.2,83.1,30,40,100,0.0,0.0,16.9,0.8
0.0,20.7,28.8,30,40,100,30.0,19.3,71.2,5.0
0.0,17.7,169.4,30,40,100,30.0,22.3,0.0,5.0
52.7,0.0,207.6,30,40,100,0.0,40.0,0.0,5.0
0.0,76.8,175.4,30,40,100,30.0,0.0,0.0,5.0
19.6,58.5,189.8,30,40,100,10.4,0.0,0.0,1.7
41.6,69.7,44.6,30,40,100,0.0,0.0,55.4,2.8
0.0,0.0,33.2,30,40,100,30.0,40.0,66.8,5.0
29.0,30.0,60.9,30,40,100,1.0,10.0,39.1,2.0
0.0,25.2,76.6,30,40,100,30.0,14.8,23.4,5.0
8.8,25.2,188.9,30,40,100,21.2,14.8,0.0,3.5
35.1,11.7,167.5,30,40,100,0.0,28.3,0.0,3.5
0.0,22.5,116.9,30,40,100,30.0,17.5,0.0,5.0
38.5,70.6,0.0,30,40,100,0.0,0.0,100.0,5.0
25.4,0.0,0.0,30,40,100,4.6,40.0,100.0,5.0
41.7,108.0,92.9,30,40,100,0.0,0.0,7.1,0.4
32.3,55.9,144.5,30,40,100,0.0,0.0,0.0,0.0
64.8,34.7,67.1,30,40,100,0.0,5.3,32.9,1.6
29.5,72.9,227.9,30,40,100,0.5,0.0,0.0,0.1
13.7,0.0,0.0,30,40,100,16.3,40.0,100.0,5.0
29.4,9.7,0.0,30,40,100,0.6,30.3,100.0,5.0
41.4,31.6,19.9,30,40,100,0.0,8.4,80.1,4.0
27.3,91.4,16.9,30,40,100,2.7,0.0,83.1,4.2
27.1,34.6,115.9,30,40,100,2.9,5.4,0.0,0.7
6.0,54.6,39.5,30,40,100,24.0,0.0,60.5,4.0
7.1,12.7,0.0,30,40,100,22.9,27.3,100.0,5.0
0.0,56.0,145.4,30,40,100,30.0,0.0,0.0,5.0
75.8,103.9,0.0,30,40,100,0.0,0.0,100.0,5.0
0.0,76.5,0.0,30,40,100,30.0,0.0,100.0,5.0
6.2,33.2,0.0,30,40,100,23.8,6.8,100.0,5.0
5.5,63.6,90.2,30,40,100,24.5,0.0,9.8,4.1
51.4,59.7,88.5,30,40,100,0.0,0.0,11.5,0.6
17.6,56.8,228.0,30,40,100,12.4,0.0,0.0,2.1
61.5,81.2,147.2,30,40,100,0.0,0.0,0.0,0.0
6.8,80.9,189.8,30,40,100,23.2,0.0,0.0,3.9
33.9,31.3,96.8,30,40,100,0.0,8.7,3.2,1.1
2.2,62.3,0.0,30,40,100,27.8,0.0,100.0,5.0
87.0,21.0,83.8,30,40,100,0.0,19.0,16.2,2.4
0.0,0.0,121.3,30,40,100,30.0,40.0,0.0,5.0
34.8,25.6,130.3,30,40,100,0.0,14.4,0.0,1.8
44.0,33.4,35.4,30,40,100,0.0,6.6,64.6,3.2
37.7,0.0,112.9,30,40,100,0.0,40.0,0.0,5.0
20.7,71.1,0.0,30,40,100,9.3,0.0,100.0,5.0
22.3,0.0,0.0,30,40,100,7.7,40.0,100.0,5.0
27.2,145.7,0.0,30,40,100,2.8,0.0,100.0,5.0
21.8,96.9,75.5,30,40,100,8.2,0.0,24.5,1.4
53.4,25.9,0.0,30,40,100,0.0,14.1,100.0,5.0
88.9,36.8,39.2,30,40,100,0.0,3.2,60.8,3.0
10.1,48.6,146.3,30,40,100,19.9,0.0,0.0,3.3
0.0,12.7,0.0,30,40,100,30.0,27.3,100.0,5.0
23.4,44.2,32.8,30,40,100,6.6,0.0,67.2,3.4
99.4,30.7,79.3,30,40,100,0.0,9.3,20.7,1.2
3.1,32.7,93.4,30,40,100,26.9,7.3,6.6,4.5
72.6,43.8,33.2,30,40,100,0.0,0.0,66.8,3.3
73.7,0.0,137.0,30,40,100,0.0,40.0,0.0,5.0
10.2,38.0,121.1,30,40,100,19.8,2.0,0.0,3.3
42.2,43.0,165.4,30,40,100,0.0,0.0,0.0,0.0
72.3,41.6,66.9,30,40,100,0.0,0.0,33.1,1.7
15.2,27.8,32.1,30,40,100,14.8,12.2,67.9,3.4
20.2,82.2,18.4,30,40,100,9.8,0.0,81.6,4.1
9.4,22.2,98.3,30,40,100,20.6,17.8,1.7,3.4
0.0,45.6,43.1,30,40,100,30.0,0.0,56.9,5.0
7.5,88.7,27.6,30,40,100,22.5,0.0,72.4,3.8
0.0,33.3,37.3,30,40,100,30.0,6.7,62.7,5.0
26.9,45.1,18.4,30,40,100,3.1,0.0,81.6,4.1
4.0,32.6,89.5,30,40,100,26.0,7.4,10.5,4.3
32.6,86.2,0.0,30,40,100,0.0,0.0,100.0,5.0
0.0,26.1,97.9,30,40,100,30.0,13.9,2.1,5.0
35.4,88.1,128.1,30,40,100,0.0,0.0,0.0,0.0
49.7,32.3,26.7,30,40,100,0.0,7.7,73.3,3.7
0.0,1.9,228.5,30,40,100,30.0,38.1,0.0,5.0
36.6,63.8,74.9,30,40,100,0.0,0.0,25.1,1.3
60.9,24.2,0.0,30,40,100,0.0,15.8,100.0,5.0
0.0,61.4,50.8,30,40,100,30.0,0.0,49.2,5.0
73.6,0.0,78.5,30,40,100,0.0,40.0,21.5,5.0
37.9,36.7,109.7,30,40,100,0.0,3.3,0.0,0.4
5.9,18.0,52.7,30,40,100,24.1,22.0,47.3,4.0
24.4,0.0,0.0,30,40,100,5.6,40.0,100.0,5.0
41.9,14.2,0.0,30,40,100,0.0,25.8,100.0,5.0
28.1,13.4,20.8,30,40,100,1.9,26.6,79.2,4.0
41.3,34.5,28.5,30,40,100,0.0,5.5,71.5,3.6
0.0,0.0,0.0,30,40,100,30.0,40.0,100.0,5.0
30.8,49.2,14.4,30,40,100,0.0,0.0,85.6,4.3
0.0,91.4,126.7,30,40,100,30.0,0.0,0.0,5.0
22.8,47.8,206.4,30,40,100,7.2,0.0,0.0,1.2
0.2,69.0,134.4,30,40,100,29.8,0.0,0.0,5.0
5.0,80.5,178.8,30,40,100,25.0,0.0,0.0,4.2
61.2,86.2,152.1,30,40,100,0.0,0.0,0.0,0.0
57.0,111.7,140.7,30,40,100,0.0,0.0,0.0,0.0
43.3,16.4,46.3,30,40,100,0.0,23.6,53.7,3.0
0.0,7.5,84.9,30,40,100,30.0,32.5,15.1,5.0
16.9,68.0,39.6,30,40,100,13.1,0.0,60.4,3.0
60.5,65.0,55.8,30,40,100,0.0,0.0,44.2,2.2
30.0,67.7,79.0,30,40,100,0.0,0.0,21.0,1.0
92.0,112.5,131.0,30,40,100,0.0,0.0,0.0,0.0
37.2,36.9,107.6,30,40,100,0.0,3.1,0.0,0.4
31.4,53.6,60.4,30,40,100,0.0,0.0,39.6,2.0
17.1,0.0,78.0,30,40,100,12.9,40.0,22.0,5.0
29.8,122.4,108.5,30,40,100,0.2,0.0,0.0,0.0
21.6,22.9,127.3,30,40,100,8.4,17.1,0.0,2.1
46.1,24.0,0.0,30,40,100,0.0,16.0,100.0,5.0
53.2,22.5,0.0,30,40,100,0.0,17.5,100.0,5.0
3.6,10.5,162.8,30,40,100,26.4,29.5,0.0,4.4
0.0,7.1,68.6,30,40,100,30.0,32.9,31.4,5.0
0.0,15.4,39.3,30,40,100,30.0,24.6,60.7,5.0
40.4,0.0,52.2,30,40,100,0.0,40.0,47.8,5.0
0.0,4.8,52.2,30,40,100,30.0,35.2,47.8,5.0
0.0,114.9,118.5,30,40,100,30.0,0.0,0.0,5.0
37.0,66.1,0.0,30,40,100,0.0,0.0,100.0,5.0
96.9,73.7,75.5,30,40,100,0.0,0.0,24.5,1.2
25.8,83.8,93.3,30,40,100,4.2,0.0,6.7,0.7
49.8,110.3,105.5,30,40,100,0.0,0.0,0.0,0.0
28.3,0.0,91.5,30,40,100,1.7,40.0,8.5,5.0
23.1,0.0,115.1,30,40,100,6.9,40.0,0.0,5.0
52.1,4.1,27.3,30,40,100,0.0,35.9,72.7,4.5
17.7,17.5,0.0,30,40,100,12.3,22.5,100.0,5.0
33.6,24.4,271.6,30,40,100,0.0,15.6,0.0,2.0
35.1,18.5,49.2,30,40,100,0.0,21.5,50.8,2.7
6.9,45.3,58.6,30,40,100,23.1,0.0,41.4,3.8
54.2,37.9,128.2,30,40,100,0.0,2.1,0.0,0.3
21.0,7.4,202.2,30,40,100,9.0,32.6,0.0,4.1
4.4,0.0,29.6,30,40,100,25.6,40.0,70.4,5.0
41.2,0.0,0.0,30,40,100,0.0,40.0,100.0,5.0
0.4,14.3,0.0,30,40,100,29.6,25.7,100.0,5.0
26.8,26.5,202.0,30,40,100,3.2,13.5,0.0,1.7
25.7,0.0,0.0,30,40,100,4.3,40.0,100.0,5.0
56.9,16.7,71.3,30,40,100,0.0,23.3,28.7,2.9
39.5,0.0,0.0,30,40,100,0.0,40.0,100.0,5.0
25.2,31.4,0.0,30,40,100,4.8,8.6,100.0,5.0
49.2,0.0,49.9,30,40,100,0.0,40.0,50.1,5.0
65.5,2.3,0.0,30,40,100,0.0,37.7,100.0,5.0
41.8,0.0,17.7,30,40,100,0.0,40.0,82.3,5.0
26.2,30.3,235.3,30,40,100,3.8,9.7,0.0,1.2
0.0,1.6,107.8,30,40,100,30.0,38.4,0.0,5.0
0.0,72.9,148.6,30,40,100,30.0,0.0,0.0,5.0
17.3,52.8,140.0,30,40,100,12.7,0.0,0.0,2.1
8.6,33.6,65.4,30,40,100,21.4,6.4,34.6,3.6
20.6,4.4,38.0,30,40,100,9.4,35.6,62.0,4.4
27.6,51.8,93.6,30,40,100,2.4,0.0,6.4,0.4
41.0,64.2,87.1,30,40,100,0.0,0.0,12.9,0.6
23.9,42.2,27.6,30,40,100,6.1,0.0,72.4,3.6
39.8,101.0,84.0,30,40,100,0.0,0.0,16.0,0.8
27.8,54.9,16.5,30,40,100,2.2,0.0,83.5,4.2
0.0,73.2,59.7,30,40,100,30.0,0.0,40.3,5.0
0.0,41.8,46.5,30,40,100,30.0,0.0,53.5,5.0
21.8,63.6,0.0,30,40,100,8.2,0.0,100.0,5.0
0.0,4.4,0.0,30,40,100,30.0,35.6,100.0,5.0
43.0,18.0,0.0,30,40,100,0.0,22.0,100.0,5.0
69.5,50.5,219.0,30,40,100,0.0,0.0,0.0,0.0
60.7,50.2,48.5,30,40,100,0.0,0.0,51.5,2.6
19.9,56.9,136.1,30,40,100,10.1,0.0,0.0,1.7
68.4,80.7,0.0,30,40,100,0.0,0.0,100.0,5.0
30.2,0.0,0.0,30,40,100,0.0,40.0,100.0,5.0
16.4,0.0,0.0,30,40,100,13.6,40.0,100.0,5.0
8.5,45.7,57.2,30,40,100,21.5,0.0,42.8,3.6
17.3,7.3,268.8,30,40,100,12.7,32.7,0.0,4.1
14.9,172.4,110.6,30,40,100,15.1,0.0,0.0,2.5
30.8,57.2,210.2,30,40,100,0.0,0.0,0.0,0.0
30.5,33.3,53.0,30,40,100,0.0,6.7,47.0,2.3
26.0,15.7,183.6,30,40,100,4.0,24.3,0.0,3.0
38.4,17.1,240.7,30,40,100,0.0,22.9,0.0,2.9
59.9,37.7,64.7,30,40,100,0.0,2.3,35.3,1.8
53.0,41.0,30.0,30,40,100,0.0,0.0,70.0,3.5
0.0,18.1,0.0,30,40,100,30.0,21.9,100.0,5.0
0.0,25.5,48.6,30,40,100,30.0,14.5,51.4,5.0
52.6,90.5,80.1,30,40,100,0.0,0.0,19.9,1.0
0.0,92.2,237.3,30,40,100,30.0,0.0,0.0,5.0
19.6,46.6,0.0,30,40,100,10.4,0.0,100.0,5.0
0.0,0.0,78.3,30,40,100,30.0,40.0,21.7,5.0
0.0,58.1,0.0,30,40,100,30.0,0.0,100.0,5.0
41.4,99.0,39.1,30,40,100,0.0,0.0,60.9,3.0
47.6,91.6,98.6,30,40,100,0.0,0.0,1.4,0.1
9.5,66.0,114.8,30,40,100,20.5,0.0,0.0,3.4
0.0,93.7,121.0,30,40,100,30.0,0.0,0.0,5.0
10.4,38.6,105.5,30,40,100,19.6,1.4,0.0,3.3
37.1,61.7,120.3,30,40,100,0.0,0.0,0.0,0.0
0.0,9.0,77.2,30,40,100,30.0,31.0,22.8,5.0
31.2,48.2,0.0,30,40,100,0.0,0.0,100.0,5.0
25.5,90.0,0.0,30,40,100,4.5,0.0,100.0,5.0
42.4,12.7,29.4,30,40,100,0.0,27.3,70.6,3.5
29.4,1.8,62.6,30,40,100,0.6,38.2,37.4,4.8
0.0,40.4,174.6,30,40,100,30.0,0.0,0.0,5.0
60.0,27.3,65.4,30,40,100,0.0,12.7,34.6,1.7
21.4,62.6,57.6,30,40,100,8.6,0.0,42.4,2.1
25.2,18.2,104.6,30,40,100,4.8,21.8,0.0,2.7
0.0,105.6,51.7,30,40,100,30.0,0.0,48.3,5.0
13.3,0.0,138.9,30,40,100,16.7,40.0,0.0,5.0
0.8,86.9,233.1,30,40,100,29.2,0.0,0.0,4.9
21.0,5.7,250.2,30,40,100,9.0,34.3,0.0,4.3
74.7,0.0,81.3,30,40,100,0.0,40.0,18.7,5.0
0.0,46.0,100.7,30,40,100,30.0,0.0,0.0,5.0
0.0,26.2,200.8,30,40,100,30.0,13.8,0.0,5.0
67.8,0.0,61.4,30,40,100,0.0,40.0,38.6,5.0
20.0,0.0,128.3,30,40,100,10.0,40.0,0.0,5.0
6.9,36.1,0.0,30,40,100,23.1,3.9,100.0,5.0
55.6,75.7,48.4,30,40,100,0.0,0.0,51.6,2.6
8.7,60.0,166.7,30,40,100,21.3,0.0,0.0,3.6
78.0,38.7,15.6,30,40,100,0.0,1.3,84.4,4.2
45.3,55.7,63.2,30,40,100,0.0,0.0,36.8,1.8
12.1,35.4,0.0,30,40,100,17.9,4.6,100.0,5.0
87.4,0.0,235.3,30,40,100,0.0,40.0,0.0,5.0
8.7,0.0,175.4,30,40,100,21.3,40.0,0.0,5.0
47.1,28.3,88.7,30,40,100,0.0,11.7,11.3,1.5
34.5,30.0,114.4,30,40,100,0.0,10.0,0.0,1.2
63.0,70.7,105.4,30,40,100,0.0,0.0,0.0,0.0
70.4,66.9,185.1,30,40,100,0.0,0.0,0.0,0.0
26.9,60.8,31.7,30,40,100,3.1,0.0,68.3,3.4
4.5,25.2,132.5,30,40,100,25.5,14.8,0.0,4.2
39.1,0.0,160.4,30,40,100,0.0,40.0,0.0,5.0
6.7,53.0,171.5,30,40,100,23.3,0.0,0.0,3.9
83.3,57.6,0.0,30,40,100,0.0,0.0,100.0,5.0
29.8,0.0,25.2,30,40,100,0.2,40.0,74.8,5.0
15.5,2.9,0.0,30,40,100,14.5,37.1,100.0,5.0
31.2,8.6,85.6,30,40,100,0.0,31.4,14.4,3.9
0.0,41.2,0.0,30,40,100,30.0,0.0,100.0,5.0
0.0,4.1,0.0,30,40,100,30.0,35.9,100.0,5.0
60.1,34.9,248.5,30,40,100,0.0,5.1,0.0,0.6
7.2,28.0,123.3,30,40,100,22.8,12.0,0.0,3.8
0.0,30.0,83.3,30,40,100,30.0,10.0,16.7,5.0
41.2,7.6,102.8,30,40,100,0.0,32.4,0.0,4.0
59.7,10.7,85.3,30,40,100,0.0,29.3,14.7,3.7
46.4,0.0,153.9,30,40,100,0.0,40.0,0.0,5.0
54.3,51.7,22.5,30,40,100,0.0,0.0,77.5,3.9
4.4,59.4,88.5,30,40,100,25.6,0.0,11.5,4.3
0.0,5.4,91.8,30,40,100,30.0,34.6,8.2,5.0
68.7,97.6,0.0,30,40,100,0.0,0.0,100.0,5.0
16.8,23.8,176.5,30,40,100,13.2,16.2,0.0,2.2
18.8,98.0,37.6,30,40,100,11.2,0.0,62.4,3.1
63.8,10.6,155.5,30,40,100,0.0,29.4,0.0,3.7
41.8,0.0,82.8,30,40,100,0.0,40.0,17.2,5.0
38.9,52.6,205.2,30,40,100,0.0,0.0,0.0,0.0
87.6,46.4,0.0,30,40,100,0.0,0.0,100.0,5.0
7.6,37.8,0.0,30,40,100,22.4,2.2,100.0,5.0
52.4,10.6,0.5,30,40,100,0.0,29.4,99.5,5.0
27.6,35.1,84.2,30,40,100,2.4,4.9,15.8,0.8
33.6,15.9,197.8,30,40,100,0.0,24.1,0.0,3.0
69.5,24.3,202.0,30,40,100,0.0,15.7,0.0,2.0
40.4,70.3,0.0,30,40,100,0.0,0.0,100.0,5.0
41.3,43.9,93.6,30,40,100,0.0,0.0,6.4,0.3
56.5,61.0,0.0,30,40,100,0.0,0.0,100.0,5.0
15.6,27.1,137.6,30,40,100,14.4,12.9,0.0,2.4
2.1,22.7,163.7,30,40,100,27.9,17.3,0.0,4.6
0.0,0.0,70.2,30,40,100,30.0,40.0,29.8,5.0
0.0,21.6,80.3,30,40,100,30.0,18.4,19.7,5.0
84.5,0.0,79.4,30,40,100,0.0,40.0,20.6,5.0
0.0,12.7,10.2,30,40,100,30.0,27.3,89.8,5.0
19.7,33.2,108.3,30,40,100,10.3,6.8,0.0,1.7
18.1,59.1,54.8,30,40,100,11.9,0.0,45.2,2.3
34.7,25.6,148.5,30,40,100,0.0,14.4,0.0,1.8
49.2,50.4,64.3,30,40,100,0.0,0.0,35.7,1.8
50.5,0.0,4.1,30,40,100,0.0,40.0,95.9,5.0
9.3,34.2,0.0,30,40,100,20.7,5.8,100.0,5.0
21.2,0.0,0.0,30,40,100,8.8,40.0,100.0,5.0
34.0,0.0,179.3,30,40,100,0.0,40.0,0.0,5.0
18.9,28.9,36.6,30,40,100,11.1,11.1,63.4,3.2
71.7,87.8,100.8,30,40,100,0.0,0.0,0.0,0.0
39.9,51.4,217.3,30,40,100,0.0,0.0,0.0,0.0
46.9,37.2,28.1,30,40,100,0.0,2.8,71.9,3.6
44.8,35.7,22.9,30,40,100,0.0,4.3,77.1,3.9
59.4,7.7,62.8,30,40,100,0.0,32.3,37.2,4.0
31.1,14.6,75.9,30,40,100,0.0,25.4,24.1,3.2
0.0,53.6,225.7,30,40,100,30.0,0.0,0.0,5.0
37.3,0.0,199.8,30,40,100,0.0,40.0,0.0,5.0
7.4,60.3,123.6,30,40,100,22.6,0.0,0.0,3.8
10.9,20.8,190.4,30,40,100,19.1,19.2,0.0,3.2
42.7,69.7,59.1,30,40,100,0.0,0.0,40.9,2.0
61.2,75.1,97.6,30,40,100,0.0,0.0,2.4,0.1
26.6,0.0,49.2,30,40,100,3.4,40.0,50.8,5.0
34.7,13.0,0.0,30,40,100,0.0,27.0,100.0,5.0
74.4,2.0,170.6,30,40,100,0.0,38.0,0.0,4.8
32.8,0.0,116.4,30,40,100,0.0,40.0,0.0,5.0
100.0,0.0,75.0,30,40,100,0.0,40.0,25.0,5.0
42.1,134.7,73.3,30,40,100,0.0,0.0,26.7,1.3
0.0,61.0,0.0,30,40,100,30.0,0.0,100.0,5.0
47.4,113.6,0.0,30,40,100,0.0,0.0,100.0,5.0
36.8,69.8,100.6,30,40,100,0.0,0.0,0.0,0.0
62.7,6.6,30.8,30,40,100,0.0,33.4,69.2,4.2
45.1,21.1,55.9,30,40,100,0.0,18.9,44.1,2.4
22.0,60.1,65.1,30,40,100,8.0,0.0,34.9,1.7
0.0,54.1,18.5,30,40,100,30.0,0.0,81.5,5.0
20.0,13.2,0.0,30,40,100,10.0,26.8,100.0,5.0
1.7,0.0,0.0,30,40,100,28.3,40.0,100.0,5.0
9.4,168.8,61.7,30,40,100,20.6,0.0,38.3,3.4
42.7,30.8,123.4,30,40,100,0.0,9.2,0.0,1.2
73.5,23.3,0.0,30,40,100,0.0,16.7,100.0,5.0
37.2,41.0,71.6,30,40,100,0.0,0.0,28.4,1.4
0.0,26.7,96.2,30,40,100,30.0,13.3,3.8,5.0
38.6,41.4,0.0,30,40,100,0.0,0.0,100.0,5.0
60.0,88.2,188.2,30,40,100,0.0,0.0,0.0,0.0
8.6,31.4,42.4,30,40,100,21.4,8.6,57.6,3.6
22.1,0.0,65.3,30,40,100,7.9,40.0,34.7,5.0
26.4,29.9,60.5,30,40,100,3.6,10.1,39.5,2.0
3.6,17.8,0.0,30,40,100,26.4,22.2,100.0,5.0
44.4,93.8,154.8,30,40,100,0.0,0.0,0.0,0.0
22.5,83.6,0.0,30,40,100,7.5,0.0,100.0,5.0
37.9,40.8,54.4,30,40,100,0.0,0.0,45.6,2.3
0.7,0.0,121.7,30,40,100,29.3,40.0,0.0,5.0
13.5,0.0,191.3,30,40,100,16.5,40.0,0.0,5.0
46.5,37.1,0.0,30,40,100,0.0,2.9,100.0,5.0
15.3,50.0,37.5,30,40,100,14.7,0.0,62.5,3.1
75.1,21.4,185.0,30,40,100,0.0,18.6,0.0,2.3
14.6,17.1,110.9,30,40,100,15.4,22.9,0.0,2.9
32.4,12.6,127.6,30,40,100,0.0,27.4,0.0,3.4
52.5,35.5,0.0,30,40,100,0.0,4.5,100.0,5.0
0.0,0.0,42.9,30,40,100,30.0,40.0,57.1,5.0
0.0,0.0,60.0,30,40,100,30.0,40.0,40.0,5.0
0.0,11.2,4.3,30,40,100,30.0,28.8,95.7,5.0
61.9,85.0,0.0,30,40,100,0.0,0.0,100.0,5.0
10.2,3.7,32.3,30,40,100,19.8,36.3,67.7,4.5
98.8,43.7,182.7,30,40,100,0.0,0.0,0.0,0.0
9.9,45.6,78.3,30,40,100,20.1,0.0,21.7,3.4
31.2,88.7,184.3,30,40,100,0.0,0.0,0.0,0.0
69.9,87.3,87.9,30,40,100,0.0,0.0,12.1,0.6
83.1,34.1,11.8,30,40,100,0.0,5.9,88.2,4.4
84.7,17.3,176.5,30,40,100,0.0,22.7,0.0,2.8
60.4,9.7,90.6,30,40,100,0.0,30.3,9.4,3.8
55.1,26.7,151.1,30,40,100,0.0,13.3,0.0,1.7
42.8,19.0,0.0,30,40,100,0.0,21.0,100.0,5.0
48.1,58.7,157.3,30,40,100,0.0,0.0,0.0,0.0
10.3,53.4,159.7,30,40,100,19.7,0.0,0.0,3.3
2.7,60.3,96.9,30,40,100,27.3,0.0,3.1,4.6
25.9,87.1,8.4,30,40,100,4.1,0.0,91.6,4.6
21.1,111.4,69.8,30,40,100,8.9,0.0,30.2,1.5
13.0,41.5,122.8,30,40,100,17.0,0.0,0.0,2.8
45.8,80.7,92.4,30,40,100,0.0,0.0,7.6,0.4
53.2,22.3,122.0,30,40,100,0.0,17.7,0.0,2.2
28.5,84.1,155.1,30,40,100,1.5,0.0,0.0,0.2
68.0,79.2,21.2,30,40,100,0.0,0.0,78.8,3.9
0.0,77.0,0.0,30,40,100,30.0,0.0,100.0,5.0
20.4,40.2,70.5,30,40,100,9.6,0.0,29.5,1.6
5.5,9.5,46.9,30,40,100,24.5,30.5,53.1,4.1
0.0,0.0,136.9,30,40,100,30.0,40.0,0.0,5.0
23.6,34.8,0.0,30,40,100,6.4,5.2,100.0,5.0
22.5,98.1,155.8,30,40,100,7.5,0.0,0.0,1.2
69.1,24.0,182.7,30,40,100,0.0,16.0,0.0,2.0
43.9,68.0,73.5,30,40,100,0.0,0.0,26.5,1.3
0.0,70.4,78.4,30,40,100,30.0,0.0,21.6,5.0
78.8,25.0,11.6,30,40,100,0.0,15.0,88.4,4.4
60.7,89.4,29.7,30,40,100,0.0,0.0,70.3,3.5
42.5,0.0,40.6,30,40,100,0.0,40.0,59.4,5.0
19.5,0.0,189.9,30,40,100,10.5,40.0,0.0,5.0
0.0,0.0,67.7,30,40,100,30.0,40.0,32.3,5.0
15.4,3.5,0.0,30,40,100,14.6,36.5,100.0,5.0
57.0,50.0,94.1,30,40,100,0.0,0.0,5.9,0.3
79.6,48.1,140.1,30,40,100,0.0,0.0,0.0,0.0
69.9,52.3,71.4,30,40,100,0.0,0.0,28.6,1.4
12.0,60.4,192.0,30,40,100,18.0,0.0,0.0,3.0
0.0,0.0,136.2,30,40,100,30.0,40.0,0.0,5.0
30.0,0.0,0.0,30,40,100,0.0,40.0,100.0,5.0
0.0,52.4,29.0,30,40,100,30.0,0.0,71.0,5.0
35.2,11.1,91.7,30,40,100,0.0,28.9,8.3,3.6
21.7,0.0,0.0,30,40,100,8.3,40.0,100.0,5.0
12.7,75.5,100.6,30,40,100,17.3,0.0,0.0,2.9
0.0,92.6,0.0,30,40,100,30.0,0.0,100.0,5.0
40.6,99.1,156.0,30,40,100,0.0,0.0,0.0,0.0
10.8,44.0,146.7,30,40,100,19.2,0.0,0.0,3.2
0.0,61.6,114.2,30,40,100,30.0,0.0,0.0,5.0
0.0,91.6,19.0,30,40,100,30.0,0.0,81.0,5.0
25.2,10.6,87.2,30,40,100,4.8,29.4,12.8,3.7
76.4,81.1,32.1,30,40,100,0.0,0.0,67.9,3.4
73.3,47.5,0.0,30,40,100,0.0,0.0,100.0,5.0
12.9,73.2,46.2,30,40,100,17.1,0.0,53.8,2.9
8.8,43.9,129.8,30,40,100,21.2,0.0,0.0,3.5
39.3,88.6,77.0,30,40,100,0.0,0.0,23.0,1.2
0.0,45.4,190.5,30,40,100,30.0,0.0,0.0,5.0
34.5,0.0,135.3,30,40,100,0.0,40.0,0.0,5.0
47.8,94.9,126.6,30,40,100,0.0,0.0,0.0,0.0
60.9,0.0,0.0,30,40,100,0.0,40.0,100.0,5.0
23.1,86.9,50.5,30,40,100,6.9,0.0,49.5,2.5
20.2,32.8,0.0,30,40,100,9.8,7.2,100.0,5.0
0.9,83.8,58.7,30,40,100,29.1,0.0,41.3,4.9
2.4,82.1,17.6,30,40,100,27.6,0.0,82.4,4.6
19.5,53.8,43.0,30,40,100,10.5,0.0,57.0,2.8
36.4,56.9,159.1,30,40,100,0.0,0.0,0.0,0.0
52.0,53.5,111.8,30,40,100,0.0,0.0,0.0,0.0
3.1,0.0,154.7,30,40,100,26.9,40.0,0.0,5.0
68.5,41.2,0.0,30,40,100,0.0,0.0,100.0,5.0
18.2,0.0,78.2,30,40,100,11.8,40.0,21.8,5.0
25.3,43.3,151.5,30,40,100,4.7,0.0,0.0,0.8
4.7,0.0,195.0,30,40,100,25.3,40.0,0.0,5.0
0.0,0.0,0.0,30,40,100,30.0,40.0,100.0,5.0
51.1,101.0,45.2,30,40,100,0.0,0.0,54.8,2.7
46.9,79.5,156.9,30,40,100,0.0,0.0,0.0,0.0
17.9,36.3,58.0,30,40,100,12.1,3.7,42.0,2.1
27.9,43.9,0.1,30,40,100,2.1,0.0,99.9,5.0
40.6,26.5,0.0,30,40,100,0.0,13.5,100.0,5.0
0.0,59.4,0.0,30,40,100,30.0,0.0,100.0,5.0
10.9,9.2,0.0,30,40,100,19.1,30.8,100.0,5.0
48.6,76.4,78.2,30,40,100,0.0,0.0,21.8,1.1
0.0,26.3,145.8,30,40,100,30.0,13.7,0.0,5.0
34.3,19.6,0.0,30,40,100,0.0,20.4,100.0,5.0
0.0,37.3,94.3,30,40,100,30.0,2.7,5.7,5.0
39.2,12.7,141.7,30,40,100,0.0,27.3,0.0,3.4
24.9,49.7,73.3,30,40,100,5.1,0.0,26.7,1.3
0.0,14.8,0.0,30,40,100,30.0,25.2,100.0,5.0
59.1,55.3,104.6,30,40,100,0.0,0.0,0.0,0.0
5.0,85.4,69.1,30,40,100,25.0,0.0,30.9,4.2
2.9,7.5,60.9,30,40,100,27.1,32.5,39.1,4.5
31.7,31.2,29.4,30,40,100,0.0,8.8,70.6,3.5
58.7,55.0,80.5,30,40,100,0.0,0.0,19.5,1.0
0.0,18.9,114.6,30,40,100,30.0,21.1,0.0,5.0
27.7,55.1,266.3,30,40,100,2.3,0.0,0.0,0.4
38.2,58.8,82.6,30,40,100,0.0,0.0,17.4,0.9
45.7,80.0,195.4,30,40,100,0.0,0.0,0.0,0.0
31.0,12.1,102.3,30,40,100,0.0,27.9,0.0,3.5
15.5,0.0,65.5,30,40,100,14.5,40.0,34.5,5.0
2.4,24.1,85.5,30,40,100,27.6,15.9,14.5,4.6
28.4,0.0,0.0,30,40,100,1.6,40.0,100.0,5.0
0.0,59.2,98.2,30,40,100,30.0,0.0,1.8,5.0
0.0,0.0,0.0,30,40,100,30.0,40.0,100.0,5.0
38.4,130.3,3.9,30,40,100,0.0,0.0,96.1,4.8
51.7,88.6,82.4,30,40,100,0.0,0.0,17.6,0.9
0.0,37.0,169.8,30,40,100,30.0,3.0,0.0,5.0
0.0,71.4,188.9,30,40,100,30.0,0.0,0.0,5.0
43.6,0.0,54.4,30,40,100,0.0,40.0,45.6,5.0
84.5,138.0,86.1,30,40,100,0.0,0.0,13.9,0.7
26.5,12.7,152.9,30,40,100,3.5,27.3,0.0,3.4
5.2,31.6,0.0,30,40,100,24.8,8.4,100.0,5.0
20.7,0.0,106.1,30,40,100,9.3,40.0,0.0,5.0
65.1,56.0,6.7,30,40,100,0.0,0.0,93.3,4.7
7.6,0.0,59.6,30,40,100,22.4,40.0,40.4,5.0
3.2,40.5,36.5,30,40,100,26.8,0.0,63.5,4.5
12.2,14.5,108.6,30,40,100,17.8,25.5,0.0,3.2
0.0,0.0,117.9,30,40,100,30.0,40.0,0.0,5.0
29.4,4.1,145.4,30,40,100,0.6,35.9,0.0,4.5
72.2,45.5,101.6,30,40,100,0.0,0.0,0.0,0.0
35.2,0.0,87.3,30,40,100,0.0,40.0,12.7,5.0
18.8,6.3,223.0,30,40,100,11.2,33.7,0.0,4.2
17.6,63.1,0.0,30,40,100,12.4,0.0,100.0,5.0
0.0,141.2,210.2,30,40,100,30.0,0.0,0.0,5.0
51.1,55.7,50.1,30,40,100,0.0,0.0,49.9,2.5
23.7,0.0,119.5,30,40,100,6.3,40.0,0.0,5.0
20.8,21.7,47.2,30,40,100,9.2,18.3,52.8,2.6
116.9,37.7,16.8,30,40,100,0.0,2.3,83.2,4.2
34.5,22.4,112.6,30,40,100,0.0,17.6,0.0,2.2
4.5,72.8,157.5,30,40,100,25.5,0.0,0.0,4.2
13.8,45.2,111.6,30,40,100,16.2,0.0,0.0,2.7
58.7,73.0,29.8,30,40,100,0.0,0.0,70.2,3.5
29.2,23.8,364.7,30,40,100,0.8,16.2,0.0,2.0
0.0,89.8,170.2,30,40,100,30.0,0.0,0.0,5.0
52.1,29.7,148.8,30,40,100,0.0,10.3,0.0,1.3
6.9,0.0,45.0,30,40,100,23.1,40.0,55.0,5.0
79.3,124.1,23.1,30,40,100,0.0,0.0,76.9,3.8
56.7,0.0,50.9,30,40,100,0.0,40.0,49.1,5.0
13.2,6.7,160.7,30,40,100,16.8,33.3,0.0,4.2
62.4,11.2,0.0,30,40,100,0.0,28.8,100.0,5.0
27.9,137.4,0.0,30,40,100,2.1,0.0,100.0,5.0
50.2,109.2,117.0,30,40,100,0.0,0.0,0.0,0.0
39.8,96.6,99.2,30,40,100,0.0,0.0,0.8,0.0
1.8,23.1,11.4,30,40,100,28.2,16.9,88.6,4.7
7.6,134.1,0.0,30,40,100,22.4,0.0,100.0,5.0
55.3,51.3,189.5,30,40,100,0.0,0.0,0.0,0.0
16.4,75.8,102.3,30,40,100,13.6,0.0,0.0,2.3
14.5,43.7,0.0,30,40,100,15.5,0.0,100.0,5.0
0.0,34.5,0.0,30,40,100,30.0,5.5,100.0,5.0
38.0,26.3,44.3,30,40,100,0.0,13.7,55.7,2.8
84.7,28.0,132.6,30,40,100,0.0,12.0,0.0,1.5
0.0,60.9,121.5,30,40,100,30.0,0.0,0.0,5.0
26.6,51.2,164.8,30,40,100,3.4,0.0,0.0,0.6
66.2,35.2,0.0,30,40,100,0.0,4.8,100.0,5.0
23.7,97.2,91.5,30,40,100,6.3,0.0,8.5,1.0
38.8,0.0,188.5,30,40,100,0.0,40.0,0.0,5.0
0.0,57.0,181.0,30,40,100,30.0,0.0,0.0,5.0
38.1,65.3,102.4,30,40,100,0.0,0.0,0.0,0.0
20.6,82.6,262.9,30,40,100,9.4,0.0,0.0,1.6
54.0,33.8,122.6,30,40,100,0.0,6.2,0.0,0.8
59.8,44.8,157.6,30,40,100,0.0,0.0,0.0,0.0
99.7,76.1,77.1,30,40,100,0.0,0.0,22.9,1.1
42.5,96.5,10.5,30,40,100,0.0,0.0,89.5,4.5
35.2,24.4,2.9,30,40,100,0.0,15.6,97.1,4.9
31.5,47.2,88.1,30,40,100,0.0,0.0,11.9,0.6
15.9,104.0,56.4,30,40,100,14.1,0.0,43.6,2.3
35.6,0.0,0.0,30,40,100,0.0,40.0,100.0,5.0
17.5,8.7,0.0,30,40,100,12.5,31.3,100.0,5.0
30.7,95.4,47.8,30,40,100,0.0,0.0,52.2,2.6
63.5,80.4,132.1,30,40,100,0.0,0.0,0.0,0.0
0.0,57.5,72.2,30,40,100,30.0,0.0,27.8,5.0
58.4,18.4,67.7,30,40,100,0.0,21.6,32.3,2.7
63.5,1.0,0.0,30,40,100,0.0,39.0,100.0,5.0
22.6,12.7,75.4,30,40,100,7.4,27.3,24.6,3.4
0.0,98.7,179.9,30,40,100,30.0,0.0,0.0,5.0
8.6,11.2,86.0,30,40,100,21.4,28.8,14.0,3.6
62.9,40.5,0.0,30,40,100,0.0,0.0,100.0,5.0
25.3,6.1,0.0,30,40,100,4.7,33.9,100.0,5.0
0.0,70.4,121.0,30,40,100,30.0,0.0,0.0,5.0
11.6,14.8,55.4,30,40,100,18.4,25.2,44.6,3.2
49.9,32.5,67.5,30,40,100,0.0,7.5,32.5,1.6
41.5,0.0,24.1,30,40,100,0.0,40.0,75.9,5.0
19.1,0.0,114.1,30,40,100,10.9,40.0,0.0,5.0
15.5,36.8,49.2,30,40,100,14.5,3.2,50.8,2.5
14.8,0.0,58.4,30,40,100,15.2,40.0,41.6,5.0
0.0,121.2,4.8,30,40,100,30.0,0.0,95.2,5.0
72.0,0.0,147.8,30,40,100,0.0,40.0,0.0,5.0
16.8,4.2,55.7,30,40,100,13.2,35.8,44.3,4.5
60.6,37.1,122.5,30,40,100,0.0,2.9,0.0,0.4
69.3,21.8,0.0,30,40,100,0.0,18.2,100.0,5.0
54.4,0.0,213.3,30,40,100,0.0,40.0,0.0,5.0
13.7,0.0,176.5,30,40,100,16.3,40.0,0.0,5.0
37.4,0.0,0.0,30,40,100,0.0,40.0,100.0,5.0
25.3,24.9,8.8,30,40,100,4.7,15.1,91.2,4.6
0.2,115.0,112.0,30,40,100,29.8,0.0,0.0,5.0
35.2,39.6,0.0,30,40,100,0.0,0.4,100.0,5.0
0.0,84.1,62.9,30,40,100,30.0,0.0,37.1,5.0
59.8,56.9,107.9,30,40,100,0.0,0.0,0.0,0.0
12.7,81.3,58.6,30,40,100,17.3,0.0,41.4,2.9
31.7,0.0,117.0,30,40,100,0.0,40.0,0.0,5.0
34.0,24.2,17.6,30,40,100,0.0,15.8,82.4,4.1
18.6,89.1,0.0,30,40,100,11.4,0.0,100.0,5.0
42.7,13.4,152.7,30,40,100,0.0,26.6,0.0,3.3
12.4,107.4,152.2,30,40,100,17.6,0.0,0.0,2.9
50.8,96.2,275.4,30,40,100,0.0,0.0,0.0,0.0
0.0,17.6,0.0,30,40,100,30.0,22.4,100.0,5.0
29.6,16.2,134.0,30,40,100,0.4,23.8,0.0,3.0
81.2,0.0,0.0,30,40,100,0.0,40.0,100.0,5.0
0.0,11.1,215.1,30,40,100,30.0,28.9,0.0,5.0
6.7,0.0,112.8,30,40,100,23.3,40.0,0.0,5.0
40.6,53.7,0.0,30,40,100,0.0,0.0,100.0,5.0
31.1,0.0,136.4,30,40,100,0.0,40.0,0.0,5.0
35.9,60.7,28.9,30,40,100,0.0,0.0,71.1,3.6
39.9,61.7,97.7,30,40,100,0.0,0.0,2.3,0.1
44.0,0.0,90.1,30,40,100,0.0,40.0,9.9,5.0
57.6,98.8,214.2,30,40,100,0.0,0.0,0.0,0.0
37.6,57.1,219.9,30,40,100,0.0,0.0,0.0,0.0
19.1,66.6,25.3,30,40,100,10.9,0.0,74.7,3.7
45.1,5.9,158.8,30,40,100,0.0,34.1,0.0,4.3
80.1,61.5,102.1,30,40,100,0.0,0.0,0.0,0.0
22.2,81.8,0.0,30,40,100,7.8,0.0,100.0,5.0
0.0,32.5,17.3,30,40,100,30.0,7.5,82.7,5.0
57.5,117.0,261.9,30,40,100,0.0,0.0,0.0,0.0
22.5,38.2,102.4,30,40,100,7.5,1.8,0.0,1.2
0.0,82.4,154.1,30,40,100,30.0,0.0,0.0,5.0
50.1,48.2,56.4,30,40,100,0.0,0.0,43.6,2.2
10.7,60.0,30.0,30,40,100,19.3,0.0,70.0,3.5
23.4,0.0,75.7,30,40,100,6.6,40.0,24.3,5.0
35.4,51.4,52.0,30,40,100,0.0,0.0,48.0,2.4
31.4,6.9,0.0,30,40,100,0.0,33.1,100.0,5.0
46.2,2.4,0.0,30,40,100,0.0,37.6,100.0,5.0
13.5,106.6,130.6,30,40,100,16.5,0.0,0.0,2.8
40.6,27.8,42.8,30,40,100,0.0,12.2,57.2,2.9
18.6,0.0,75.6,30,40,100,11.4,40.0,24.4,5.0
47.0,22.0,92.4,30,40,100,0.0,18.0,7.6,2.2
43.5,0.0,98.7,30,40,100,0.0,40.0,1.3,5.0
0.0,94.2,166.0,30,40,100,30.0,0.0,0.0,5.0
56.9,8.4,0.0,30,40,100,0.0,31.6,100.0,5.0
10.7,57.7,119.5,30,40,100,19.3,0.0,0.0,3.2
49.0,91.0,134.4,30,40,100,0.0,0.0,0.0,0.0
36.4,16.3,153.0,30,40,100,0.0,23.7,0.0,3.0
78.3,57.9,0.0,30,40,100,0.0,0.0,100.0,5.0
19.6,0.0,94.0,30,40,100,10.4,40.0,6.0,5.0
16.0,134.9,211.9,30,40,100,14.0,0.0,0.0,2.3
25.4,74.1,65.5,30,40,100,4.6,0.0,34.5,1.7
17.3,28.7,112.5,30,40,100,12.7,11.3,0.0,2.1
48.7,5.3,136.4,30,40,100,0.0,34.7,0.0,4.3
0.0,31.9,0.0,30,40,100,30.0,8.1,100.0,5.0
0.0,22.8,221.4,30,40,100,30.0,17.2,0.0,5.0
0.0,115.0,113.8,30,40,100,30.0,0.0,0.0,5.0
53.0,0.0,115.4,30,40,100,0.0,40.0,0.0,5.0
74.7,41.9,0.0,30,40,100,0.0,0.0,100.0,5.0
23.0,35.7,137.6,30,40,100,7.0,4.3,0.0,1.2
21.1,31.7,114.3,30,40,100,8.9,8.3,0.0,1.5
27.9,32.1,204.5,30,40,100,2.1,7.9,0.0,1.0
59.0,31.8,48.4,30,40,100,0.0,8.2,51.6,2.6
0.0,71.6,0.0,30,40,100,30.0,0.0,100.0,5.0
32.7,61.0,18.5,30,40,100,0.0,0.0,81.5,4.1
53.7,53.3,32.8,30,40,100,0.0,0.0,67.2,3.4
40.2,0.0,0.0,30,40,100,0.0,40.0,100.0,5.0
31.4,48.5,177.5,30,40,100,0.0,0.0,0.0,0.0
54.5,0.0,180.6,30,40,100,0.0,40.0,0.0,5.0
0.0,62.5,57.7,30,40,100,30.0,0.0,42.3,5.0
45.3,95.8,41.8,30,40,100,0.0,0.0,58.2,2.9
7.3,0.0,0.0,30,40,100,22.7,40.0,100.0,5.0
0.0,25.9,129.6,30,40,100,30.0,14.1,0.0,5.0
40.5,12.3,206.8,30,40,100,0.0,27.7,0.0,3.5
65.1,86.2,22.1,30,40,100,0.0,0.0,77.9,3.9
22.0,40.3,64.1,30,40,100,8.0,0.0,35.9,1.8
53.1,106.0,108.5,30,40,100,0.0,0.0,0.0,0.0
71.9,53.1,212.6,30,40,100,0.0,0.0,0.0,0.0
63.4,46.2,89.6,30,40,100,0.0,0.0,10.4,0.5
72.7,39.2,89.3,30,40,100,0.0,0.8,10.7,0.5
47.1,69.4,88.0,30,40,100,0.0,0.0,12.0,0.6
28.1,0.0,0.0,30,40,100,1.9,40.0,100.0,5.0
0.0,39.9,0.0,30,40,100,30.0,0.1,100.0,5.0
18.9,33.6,8.3,30,40,100,11.1,6.4,91.7,4.6
1.9,65.6,155.2,30,40,100,28.1,0.0,0.0,4.7
87.8,28.9,46.5,30,40,100,0.0,11.1,53.5,2.7
20.9,0.0,30.8,30,40,100,9.1,40.0,69.2,5.0
29.5,36.7,29.4,30,40,100,0.5,3.3,70.6,3.5
41.7,0.0,62.4,30,40,100,0.0,40.0,37.6,5.0
27.2,0.0,210.8,30,40,100,2.8,40.0,0.0,5.0
74.2,65.7,61.3,30,40,100,0.0,0.0,38.7,1.9
8.2,59.8,10.1,30,40,100,21.8,0.0,89.9,4.5
31.5,55.2,75.5,30,40,100,0.0,0.0,24.5,1.2
4.8,88.9,215.0,30,40,100,25.2,0.0,0.0,4.2
0.0,9.7,32.9,30,40,100,30.0,30.3,67.1,5.0
8.5,0.0,0.0,30,40,100,21.5,40.0,100.0,5.0
24.9,33.6,33.1,30,40,100,5.1,6.4,66.9,3.3
13.7,22.5,83.9,30,40,100,16.3,17.5,16.1,2.7
6.2,2.5,129.0,30,40,100,23.8,37.5,0.0,4.7
0.0,33.2,154.7,30,40,100,30.0,6.8,0.0,5.0
23.6,11.8,0.0,30,40,100,6.4,28.2,100.0,5.0
0.0,0.0,0.0,30,40,100,30.0,40.0,100.0,5.0
47.6,18.7,47.4,30,40,100,0.0,21.3,52.6,2.7
28.3,0.0,128.7,30,40,100,1.7,40.0,0.0,5.0
0.0,45.8,0.0,30,40,100,30.0,0.0,100.0,5.0
17.1,10.0,24.5,30,40,100,12.9,30.0,75.5,3.8
4.5,81.2,25.7,30,40,100,25.5,0.0,74.3,4.2
35.0,101.0,149.4,30,40,100,0.0,0.0,0.0,0.0
64.1,63.8,116.1,30,40,100,0.0,0.0,0.0,0.0
0.0,0.0,146.4,30,40,100,30.0,40.0,0.0,5.0
29.2,97.0,181.5,30,40,100,0.8,0.0,0.0,0.1
21.4,99.9,48.8,30,40,100,8.6,0.0,51.2,2.6
45.1,37.2,0.0,30,40,100,0.0,2.8,100.0,5.0
32.0,89.7,0.0,30,40,100,0.0,0.0,100.0,5.0
4.5,14.2,0.0,30,40,100,25.5,25.8,100.0,5.0
16.9,0.0,36.5,30,40,100,13.1,40.0,63.5,5.0
3.3,5.8,42.5,30,40,100,26.7,34.2,57.5,4.4
56.6,106.0,137.0,30,40,100,0.0,0.0,0.0,0.0
26.6,0.0,74.9,30,40,100,3.4,40.0,25.1,5.0
80.1,36.4,34.0,30,40,100,0.0,3.6,66.0,3.3
24.2,37.8,64.1,30,40,100,5.8,2.2,35.9,1.8
5.8,15.8,0.0,30,40,100,24.2,24.2,100.0,5.0
0.0,18.6,156.2,30,40,100,30.0,21.4,0.0,5.0
0.0,39.4,10.1,30,40,100,30.0,0.6,89.9,5.0
0.0,13.8,0.0,30,40,100,30.0,26.2,100.0,5.0
33.6,0.0,139.5,30,40,100,0.0,40.0,0.0,5.0
40.4,45.1,119.8,30,40,100,0.0,0.0,0.0,0.0
0.0,79.6,0.0,30,40,100,30.0,0.0,100.0,5.0
51.4,71.4,142.4,30,40,100,0.0,0.0,0.0,0.0
12.2,3.9,13.7,30,40,100,17.8,36.1,86.3,4.5
30.1,0.0,43.3,30,40,100,0.0,40.0,56.7,5.0
71.9,25.0,88.6,30,40,100,0.0,15.0,11.4,1.9
51.5,99.5,120.8,30,40,100,0.0,0.0,0.0,0.0
18.3,62.4,109.4,30,40,100,11.7,0.0,0.0,1.9
0.6,64.8,69.5,30,40,100,29.4,0.0,30.5,4.9
0.0,72.3,39.3,30,40,100,30.0,0.0,60.7,5.0
5.5,53.4,106.7,30,40,100,24.5,0.0,0.0,4.1
19.9,41.3,63.9,30,40,100,10.1,0.0,36.1,1.8
0.0,63.1,219.1,30,40,100,30.0,0.0,0.0,5.0
22.2,14.5,120.8,30,40,100,7.8,25.5,0.0,3.2
28.1,0.0,0.0,30,40,100,1.9,40.0,100.0,5.0
19.5,65.5,35.0,30,40,100,10.5,0.0,65.0,3.2
7.4,86.3,77.4,30,40,100,22.6,0.0,22.6,3.8
30.8,0.0,178.3,30,40,100,0.0,40.0,0.0,5.0
38.5,69.5,187.3,30,40,100,0.0,0.0,0.0,0.0
0.0,104.1,41.5,30,40,100,30.0,0.0,58.5,5.0
66.1,36.4,0.0,30,40,100,0.0,3.6,100.0,5.0
23.1,3.5,0.0,30,40,100,6.9,36.5,100.0,5.0
26.5,41.4,93.9,30,40,100,3.5,0.0,6.1,0.6
46.1,14.3,259.3,30,40,100,0.0,25.7,0.0,3.2
32.6,11.6,117.0,30,40,100,0.0,28.4,0.0,3.6
53.1,53.9,0.0,30,40,100,0.0,0.0,100.0,5.0
34.1,0.0,14.9,30,40,100,0.0,40.0,85.1,5.0
8.5,0.0,23.2,30,40,100,21.5,40.0,76.8,5.0
36.2,37.2,7.2,30,40,100,0.0,2.8,92.8,4.6
0.0,35.5,42.2,30,40,100,30.0,4.5,57.8,5.0
29.0,50.3,103.3,30,40,100,1.0,0.0,0.0,0.2
25.0,111.9,128.5,30,40,100,5.0,0.0,0.0,0.8
20.0,40.7,161.5,30,40,100,10.0,0.0,0.0,1.7
22.3,60.5,115.8,30,40,100,7.7,0.0,0.0,1.3
0.0,0.0,0.0,30,40,100,30.0,40.0,100.0,5.0
10.3,67.4,0.0,30,40,100,19.7,0.0,100.0,5.0
28.6,15.3,60.7,30,40,100,1.4,24.7,39.3,3.1
30.5,39.3,85.4,30,40,100,0.0,0.7,14.6,0.7
0.0,32.1,143.0,30,40,100,30.0,7.9,0.0,5.0
62.0,78.0,77.0,30,40,100,0.0,0.0,23.0,1.2
1.3,0.0,77.6,30,40,100,28.7,40.0,22.4,5.0
53.6,0.0,92.7,30,40,100,0.0,40.0,7.3,5.0
38.1,27.9,52.9,30,40,100,0.0,12.1,47.1,2.4
7.5,55.3,80.5,30,40,100,22.5,0.0,19.5,3.8
76.5,42.6,164.3,30,40,100,0.0,0.0,0.0,0.0
0.0,86.0,66.7,30,40,100,30.0,0.0,33.3,5.0
52.1,54.0,71.1,30,40,100,0.0,0.0,28.9,1.4
54.4,13.8,70.8,30,40,100,0.0,26.2,29.2,3.3
6.9,0.0,178.2,30,40,100,23.1,40.0,0.0,5.0
65.6,26.9,0.0,30,40,100,0.0,13.1,100.0,5.0
18.8,77.8,216.7,30,40,100,11.2,0.0,0.0,1.9
34.2,20.7,0.0,30,40,100,0.0,19.3,100.0,5.0
33.4,37.6,20.7,30,40,100,0.0,2.4,79.3,4.0
22.1,53.4,133.6,30,40,100,7.9,0.0,0.0,1.3
49.0,0.0,156.6,30,40,100,0.0,40.0,0.0,5.0
48.5,61.5,0.0,30,40,100,0.0,0.0,100.0,5.0
0.0,102.3,0.0,30,40,100,30.0,0.0,100.0,5.0
63.1,29.5,95.9,30,40,100,0.0,10.5,4.1,1.3
0.0,0.0,262.6,30,40,100,30.0,40.0,0.0,5.0
55.4,33.8,174.0,30,40,100,0.0,6.2,0.0,0.8
58.0,0.0,53.5,30,40,100,0.0,40.0,46.5,5.0
0.0,50.0,0.0,30,40,100,30.0,0.0,100.0,5.0
14.3,54.6,80.1,30,40,100,15.7,0.0,19.9,2.6
0.0,103.9,102.7,30,40,100,30.0,0.0,0.0,5.0
19.8,28.6,42.6,30,40,100,10.2,11.4,57.4,2.9
17.2,52.9,4.9,30,40,100,12.8,0.0,95.1,4.8
48.2,1.8,86.3,30,40,100,0.0,38.2,13.7,4.8
63.3,22.1,0.0,30,40,100,0.0,17.9,100.0,5.0
65.7,0.0,224.5,30,40,100,0.0,40.0,0.0,5.0
9.9,28.6,195.8,30,40,100,20.1,11.4,0.0,3.4
20.0,24.2,126.6,30,40,100,10.0,15.8,0.0,2.0
0.0,48.5,80.7,30,40,100,30.0,0.0,19.3,5.0
3.0,11.4,20.3,30,40,100,27.0,28.6,79.7,4.5
53.4,39.8,71.8,30,40,100,0.0,0.2,28.2,1.4
72.0,23.0,205.7,30,40,100,0.0,17.0,0.0,2.1
0.0,23.1,143.5,30,40,100,30.0,16.9,0.0,5.0
9.1,39.7,89.9,30,40,100,20.9,0.3,10.1,3.5
25.2,38.1,148.0,30,40,100,4.8,1.9,0.0,0.8
33.9,67.1,117.5,30,40,100,0.0,0.0,0.0,0.0
2.9,31.6,105.5,30,40,100,27.1,8.4,0.0,4.5
38.0,22.4,152.6,30,40,100,0.0,17.6,0.0,2.2
12.5,29.2,115.2,30,40,100,17.5,10.8,0.0,2.9
25.5,7.7,142.7,30,40,100,4.5,32.3,0.0,4.0
41.5,22.0,86.5,30,40,100,0.0,18.0,13.5,2.2
26.1,118.2,53.0,30,40,100,3.9,0.0,47.0,2.3
13.5,0.0,29.3,30,40,100,16.5,40.0,70.7,5.0
22.8,25.2,19.7,30,40,100,7.2,14.8,80.3,4.0
23.4,20.9,0.0,30,40,100,6.6,19.1,100.0,5.0
15.4,26.5,0.0,30,40,100,14.6,13.5,100.0,5.0
18.6,23.1,0.0,30,40,100,11.4,16.9,100.0,5.0
71.5,47.7,32.6,30,40,100,0.0,0.0,67.4,3.4
41.9,0.0,199.5,30,40,100,0.0,40.0,0.0,5.0
17.5,78.2,60.8,30,40,100,12.5,0.0,39.2,2.1
45.8,61.9,93.0,30,40,100,0.0,0.0,7.0,0.4
16.4,0.0,95.5,30,40,100,13.6,40.0,4.5,5.0
59.4,0.0,201.5,30,40,100,0.0,40.0,0.0,5.0
36.5,0.0,27.1,30,40,100,0.0,40.0,72.9,5.0
22.9,26.7,55.6,30,40,100,7.1,13.3,44.4,2.2
38.7,140.3,64.9,30,40,100,0.0,0.0,35.1,1.8
0.0,58.3,165.2,30,40,100,30.0,0.0,0.0,5.0
0.0,0.0,181.9,30,40,100,30.0,40.0,0.0,5.0
0.0,8.7,111.8,30,40,100,30.0,31.3,0.0,5.0
30.0,34.3,172.9,30,40,100,0.0,5.7,0.0,0.7
75.3,46.7,87.8,30,40,100,0.0,0.0,12.2,0.6
89.5,0.0,59.6,30,40,100,0.0,40.0,40.4,5.0
44.1,31.0,168.6,30,40,100,0.0,9.0,0.0,1.1
40.2,7.6,112.8,30,40,100,0.0,32.4,0.0,4.0
0.0,0.0,14.2,30,40,100,30.0,40.0,85.8,5.0
10.5,46.9,153.9,30,40,100,19.5,0.0,0.0,3.2
3.5,67.6,56.7,30,40,100,26.5,0.0,43.3,4.4
8.3,70.3,46.8,30,40,100,21.7,0.0,53.2,3.6
21.2,59.6,145.5,30,40,100,8.8,0.0,0.0,1.5
12.5,16.4,66.3,30,40,100,17.5,23.6,33.7,3.0
0.0,65.2,104.9,30,40,100,30.0,0.0,0.0,5.0
47.3,48.9,126.9,30,40,100,0.0,0.0,0.0,0.0
0.0,41.8,10.4,30,40,100,30.0,0.0,89.6,5.0
32.8,11.8,104.5,30,40,100,0.0,28.2,0.0,3.5
85.0,16.5,182.3,30,40,100,0.0,23.5,0.0,2.9
0.0,39.4,0.0,30,40,100,30.0,0.6,100.0,5.0
0.0,134.6,109.8,30,40,100,30.0,0.0,0.0,5.0
17.8,48.6,6.6,30,40,100,12.2,0.0,93.4,4.7
57.3,11.8,155.9,30,40,100,0.0,28.2,0.0,3.5
81.7,2.9,155.1,30,40,100,0.0,37.1,0.0,4.6
0.0,16.7,44.9,30,40,100,30.0,23.3,55.1,5.0
40.1,124.1,251.7,30,40,100,0.0,0.0,0.0,0.0
12.7,20.4,162.7,30,40,100,17.3,19.6,0.0,2.9
22.9,72.9,130.5,30,40,100,7.1,0.0,0.0,1.2
101.3,21.3,126.0,30,40,100,0.0,18.7,0.0,2.3
0.0,47.0,152.8,30,40,100,30.0,0.0,0.0,5.0
33.2,68.3,0.0,30,40,100,0.0,0.0,100.0,5.0
39.3,13.4,89.2,30,40,100,0.0,26.6,10.8,3.3
56.9,10.6,104.4,30,40,100,0.0,29.4,0.0,3.7
28.7,103.2,41.2,30,40,100,1.3,0.0,58.8,2.9
34.7,76.1,111.0,30,40,100,0.0,0.0,0.0,0.0
14.8,68.3,172.8,30,40,100,15.2,0.0,0.0,2.5
33.6,68.1,39.5,30,40,100,0.0,0.0,60.5,3.0
16.2,54.9,69.1,30,40,100,13.8,0.0,30.9,2.3
43.7,117.7,7.3,30,40,100,0.0,0.0,92.7,4.6
15.4,38.2,0.0,30,40,100,14.6,1.8,100.0,5.0
36.7,59.7,136.3,30,40,100,0.0,0.0,0.0,0.0
25.1,0.0,71.4,30,40,100,4.9,40.0,28.6,5.0
58.0,3.2,77.3,30,40,100,0.0,36.8,22.7,4.6
24.5,0.0,0.0,30,40,100,5.5,40.0,100.0,5.0
0.0,87.7,58.5,30,40,100,30.0,0.0,41.5,5.0
61.9,0.0,161.9,30,40,100,0.0,40.0,0.0,5.0
0.2,20.3,73.6,30,40,100,29.8,19.7,26.4,5.0
7.3,0.0,75.8,30,40,100,22.7,40.0,24.2,5.0
9.0,3.0,90.2,30,40,100,21.0,37.0,9.8,4.6
65.1,16.7,0.0,30,40,100,0.0,23.3,100.0,5.0
0.0,92.2,123.9,30,40,100,30.0,0.0,0.0,5.0
115.3,52.4,0.0,30,40,100,0.0,0.0,100.0,5.0
56.0,2.9,0.0,30,40,100,0.0,37.1,100.0,5.0
32.3,79.3,0.0,30,40,100,0.0,0.0,100.0,5.0
24.4,37.2,59.4,30,40,100,5.6,2.8,40.6,2.0
34.1,38.0,45.1,30,40,100,0.0,2.0,54.9,2.7
40.8,0.0,73.4,30,40,100,0.0,40.0,26.6,5.0
44.3,0.0,0.5,30,40,100,0.0,40.0,99.5,5.0
41.8,3.2,154.6,30,40,100,0.0,36.8,0.0,4.6
28.5,38.3,140.8,30,40,100,1.5,1.7,0.0,0.2
20.3,39.6,59.5,30,40,100,9.7,0.4,40.5,2.0
21.6,98.6,34.9,30,40,100,8.4,0.0,65.1,3.3
20.4,51.9,26.8,30,40,100,9.6,0.0,73.2,3.7
58.2,0.0,48.5,30,40,100,0.0,40.0,51.5,5.0
42.9,47.0,0.0,30,40,100,0.0,0.0,100.0,5.0
0.0,0.0,0.0,30,40,100,30.0,40.0,100.0,5.0
44.6,0.0,142.9,30,40,100,0.0,40.0,0.0,5.0
31.5,3.8,97.8,30,40,100,0.0,36.2,2.2,4.5
25.4,9.8,205.3,30,40,100,4.6,30.2,0.0,3.8
14.9,0.0,49.4,30,40,100,15.1,40.0,50.6,5.0
58.0,44.6,44.3,30,40,100,0.0,0.0,55.7,2.8
52.9,0.0,40.6,30,40,100,0.0,40.0,59.4,5.0
3.9,50.8,47.8,30,40,100,26.1,0.0,52.2,4.4
37.5,126.5,20.3,30,40,100,0.0,0.0,79.7,4.0
0.0,0.0,95.3,30,40,100,30.0,40.0,4.7,5.0
0.0,25.0,75.8,30,40,100,30.0,15.0,24.2,5.0
8.1,0.0,32.4,30,40,100,21.9,40.0,67.6,5.0
50.5,24.3,174.4,30,40,100,0.0,15.7,0.0,2.0
53.1,62.3,226.4,30,40,100,0.0,0.0,0.0,0.0
40.6,65.4,167.6,30,40,100,0.0,0.0,0.0,0.0
46.6,39.6,118.5,30,40,100,0.0,0.4,0.0,0.0
40.7,72.2,134.9,30,40,100,0.0,0.0,0.0,0.0
7.7,138.9,223.2,30,40,100,22.3,0.0,0.0,3.7
38.3,105.4,134.8,30,40,100,0.0,0.0,0.0,0.0
48.7,15.4,26.3,30,40,100,0.0,24.6,73.7,3.7
47.4,0.0,105.1,30,40,100,0.0,40.0,0.0,5.0
59.8,20.1,124.0,30,40,100,0.0,19.9,0.0,2.5
46.1,0.0,0.0,30,40,100,0.0,40.0,100.0,5.0
36.0,54.6,50.5,30,40,100,0.0,0.0,49.5,2.5
56.4,0.0,162.2,30,40,100,0.0,40.0,0.0,5.0
25.2,33.5,0.0,30,40,100,4.8,6.5,100.0,5.0
0.8,70.2,0.0,30,40,100,29.2,0.0,100.0,5.0
21.3,32.4,59.3,30,40,100,8.7,7.6,40.7,2.0
4.7,0.0,102.0,30,40,100,25.3,40.0,0.0,5.0
6.7,83.7,0.0,30,40,100,23.3,0.0,100.0,5.0
21.8,0.0,63.3,30,40,100,8.2,40.0,36.7,5.0
3.4,23.3,166.5,30,40,100,26.6,16.7,0.0,4.4
17.2,34.8,79.0,30,40,100,12.8,5.2,21.0,2.1
0.0,37.1,149.2,30,40,100,30.0,2.9,0.0,5.0
32.0,43.7,25.7,30,40,100,0.0,0.0,74.3,3.7
26.0,61.0,8.2,30,40,100,4.0,0.0,91.8,4.6
2.7,35.0,142.0,30,40,100,27.3,5.0,0.0,4.6
44.7,21.6,103.3,30,40,100,0.0,18.4,0.0,2.3
52.7,20.0,0.0,30,40,100,0.0,20.0,100.0,5.0
0.0,11.8,8.9,30,40,100,30.0,28.2,91.1,5.0
4.2,68.1,199.7,30,40,100,25.8,0.0,0.0,4.3
4.0,10.4,0.0,30,40,100,26.0,29.6,100.0,5.0
0.0,70.5,148.8,30,40,100,30.0,0.0,0.0,5.0
49.6,37.2,34.9,30,40,100,0.0,2.8,65.1,3.3
20.4,15.5,73.2,30,40,100,9.6,24.5,26.8,3.1
18.4,61.3,97.3,30,40,100,11.6,0.0,2.7,1.9
0.0,7.2,0.0,30,40,100,30.0,32.8,100.0,5.0
44.0,62.1,0.0,30,40,100,0.0,0.0,100.0,5.0
0.0,45.0,80.5,30,40,100,30.0,0.0,19.5,5.0
27.7,12.4,15.1,30,40,100,2.3,27.6,84.9,4.2
33.9,57.7,153.9,30,40,100,0.0,0.0,0.0,0.0
64.7,58.4,0.0,30,40,100,0.0,0.0,100.0,5.0
0.0,83.0,119.1,30,40,100,30.0,0.0,0.0,5.0
0.0,75.3,0.0,30,40,100,30.0,0.0,100.0,5.0
31.2,56.2,45.1,30,40,100,0.0,0.0,54.9,2.7
77.2,0.0,0.0,30,40,100,0.0,40.0,100.0,5.0
61.2,135.0,226.9,30,40,100,0.0,0.0,0.0,0.0
31.9,0.0,0.0,30,40,100,0.0,40.0,100.0,5.0
12.0,74.7,63.7,30,40,100,18.0,0.0,36.3,3.0
48.9,53.8,0.0,30,40,100,0.0,0.0,100.0,5.0
0.0,0.0,202.5,30,40,100,30.0,40.0,0.0,5.0
39.5,31.4,105.9,30,40,100,0.0,8.6,0.0,1.1
40.3,33.3,84.5,30,40,100,0.0,6.7,15.5,0.8
56.1,89.0,192.4,30,40,100,0.0,0.0,0.0,0.0
104.5,7.7,85.4,30,40,100,0.0,32.3,14.6,4.0
37.1,25.9,91.2,30,40,100,0.0,14.1,8.8,1.8
11.5,0.0,84.1,30,40,100,18.5,40.0,15.9,5.0
25.2,106.3,118.9,30,40,100,4.8,0.0,0.0,0.8
0.0,0.0,33.8,30,40,100,30.0,40.0,66.2,5.0
6.2,49.6,56.2,30,40,100,23.8,0.0,43.8,4.0
14.3,32.4,138.8,30,40,100,15.7,7.6,0.0,2.6
11.0,32.5,95.9,30,40,100,19.0,7.5,4.1,3.2
30.3,69.0,64.3,30,40,100,0.0,0.0,35.7,1.8
2.5,103.7,0.0,30,40,100,27.5,0.0,100.0,5.0
57.9,46.6,194.3,30,40,100,0.0,0.0,0.0,0.0
26.0,62.8,20.2,30,40,100,4.0,0.0,79.8,4.0
25.7,49.7,153.1,30,40,100,4.3,0.0,0.0,0.7
16.6,77.4,87.7,30,40,100,13.4,0.0,12.3,2.2
30.4,17.8,0.0,30,40,100,0.0,22.2,100.0,5.0
49.4,79.7,174.5,30,40,100,0.0,0.0,0.0,0.0
1.3,81.1,94.0,30,40,100,28.7,0.0,6.0,4.8
7.2,80.0,181.2,30,40,100,22.8,0.0,0.0,3.8
17.3,9.9,58.8,30,40,100,12.7,30.1,41.2,3.8
0.0,29.7,130.3,30,40,100,30.0,10.3,0.0,5.0
2.6,46.1,0.0,30,40,100,27.4,0.0,100.0,5.0
12.4,0.0,33.2,30,40,100,17.6,40.0,66.8,5.0
50.9,100.6,0.0,30,40,100,0.0,0.0,100.0,5.0
33.4,36.0,43.3,30,40,100,0.0,4.0,56.7,2.8
31.5,47.9,111.5,30,40,100,0.0,0.0,0.0,0.0
50.2,13.2,24.7,30,40,100,0.0,26.8,75.3,3.8
22.0,0.0,143.2,30,40,100,8.0,40.0,0.0,5.0
37.1,12.1,4.4,30,40,100,0.0,27.9,95.6,4.8
23.0,45.3,144.9,30,40,100,7.0,0.0,0.0,1.2
33.5,63.5,179.1,30,40,100,0.0,0.0,0.0,0.0
9.4,43.0,155.2,30,40,100,20.6,0.0,0.0,3.4
0.0,50.4,45.7,30,40,100,30.0,0.0,54.3,5.0
22.1,22.9,0.0,30,40,100,7.9,17.1,100.0,5.0
66.5,56.4,120.4,30,40,100,0.0,0.0,0.0,0.0
52.3,96.1,63.4,30,40,100,0.0,0.0,36.6,1.8
53.4,64.8,0.0,30,40,100,0.0,0.0,100.0,5.0
61.2,69.0,28.6,30,40,100,0.0,0.0,71.4,3.6
28.5,48.3,189.2,30,40,100,1.5,0.0,0.0,0.2
31.6,0.0,0.0,30,40,100,0.0,40.0,100.0,5.0
8.4,0.0,111.3,30,40,100,21.6,40.0,0.0,5.0
17.0,54.8,91.1,30,40,100,13.0,0.0,8.9,2.2
43.5,36.0,44.7,30,40,100,0.0,4.0,55.3,2.8
60.2,54.1,125.5,30,40,100,0.0,0.0,0.0,0.0
22.0,103.9,205.1,30,40,100,8.0,0.0,0.0,1.3
13.1,65.7,49.6,30,40,100,16.9,0.0,50.4,2.8
26.0,87.1,53.9,30,40,100,4.0,0.0,46.1,2.3
43.1,40.3,123.7,30,40,100,0.0,0.0,0.0,0.0
0.0,4.0,147.5,30,40,100,30.0,36.0,0.0,5.0
0.0,34.1,63.2,30,40,100,30.0,5.9,36.8,5.0
10.3,4.1,48.9,30,40,100,19.7,35.9,51.1,4.5
0.0,99.2,0.0,30,40,100,30.0,0.0,100.0,5.0
11.5,68.3,10.8,30,40,100,18.5,0.0,89.2,4.5
21.7,57.4,0.0,30,40,100,8.3,0.0,100.0,5.0
13.0,86.2,128.7,30,40,100,17.0,0.0,0.0,2.8
67.3,0.0,53.8,30,40,100,0.0,40.0,46.2,5.0
35.3,60.1,50.7,30,40,100,0.0,0.0,49.3,2.5
34.5,0.0,72.8,30,40,100,0.0,40.0,27.2,5.0
43.7,36.2,3.3,30,40,100,0.0,3.8,96.7,4.8
0.0,23.9,198.8,30,40,100,30.0,16.1,0.0,5.0
55.5,63.1,178.2,30,40,100,0.0,0.0,0.0,0.0
23.8,45.6,204.0,30,40,100,6.2,0.0,0.0,1.0
45.0,90.6,128.6,30,40,100,0.0,0.0,0.0,0.0
0.0,12.2,71.1,30,40,100,30.0,27.8,28.9,5.0
0.0,65.0,203.7,30,40,100,30.0,0.0,0.0,5.0
49.2,43.0,18.6,30,40,100,0.0,0.0,81.4,4.1
36.7,0.0,3.2,30,40,100,0.0,40.0,96.8,5.0
0.3,0.0,25.0,30,40,100,29.7,40.0,75.0,5.0
1.2,30.4,115.7,30,40,100,28.8,9.6,0.0,4.8
58.0,81.2,12.0,30,40,100,0.0,0.0,88.0,4.4
0.0,55.1,61.0,30,40,100,30.0,0.0,39.0,5.0
72.7,0.0,0.0,30,40,100,0.0,40.0,100.0,5.0
0.3,30.8,112.3,30,40,100,29.7,9.2,0.0,5.0
44.1,117.7,0.0,30,40,100,0.0,0.0,100.0,5.0
16.6,40.9,0.0,30,40,100,13.4,0.0,100.0,5.0
43.1,23.3,171.7,30,40,100,0.0,16.7,0.0,2.1
10.5,56.2,168.7,30,40,100,19.5,0.0,0.0,3.2
21.3,67.2,103.7,30,40,100,8.7,0.0,0.0,1.4
27.1,18.1,95.7,30,40,100,2.9,21.9,4.3,2.7
0.0,56.7,30.7,30,40,100,30.0,0.0,69.3,5.0
47.0,23.2,11.2,30,40,100,0.0,16.8,88.8,4.4
11.3,65.4,44.3,30,40,100,18.7,0.0,55.7,3.1
19.4,43.3,0.0,30,40,100,10.6,0.0,100.0,5.0
0.0,55.8,93.9,30,40,100,30.0,0.0,6.1,5.0
0.0,5.9,77.4,30,40,100,30.0,34.1,22.6,5.0
20.5,3.4,0.0,30,40,100,9.5,36.6,100.0,5.0
94.7,74.5,200.0,30,40,100,0.0,0.0,0.0,0.0
48.3,33.3,122.4,30,40,100,0.0,6.7,0.0,0.8
25.4,47.9,129.3,30,40,100,4.6,0.0,0.0,0.8
18.5,24.1,34.2,30,40,100,11.5,15.9,65.8,3.3
26.6,72.6,73.4,30,40,100,3.4,0.0,26.6,1.3
41.5,12.0,124.1,30,40,100,0.0,28.0,0.0,3.5
0.0,31.0,85.8,30,40,100,30.0,9.0,14.2,5.0
57.7,68.1,202.7,30,40,100,0.0,0.0,0.0,0.0
46.3,83.7,57.1,30,40,100,0.0,0.0,42.9,2.1
46.4,15.4,32.8,30,40,100,0.0,24.6,67.2,3.4
38.4,115.3,124.6,30,40,100,0.0,0.0,0.0,0.0
26.5,49.1,0.0,30,40,100,3.5,0.0,100.0,5.0
45.1,0.0,148.0,30,40,100,0.0,40.0,0.0,5.0
42.8,51.3,0.0,30,40,100,0.0,0.0,100.0,5.0
15.9,21.0,125.0,30,40,100,14.1,19.0,0.0,2.4
9.6,53.9,21.2,30,40,100,20.4,0.0,78.8,3.9
28.9,34.7,111.9,30,40,100,1.1,5.3,0.0,0.7
70.1,39.4,146.7,30,40,100,0.0,0.6,0.0,0.1
0.0,0.0,85.9,30,40,100,30.0,40.0,14.1,5.0
0.0,76.3,0.0,30,40,100,30.0,0.0,100.0,5.0
30.6,0.0,1.2,30,40,100,0.0,40.0,98.8,5.0
27.4,0.0,14.7,30,40,100,2.6,40.0,85.3,5.0
30.9,51.2,0.0,30,40,100,0.0,0.0,100.0,5.0
32.9,101.0,164.4,30,40,100,0.0,0.0,0.0,0.0
19.6,22.3,82.4,30,40,100,10.4,17.7,17.6,2.2
68.4,64.7,0.0,30,40,100,0.0,0.0,100.0,5.0
0.0,79.6,190.9,30,40,100,30.0,0.0,0.0,5.0
2.4,69.2,16.9,30,40,100,27.6,0.0,83.1,4.6
23.0,23.9,93.7,30,40,100,7.0,16.1,6.3,2.0
0.0,0.0,6.9,30,40,100,30.0,40.0,93.1,5.0
20.9,0.0,0.0,30,40,100,9.1,40.0,100.0,5.0
73.3,25.9,0.0,30,40,100,0.0,14.1,100.0,5.0
26.5,83.9,37.3,30,40,100,3.5,0.0,62.7,3.1
32.5,0.0,145.9,30,40,100,0.0,40.0,0.0,5.0
0.0,64.6,101.4,30,40,100,30.0,0.0,0.0,5.0
8.4,0.0,84.8,30,40,100,21.6,40.0,15.2,5.0
15.3,40.7,0.0,30,40,100,14.7,0.0,100.0,5.0
16.9,64.9,175.9,30,40,100,13.1,0.0,0.0,2.2
62.5,9.9,91.5,30,40,100,0.0,30.1,8.5,3.8
41.8,43.3,63.9,30,40,100,0.0,0.0,36.1,1.8
0.0,19.7,164.8,30,40,100,30.0,20.3,0.0,5.0
33.0,64.8,174.1,30,40,100,0.0,0.0,0.0,0.0
40.1,45.9,166.6,30,40,100,0.0,0.0,0.0,0.0
58.4,38.7,53.6,30,40,100,0.0,1.3,46.4,2.3
71.0,99.2,0.0,30,40,100,0.0,0.0,100.0,5.0
0.0,63.1,153.2,30,40,100,30.0,0.0,0.0,5.0
2.9,8.7,0.0,30,40,100,27.1,31.3,100.0,5.0
0.0,33.0,230.5,30,40,100,30.0,7.0,0.0,5.0
19.3,33.4,75.8,30,40,100,10.7,6.6,24.2,1.8
39.2,39.7,0.0,30,40,100,0.0,0.3,100.0,5.0
54.1,138.0,0.0,30,40,100,0.0,0.0,100.0,5.0
23.8,51.4,0.0,30,40,100,6.2,0.0,100.0,5.0
16.8,0.0,84.8,30,40,100,13.2,40.0,15.2,5.0
30.3,14.6,73.0,30,40,100,0.0,25.4,27.0,3.2
2.2,0.0,0.0,30,40,100,27.8,40.0,100.0,5.0
85.5,23.2,44.7,30,40,100,0.0,16.8,55.3,2.8
0.0,0.0,0.0,30,40,100,30.0,40.0,100.0,5.0
31.2,1.4,121.0,30,40,100,0.0,38.6,0.0,4.8
83.6,0.0,69.1,30,40,100,0.0,40.0,30.9,5.0
26.1,51.9,43.0,30,40,100,3.9,0.0,57.0,2.8
20.5,36.5,0.0,30,40,100,9.5,3.5,100.0,5.0
15.8,48.6,49.3,30,40,100,14.2,0.0,50.7,2.5
20.8,32.2,40.0,30,40,100,9.2,7.8,60.0,3.0
65.0,0.0,99.1,30,40,100,0.0,40.0,0.9,5.0
0.0,57.1,87.0,30,40,100,30.0,0.0,13.0,5.0
69.6,113.8,137.4,30,40,100,0.0,0.0,0.0,0.0
0.0,52.9,34.4,30,40,100,30.0,0.0,65.6,5.0
18.4,19.3,0.0,30,40,100,11.6,20.7,100.0,5.0
13.7,0.0,153.4,30,40,100,16.3,40.0,0.0,5.0
42.7,0.0,0.0,30,40,100,0.0,40.0,100.0,5.0
0.0,54.7,0.0,30,40,100,30.0,0.0,100.0,5.0
39.1,79.6,70.0,30,40,100,0.0,0.0,30.0,1.5
83.6,46.9,97.9,30,40,100,0.0,0.0,2.1,0.1
0.0,68.6,30.7,30,40,100,30.0,0.0,69.3,5.0
31.4,64.9,30.1,30,40,100,0.0,0.0,69.9,3.5
7.1,56.8,42.0,30,40,100,22.9,0.0,58.0,3.8
38.1,9.9,187.7,30,40,100,0.0,30.1,0.0,3.8
26.5,43.4,73.3,30,40,100,3.5,0.0,26.7,1.3
7.7,2.3,0.0,30,40,100,22.3,37.7,100.0,5.0
39.8,37.1,0.0,30,40,100,0.0,2.9,100.0,5.0
77.3,49.8,53.3,30,40,100,0.0,0.0,46.7,2.3
20.5,104.0,92.7,30,40,100,9.5,0.0,7.3,1.6
46.4,0.0,112.5,30,40,100,0.0,40.0,0.0,5.0
0.0,55.8,83.5,30,40,100,30.0,0.0,16.5,5.0
0.0,96.1,5.6,30,40,100,30.0,0.0,94.4,5.0
39.4,67.0,39.3,30,40,100,0.0,0.0,60.7,3.0
68.2,70.0,132.7,30,40,100,0.0,0.0,0.0,0.0
36.1,60.1,0.0,30,40,100,0.0,0.0,100.0,5.0
17.0,88.7,35.9,30,40,100,13.0,0.0,64.1,3.2
25.9,0.0,121.7,30,40,100,4.1,40.0,0.0,5.0
0.0,0.0,144.1,30,40,100,30.0,40.0,0.0,5.0
43.2,36.2,57.9,30,40,100,0.0,3.8,42.1,2.1
51.1,0.0,40.3,30,40,100,0.0,40.0,59.7,5.0
13.1,86.0,0.0,30,40,100,16.9,0.0,100.0,5.0
12.6,85.6,115.9,30,40,100,17.4,0.0,0.0,2.9
33.5,19.0,179.8,30,40,100,0.0,21.0,0.0,2.6
13.5,21.5,280.4,30,40,100,16.5,18.5,0.0,2.8
24.1,33.5,104.7,30,40,100,5.9,6.5,0.0,1.0
85.7,38.5,69.4,30,40,100,0.0,1.5,30.6,1.5
18.9,41.6,0.0,30,40,100,11.1,0.0,100.0,5.0
15.7,58.9,0.0,30,40,100,14.3,0.0,100.0,5.0
7.5,29.5,87.8,30,40,100,22.5,10.5,12.2,3.8
47.1,74.4,263.0,30,40,100,0.0,0.0,0.0,0.0
20.8,54.4,176.0,30,40,100,9.2,0.0,0.0,1.5
7.5,12.0,163.5,30,40,100,22.5,28.0,0.0,3.8
63.6,90.2,93.3,30,40,100,0.0,0.0,6.7,0.3
66.4,0.0,102.5,30,40,100,0.0,40.0,0.0,5.0
8.9,32.7,0.0,30,40,100,21.1,7.3,100.0,5.0
0.0,75.4,135.0,30,40,100,30.0,0.0,0.0,5.0
54.6,7.3,26.8,30,40,100,0.0,32.7,73.2,4.1
6.5,48.9,16.9,30,40,100,23.5,0.0,83.1,4.2
48.5,58.3,47.4,30,40,100,0.0,0.0,52.6,2.6
0.0,1.8,44.7,30,40,100,30.0,38.2,55.3,5.0
51.4,33.5,15.6,30,40,100,0.0,6.5,84.4,4.2
0.0,30.1,74.6,30,40,100,30.0,9.9,25.4,5.0
46.8,14.2,28.5,30,40,100,0.0,25.8,71.5,3.6
26.4,129.1,81.6,30,40,100,3.6,0.0,18.4,0.9
0.0,5.7,0.0,30,40,100,30.0,34.3,100.0,5.0
14.4,76.9,56.2,30,40,100,15.6,0.0,43.8,2.6
45.5,20.6,0.0,30,40,100,0.0,19.4,100.0,5.0
29.0,0.0,21.8,30,40,100,1.0,40.0,78.2,5.0
42.6,40.6,85.1,30,40,100,0.0,0.0,14.9,0.7
82.2,62.6,0.0,30,40,100,0.0,0.0,100.0,5.0
0.0,73.5,7.2,30,40,100,30.0,0.0,92.8,5.0
72.0,99.3,119.4,30,40,100,0.0,0.0,0.0,0.0
28.9,155.0,0.0,30,40,100,1.1,0.0,100.0,5.0
0.4,46.5,216.9,30,40,100,29.6,0.0,0.0,4.9
0.0,9.8,170.6,30,40,100,30.0,30.2,0.0,5.0
20.6,54.7,33.6,30,40,100,9.4,0.0,66.4,3.3
52.2,25.7,10.0,30,40,100,0.0,14.3,90.0,4.5
22.3,73.7,89.8,30,40,100,7.7,0.0,10.2,1.3
69.0,0.0,0.0,30,40,100,0.0,40.0,100.0,5.0
0.0,131.8,0.0,30,40,100,30.0,0.0,100.0,5.0
25.6,70.9,36.5,30,40,100,4.4,0.0,63.5,3.2
0.0,0.0,62.7,30,40,100,30.0,40.0,37.3,5.0
36.3,7.9,81.1,30,40,100,0.0,32.1,18.9,4.0
51.2,69.3,23.9,30,40,100,0.0,0.0,76.1,3.8
14.0,83.8,176.2,30,40,100,16.0,0.0,0.0,2.7
0.0,0.0,0.0,30,40,100,30.0,40.0,100.0,5.0
31.6,65.1,0.0,30,40,100,0.0,0.0,100.0,5.0
38.4,0.0,112.7,30,40,100,0.0,40.0,0.0,5.0
37.5,32.9,0.0,30,40,100,0.0,7.1,100.0,5.0
61.1,81.2,0.0,30,40,100,0.0,0.0,100.0,5.0
0.0,14.3,83.4,30,40,100,30.0,25.7,16.6,5.0
45.3,0.0,0.0,30,40,100,0.0,40.0,100.0,5.0
59.9,42.3,62.8,30,40,100,0.0,0.0,37.2,1.9
0.0,12.1,17.1,30,40,100,30.0,27.9,82.9,5.0
35.1,61.8,4.0,30,40,100,0.0,0.0,96.0,4.8
11.6,0.8,0.0,30,40,100,18.4,39.2,100.0,5.0
23.6,5.4,84.8,30,40,100,6.4,34.6,15.2,4.3
35.9,0.0,0.0,30,40,100,0.0,40.0,100.0,5.0
12.1,43.3,59.9,30,40,100,17.9,0.0,40.1,3.0
6.7,30.0,32.2,30,40,100,23.3,10.0,67.8,3.9
26.9,0.0,56.8,30,40,100,3.1,40.0,43.2,5.0
0.0,44.2,61.4,30,40,100,30.0,0.0,38.6,5.0
0.0,77.8,89.1,30,40,100,30.0,0.0,10.9,5.0
45.3,27.8,14.8,30,40,100,0.0,12.2,85.2,4.3
0.0,47.2,173.7,30,40,100,30.0,0.0,0.0,5.0
44.9,47.4,0.0,30,40,100,0.0,0.0,100.0,5.0
39.1,0.0,55.2,30,40,100,0.0,40.0,44.8,5.0
0.0,119.2,140.9,30,40,100,30.0,0.0,0.0,5.0
6.7,17.5,111.9,30,40,100,23.3,22.5,0.0,3.9
60.0,62.9,0.0,30,40,100,0.0,0.0,100.0,5.0
0.0,67.4,8.3,30,40,100,30.0,0.0,91.7,5.0
12.7,30.8,0.0,30,40,100,17.3,9.2,100.0,5.0
39.1,60.9,121.8,30,40,100,0.0,0.0,0.0,0.0
48.3,46.3,13.8,30,40,100,0.0,0.0,86.2,4.3
18.8,0.0,94.1,30,40,100,11.2,40.0,5.9,5.0
8.9,23.1,94.8,30,40,100,21.1,16.9,5.2,3.5
66.5,11.8,264.5,30,40,100,0.0,28.2,0.0,3.5
75.5,17.9,98.8,30,40,100,0.0,22.1,1.2,2.8
53.8,0.0,8.1,30,40,100,0.0,40.0,91.9,5.0
28.4,81.8,0.0,30,40,100,1.6,0.0,100.0,5.0
2.9,100.9,51.2,30,40,100,27.1,0.0,48.8,4.5
2.3,75.8,63.9,30,40,100,27.7,0.0,36.1,4.6
40.8,87.6,0.0,30,40,100,0.0,0.0,100.0,5.0
37.9,22.6,15.9,30,40,100,0.0,17.4,84.1,4.2
65.9,10.8,97.5,30,40,100,0.0,29.2,2.5,3.6
44.5,5.1,30.6,30,40,100,0.0,34.9,69.4,4.4
0.0,62.4,151.6,30,40,100,30.0,0.0,0.0,5.0
55.9,45.6,0.0,30,40,100,0.0,0.0,100.0,5.0
0.0,33.3,128.1,30,40,100,30.0,6.7,0.0,5.0
15.0,88.6,147.2,30,40,100,15.0,0.0,0.0,2.5
33.1,52.7,150.6,30,40,100,0.0,0.0,0.0,0.0
82.8,2.7,0.0,30,40,100,0.0,37.3,100.0,5.0
114.5,9.0,98.9,30,40,100,0.0,31.0,1.1,3.9
43.2,63.9,19.6,30,40,100,0.0,0.0,80.4,4.0
20.7,78.4,0.0,30,40,100,9.3,0.0,100.0,5.0
41.2,58.6,40.1,30,40,100,0.0,0.0,59.9,3.0
51.2,112.8,0.5,30,40,100,0.0,0.0,99.5,5.0
16.8,102.2,147.7,30,40,100,13.2,0.0,0.0,2.2
77.1,54.2,114.9,30,40,100,0.0,0.0,0.0,0.0
32.5,2.7,0.0,30,40,100,0.0,37.3,100.0,5.0
40.1,0.0,15.1,30,40,100,0.0,40.0,84.9,5.0
44.9,20.9,42.8,30,40,100,0.0,19.1,57.2,2.9
38.0,66.8,67.7,30,40,100,0.0,0.0,32.3,1.6
49.8,110.0,154.7,30,40,100,0.0,0.0,0.0,0.0
8.4,53.2,129.2,30,40,100,21.6,0.0,0.0,3.6
10.1,83.5,77.6,30,40,100,19.9,0.0,22.4,3.3
0.0,26.6,52.5,30,40,100,30.0,13.4,47.5,5.0
38.5,61.5,0.0,30,40,100,0.0,0.0,100.0,5.0
48.1,69.6,177.7,30,40,100,0.0,0.0,0.0,0.0
39.0,0.0,37.4,30,40,100,0.0,40.0,62.6,5.0
73.6,19.8,198.9,30,40,100,0.0,20.2,0.0,2.5
25.8,74.7,89.3,30,40,100,4.2,0.0,10.7,0.7
45.0,47.5,236.8,30,40,100,0.0,0.0,0.0,0.0
0.0,0.0,122.4,30,40,100,30.0,40.0,0.0,5.0
14.9,0.0,0.0,30,40,100,15.1,40.0,100.0,5.0
45.8,21.7,23.9,30,40,100,0.0,18.3,76.1,3.8
50.1,33.6,59.9,30,40,100,0.0,6.4,40.1,2.0
17.6,0.9,3.0,30,40,100,12.4,39.1,97.0,4.9
23.9,42.2,43.1,30,40,100,6.1,0.0,56.9,2.8
0.0,56.8,0.0,30,40,100,30.0,0.0,100.0,5.0
15.8,63.4,74.0,30,40,100,14.2,0.0,26.0,2.4
51.3,0.0,92.6,30,40,100,0.0,40.0,7.4,5.0
42.3,0.0,0.0,30,40,100,0.0,40.0,100.0,5.0
40.2,24.2,230.0,30,40,100,0.0,15.8,0.0,2.0
27.4,59.5,78.6,30,40,100,2.6,0.0,21.4,1.1
26.2,56.1,7.6,30,40,100,3.8,0.0,92.4,4.6
7.1,55.4,0.0,30,40,100,22.9,0.0,100.0,5.0
45.9,21.0,78.3,30,40,100,0.0,19.0,21.7,2.4
37.9,23.3,52.5,30,40,100,0.0,16.7,47.5,2.4
40.0,7.1,136.6,30,40,100,0.0,32.9,0.0,4.1
11.0,67.4,61.9,30,40,100,19.0,0.0,38.1,3.2
0.0,0.0,0.0,30,40,100,30.0,40.0,100.0,5.0
57.2,70.7,208.2,30,40,100,0.0,0.0,0.0,0.0
12.3,44.8,108.6,30,40,100,17.7,0.0,0.0,2.9
1.4,34.6,53.0,30,40,100,28.6,5.4,47.0,4.8
45.7,10.0,86.8,30,40,100,0.0,30.0,13.2,3.8
14.8,0.0,111.7,30,40,100,15.2,40.0,0.0,5.0
56.1,10.4,0.0,30,40,100,0.0,29.6,100.0,5.0
43.5,23.2,86.2,30,40,100,0.0,16.8,13.8,2.1
45.4,0.0,37.2,30,40,100,0.0,40.0,62.8,5.0
0.0,28.5,114.4,30,40,100,30.0,11.5,0.0,5.0
60.5,73.6,13.8,30,40,100,0.0,0.0,86.2,4.3
33.4,59.3,24.7,30,40,100,0.0,0.0,75.3,3.8
15.4,16.5,207.6,30,40,100,14.6,23.5,0.0,2.9
30.0,38.3,172.8,30,40,100,0.0,1.7,0.0,0.2
0.0,14.1,0.0,30,40,100,30.0,25.9,100.0,5.0
37.6,42.4,166.8,30,40,100,0.0,0.0,0.0,0.0
0.0,98.4,67.6,30,40,100,30.0,0.0,32.4,5.0
0.0,75.4,16.4,30,40,100,30.0,0.0,83.6,5.0
0.0,57.4,0.0,30,40,100,30.0,0.0,100.0,5.0
57.6,16.6,0.0,30,40,100,0.0,23.4,100.0,5.0
8.0,66.6,18.7,30,40,100,22.0,0.0,81.3,4.1
69.6,0.0,0.0,30,40,100,0.0,40.0,100.0,5.0
10.7,26.3,0.0,30,40,100,19.3,13.7,100.0,5.0
0.0,59.9,0.0,30,40,100,30.0,0.0,100.0,5.0
0.0,66.2,99.6,30,40,100,30.0,0.0,0.4,5.0
61.1,63.4,77.5,30,40,100,0.0,0.0,22.5,1.1
21.5,48.3,118.3,30,40,100,8.5,0.0,0.0,1.4
10.3,28.6,68.1,30,40,100,19.7,11.4,31.9,3.3
30.5,58.1,0.0,30,40,100,0.0,0.0,100.0,5.0
40.2,0.0,113.4,30,40,100,0.0,40.0,0.0,5.0
57.8,2.5,0.0,30,40,100,0.0,37.5,100.0,5.0
67.2,38.9,125.6,30,40,100,0.0,1.1,0.0,0.1
15.7,43.4,0.0,30,40,100,14.3,0.0,100.0,5.0
0.0,0.0,18.1,30,40,100,30.0,40.0,81.9,5.0
14.2,54.8,44.4,30,40,100,15.8,0.0,55.6,2.8
33.4,67.5,127.9,30,40,100,0.0,0.0,0.0,0.0
0.0,33.3,87.7,30,40,100,30.0,6.7,12.3,5.0
0.0,132.0,75.1,30,40,100,30.0,0.0,24.9,5.0
35.7,9.0,225.6,30,40,100,0.0,31.0,0.0,3.9
24.6,21.9,0.0,30,40,100,5.4,18.1,100.0,5.0
26.9,20.5,0.0,30,40,100,3.1,19.5,100.0,5.0
4.4,33.4,0.0,30,40,100,25.6,6.6,100.0,5.0
19.4,23.2,0.0,30,40,100,10.6,16.8,100.0,5.0
0.0,0.0,15.5,30,40,100,30.0,40.0,84.5,5.0
51.3,14.5,129.0,30,40,100,0.0,25.5,0.0,3.2
55.4,32.5,25.8,30,40,100,0.0,7.5,74.2,3.7
0.0,85.9,46.6,30,40,100,30.0,0.0,53.4,5.0
0.0,125.1,0.0,30,40,100,30.0,0.0,100.0,5.0
0.0,90.2,9.3,30,40,100,30.0,0.0,90.7,5.0
7.4,5.2,36.3,30,40,100,22.6,34.8,63.7,4.4
23.6,8.4,125.3,30,40,100,6.4,31.6,0.0,4.0
0.0,30.0,0.0,30,40,100,30.0,10.0,100.0,5.0
0.0,108.3,36.8,30,40,100,30.0,0.0,63.2,5.0
0.0,29.8,161.1,30,40,100,30.0,10.2,0.0,5.0
31.9,0.0,37.6,30,40,100,0.0,40.0,62.4,5.0
27.9,16.3,0.0,30,40,100,2.1,23.7,100.0,5.0
5.4,66.9,176.7,30,40,100,24.6,0.0,0.0,4.1
31.0,64.2,132.8,30,40,100,0.0,0.0,0.0,0.0
10.4,28.4,143.6,30,40,100,19.6,11.6,0.0,3.3
18.2,64.0,0.0,30,40,100,11.8,0.0,100.0,5.0
73.6,0.0,195.5,30,40,100,0.0,40.0,0.0,5.0
64.1,40.6,11.1,30,40,100,0.0,0.0,88.9,4.4
0.0,71.1,32.4,30,40,100,30.0,0.0,67.6,5.0
49.6,2.9,16.8,30,40,100,0.0,37.1,83.2,4.6
49.1,2.8,149.9,30,40,100,0.0,37.2,0.0,4.6
0.0,0.0,59.0,30,40,100,30.0,40.0,41.0,5.0
49.3,100.4,112.3,30,40,100,0.0,0.0,0.0,0.0
69.7,7.5,79.6,30,40,100,0.0,32.5,20.4,4.1
0.0,46.1,65.8,30,40,100,30.0,0.0,34.2,5.0
0.0,60.8,0.0,30,40,100,30.0,0.0,100.0,5.0
54.9,97.3,219.6,30,40,100,0.0,0.0,0.0,0.0
33.7,30.3,0.0,30,40,100,0.0,9.7,100.0,5.0
41.7,14.7,106.7,30,40,100,0.0,25.3,0.0,3.2
35.7,43.4,103.9,30,40,100,0.0,0.0,0.0,0.0
37.1,88.1,166.6,30,40,100,0.0,0.0,0.0,0.0
0.0,29.6,185.4,30,40,100,30.0,10.4,0.0,5.0
55.8,0.0,62.4,30,40,100,0.0,40.0,37.6,5.0
59.3,0.0,116.3,30,40,100,0.0,40.0,0.0,5.0
19.4,0.0,215.8,30,40,100,10.6,40.0,0.0,5.0
24.7,71.2,68.2,30,40,100,5.3,0.0,31.8,1.6
0.0,23.5,0.0,30,40,100,30.0,16.5,100.0,5.0
40.6,12.0,42.5,30,40,100,0.0,28.0,57.5,3.5
42.2,7.6,0.0,30,40,100,0.0,32.4,100.0,5.0
24.2,39.9,103.5,30,40,100,5.8,0.1,0.0,1.0
58.0,26.8,159.3,30,40,100,0.0,13.2,0.0,1.6
16.4,25.5,63.7,30,40,100,13.6,14.5,36.3,2.3
42.0,90.8,0.0,30,40,100,0.0,0.0,100.0,5.0
0.0,98.3,155.9,30,40,100,30.0,0.0,0.0,5.0
25.3,0.0,0.0,30,40,100,4.7,40.0,100.0,5.0
21.0,49.6,0.0,30,40,100,9.0,0.0,100.0,5.0
32.4,5.2,59.1,30,40,100,0.0,34.8,40.9,4.4
15.4,26.5,93.8,30,40,100,14.6,13.5,6.2,2.4
22.2,48.9,107.5,30,40,100,7.8,0.0,0.0,1.3
49.5,27.9,68.2,30,40,100,0.0,12.1,31.8,1.6
13.5,45.7,215.4,30,40,100,16.5,0.0,0.0,2.8
0.0,63.5,78.8,30,40,100,30.0,0.0,21.2,5.0
75.8,48.3,156.9,30,40,100,0.0,0.0,0.0,0.0
65.3,10.4,137.0,30,40,100,0.0,29.6,0.0,3.7
0.0,11.1,0.0,30,40,100,30.0,28.9,100.0,5.0
45.6,0.0,59.8,30,40,100,0.0,40.0,40.2,5.0
11.6,2.1,244.7,30,40,100,18.4,37.9,0.0,4.7
33.5,115.4,32.8,30,40,100,0.0,0.0,67.2,3.4
34.3,4.6,19.1,30,40,100,0.0,35.4,80.9,4.4
19.3,0.0,87.3,30,40,100,10.7,40.0,12.7,5.0
3.6,49.3,35.7,30,40,100,26.4,0.0,64.3,4.4
6.3,32.0,9.5,30,40,100,23.7,8.0,90.5,4.5
0.0,28.6,34.5,30,40,100,30.0,11.4,65.5,5.0
2.3,93.2,189.0,30,40,100,27.7,0.0,0.0,4.6
24.0,58.5,62.5,30,40,100,6.0,0.0,37.5,1.9
5.6,15.1,0.0,30,40,100,24.4,24.9,100.0,5.0
45.4,19.4,0.0,30,40,100,0.0,20.6,100.0,5.0
68.3,16.2,251.5,30,40,100,0.0,23.8,0.0,3.0
9.4,71.7,55.5,30,40,100,20.6,0.0,44.5,3.4
32.8,24.0,108.5,30,40,100,0.0,16.0,0.0,2.0
40.2,0.0,11.3,30,40,100,0.0,40.0,88.7,5.0
39.4,34.5,99.4,30,40,100,0.0,5.5,0.6,0.7
28.1,0.0,191.2,30,40,100,1.9,40.0,0.0,5.0
47.1,124.4,20.9,30,40,100,0.0,0.0,79.1,4.0
39.7,0.0,110.5,30,40,100,0.0,40.0,0.0,5.0
0.0,29.9,0.0,30,40,100,30.0,10.1,100.0,5.0
50.7,46.8,236.6,30,40,100,0.0,0.0,0.0,0.0
51.2,24.8,95.2,30,40,100,0.0,15.2,4.8,1.9
4.2,24.8,40.2,30,40,100,25.8,15.2,59.8,4.3
27.0,53.4,49.5,30,40,100,3.0,0.0,50.5,2.5
45.4,97.9,32.4,30,40,100,0.0,0.0,67.6,3.4
20.0,67.3,36.5,30,40,100,10.0,0.0,63.5,3.2
56.5,95.9,0.0,30,40,100,0.0,0.0,100.0,5.0
93.3,0.0,65.6,30,40,100,0.0,40.0,34.4,5.0
3.6,49.2,62.2,30,40,100,26.4,0.0,37.8,4.4
0.0,42.7,112.9,30,40,100,30.0,0.0,0.0,5.0
34.6,50.6,31.3,30,40,100,0.0,0.0,68.7,3.4
46.5,91.8,11.3,30,40,100,0.0,0.0,88.7,4.4
19.4,27.6,72.9,30,40,100,10.6,12.4,27.1,1.8
67.3,20.1,0.0,30,40,100,0.0,19.9,100.0,5.0
0.0,57.9,85.1,30,40,100,30.0,0.0,14.9,5.0
45.7,0.0,0.0,30,40,100,0.0,40.0,100.0,5.0
8.7,26.9,163.9,30,40,100,21.3,13.1,0.0,3.6
74.9,31.0,128.7,30,40,100,0.0,9.0,0.0,1.1
82.7,0.0,0.0,30,40,100,0.0,40.0,100.0,5.0
4.1,79.0,126.8,30,40,100,25.9,0.0,0.0,4.3
10.3,0.0,82.5,30,40,100,19.7,40.0,17.5,5.0
50.4,31.0,0.0,30,40,100,0.0,9.0,100.0,5.0
14.9,48.2,0.0,30,40,100,15.1,0.0,100.0,5.0
24.7,90.9,99.0,30,40,100,5.3,0.0,1.0,0.9
26.7,36.0,9.4,30,40,100,3.3,4.0,90.6,4.5
0.0,74.1,161.8,30,40,100,30.0,0.0,0.0,5.0
25.6,64.6,74.6,30,40,100,4.4,0.0,25.4,1.3
6.3,41.4,17.1,30,40,100,23.7,0.0,82.9,4.1
11.9,0.0,218.5,30,40,100,18.1,40.0,0.0,5.0
67.1,0.0,120.0,30,40,100,0.0,40.0,0.0,5.0
0.0,40.7,0.0,30,40,100,30.0,0.0,100.0,5.0
49.1,14.6,34.3,30,40,100,0.0,25.4,65.7,3.3
18.0,73.4,0.0,30,40,100,12.0,0.0,100.0,5.0
18.0,66.5,9.0,30,40,100,12.0,0.0,91.0,4.6
48.5,29.0,61.8,30,40,100,0.0,11.0,38.2,1.9
35.6,0.0,102.0,30,40,100,0.0,40.0,0.0,5.0
42.2,57.0,94.6,30,40,100,0.0,0.0,5.4,0.3
53.5,0.0,160.4,30,40,100,0.0,40.0,0.0,5.0
16.5,5.9,124.8,30,40,100,13.5,34.1,0.0,4.3
8.5,0.0,119.8,30,40,100,21.5,40.0,0.0,5.0
0.0,30.9,89.7,30,40,100,30.0,9.1,10.3,5.0
2.4,83.5,177.3,30,40,100,27.6,0.0,0.0,4.6
109.9,36.2,48.0,30,40,100,0.0,3.8,52.0,2.6
61.4,18.6,50.1,30,40,100,0.0,21.4,49.9,2.7
0.0,0.0,0.0,30,40,100,30.0,40.0,100.0,5.0
0.0,58.7,158.7,30,40,100,30.0,0.0,0.0,5.0
39.7,5.0,67.3,30,40,100,0.0,35.0,32.7,4.4
41.5,41.2,310.1,30,40,100,0.0,0.0,0.0,0.0
41.6,22.2,40.8,30,40,100,0.0,17.8,59.2,3.0
18.7,70.2,80.6,30,40,100,11.3,0.0,19.4,1.9
22.4,30.1,117.6,30,40,100,7.6,9.9,0.0,1.3
35.3,34.1,0.0,30,40,100,0.0,5.9,100.0,5.0
28.4,56.0,102.4,30,40,100,1.6,0.0,0.0,0.3
0.0,121.2,76.3,30,40,100,30.0,0.0,23.7,5.0
19.4,72.2,49.0,30,40,100,10.6,0.0,51.0,2.6
1.7,32.9,168.1,30,40,100,28.3,7.1,0.0,4.7
30.9,36.6,0.6,30,40,100,0.0,3.4,99.4,5.0
111.0,15.3,95.7,30,40,100,0.0,24.7,4.3,3.1
36.4,0.0,190.8,30,40,100,0.0,40.0,0.0,5.0
17.0,14.2,16.5,30,40,100,13.0,25.8,83.5,4.2
52.2,5.4,49.6,30,40,100,0.0,34.6,50.4,4.3
39.7,62.7,262.6,30,40,100,0.0,0.0,0.0,0.0
37.9,0.0,111.8,30,40,100,0.0,40.0,0.0,5.0
43.2,90.1,32.7,30,40,100,0.0,0.0,67.3,3.4
84.5,66.7,138.2,30,40,100,0.0,0.0,0.0,0.0
0.0,37.3,27.7,30,40,100,30.0,2.7,72.3,5.0
39.4,36.5,0.0,30,40,100,0.0,3.5,100.0,5.0
0.0,14.0,184.2,30,40,100,30.0,26.0,0.0,5.0
41.8,47.3,0.0,30,40,100,0.0,0.0,100.0,5.0
0.0,80.2,271.2,30,40,100,30.0,0.0,0.0,5.0
14.1,8.1,34.0,30,40,100,15.9,31.9,66.0,4.0
17.5,0.0,245.5,30,40,100,12.5,40.0,0.0,5.0
53.7,64.7,0.0,30,40,100,0.0,0.0,100.0,5.0
52.1,49.5,156.2,30,40,100,0.0,0.0,0.0,0.0
0.0,0.0,113.8,30,40,100,30.0,40.0,0.0,5.0
27.5,6.9,141.1,30,40,100,2.5,33.1,0.0,4.1
5.7,1.9,151.6,30,40,100,24.3,38.1,0.0,4.8
0.0,7.3,33.4,30,40,100,30.0,32.7,66.6,5.0
19.8,23.4,0.0,30,40,100,10.2,16.6,100.0,5.0
17.2,25.7,69.4,30,40,100,12.8,14.3,30.6,2.1
95.1,10.3,91.5,30,40,100,0.0,29.7,8.5,3.7
38.3,5.9,35.4,30,40,100,0.0,34.1,64.6,4.3
0.0,27.2,95.9,30,40,100,30.0,12.8,4.1,5.0
9.9,43.2,100.1,30,40,100,20.1,0.0,0.0,3.4
55.0,23.7,0.1,30,40,100,0.0,16.3,99.9,5.0
85.4,83.1,105.3,30,40,100,0.0,0.0,0.0,0.0
0.0,56.9,51.9,30,40,100,30.0,0.0,48.1,5.0
0.0,0.0,17.0,30,40,100,30.0,40.0,83.0,5.0
79.2,57.5,137.0,30,40,100,0.0,0.0,0.0,0.0
37.0,60.8,10.8,30,40,100,0.0,0.0,89.2,4.5
1.2,19.0,36.7,30,40,100,28.8,21.0,63.3,4.8
41.2,0.0,79.3,30,40,100,0.0,40.0,20.7,5.0
0.0,36.8,184.3,30,40,100,30.0,3.2,0.0,5.0
26.0,36.1,89.0,30,40,100,4.0,3.9,11.0,0.7
35.3,0.0,116.1,30,40,100,0.0,40.0,0.0,5.0
52.3,0.0,49.5,30,40,100,0.0,40.0,50.5,5.0
0.0,32.9,67.2,30,40,100,30.0,7.1,32.8,5.0
28.4,27.1,69.6,30,40,100,1.6,12.9,30.4,1.6
0.0,19.7,97.1,30,40,100,30.0,20.3,2.9,5.0
33.2,33.1,49.6,30,40,100,0.0,6.9,50.4,2.5
0.5,0.0,181.6,30,40,100,29.5,40.0,0.0,5.0
14.3,18.9,43.4,30,40,100,15.7,21.1,56.6,2.8
0.0,57.9,0.0,30,40,100,30.0,0.0,100.0,5.0
44.5,22.4,294.7,30,40,100,0.0,17.6,0.0,2.2
50.4,0.0,47.1,30,40,100,0.0,40.0,52.9,5.0
19.3,17.4,179.4,30,40,100,10.7,22.6,0.0,2.8
27.0,0.0,186.8,30,40,100,3.0,40.0,0.0,5.0
0.0,47.2,149.7,30,40,100,30.0,0.0,0.0,5.0
17.4,49.3,57.5,30,40,100,12.6,0.0,42.5,2.1
24.5,0.0,96.6,30,40,100,5.5,40.0,3.4,5.0
100.6,67.0,0.0,30,40,100,0.0,0.0,100.0,5.0
0.0,0.0,234.0,30,40,100,30.0,40.0,0.0,5.0
67.6,99.2,4.8,30,40,100,0.0,0.0,95.2,4.8
54.3,34.5,53.0,30,40,100,0.0,5.5,47.0,2.3
33.9,0.0,81.5,30,40,100,0.0,40.0,18.5,5.0
76.0,0.0,64.8,30,40,100,0.0,40.0,35.2,5.0
36.5,50.5,20.5,30,40,100,0.0,0.0,79.5,4.0
37.0,20.7,185.9,30,40,100,0.0,19.3,0.0,2.4
24.4,32.6,150.1,30,40,100,5.6,7.4,0.0,0.9
60.8,101.4,99.5,30,40,100,0.0,0.0,0.5,0.0
57.2,8.3,41.3,30,40,100,0.0,31.7,58.7,4.0
8.1,38.9,159.3,30,40,100,21.9,1.1,0.0,3.6
0.0,93.6,36.0,30,40,100,30.0,0.0,64.0,5.0
20.2,47.3,200.1,30,40,100,9.8,0.0,0.0,1.6
3.2,0.0,82.5,30,40,100,26.8,40.0,17.5,5.0
24.1,56.8,172.7,30,40,100,5.9,0.0,0.0,1.0
61.2,0.0,64.3,30,40,100,0.0,40.0,35.7,5.0
12.9,93.1,79.3,30,40,100,17.1,0.0,20.7,2.9
24.7,3.3,172.3,30,40,100,5.3,36.7,0.0,4.6
27.6,156.0,250.4,30,40,100,2.4,0.0,0.0,0.4
50.1,95.5,199.3,30,40,100,0.0,0.0,0.0,0.0
0.0,4.4,144.2,30,40,100,30.0,35.6,0.0,5.0
8.7,37.3,121.0,30,40,100,21.3,2.7,0.0,3.6
32.0,66.8,32.6,30,40,100,0.0,0.0,67.4,3.4
60.1,68.0,97.3,30,40,100,0.0,0.0,2.7,0.1
11.9,54.2,0.0,30,40,100,18.1,0.0,100.0,5.0
0.0,86.8,103.8,30,40,100,30.0,0.0,0.0,5.0
43.6,31.5,109.0,30,40,100,0.0,8.5,0.0,1.1
7.9,21.7,0.0,30,40,100,22.1,18.3,100.0,5.0
0.0,22.5,76.6,30,40,100,30.0,17.5,23.4,5.0
8.2,71.0,107.0,30,40,100,21.8,0.0,0.0,3.6
20.7,51.1,66.7,30,40,100,9.3,0.0,33.3,1.7
8.7,48.2,102.4,30,40,100,21.3,0.0,0.0,3.6
0.0,68.5,0.0,30,40,100,30.0,0.0,100.0,5.0
51.5,0.0,10.9,30,40,100,0.0,40.0,89.1,5.0
62.3,48.9,157.0,30,40,100,0.0,0.0,0.0,0.0
44.5,45.2,73.5,30,40,100,0.0,0.0,26.5,1.3
0.0,103.6,100.9,30,40,100,30.0,0.0,0.0,5.0
20.2,0.0,29.4,30,40,100,9.8,40.0,70.6,5.0
25.8,99.1,75.1,30,40,100,4.2,0.0,24.9,1.2
43.0,39.5,0.0,30,40,100,0.0,0.5,100.0,5.0
45.0,56.1,141.7,30,40,100,0.0,0.0,0.0,0.0
5.0,103.9,219.3,30,40,100,25.0,0.0,0.0,4.2
28.3,59.0,0.0,30,40,100,1.7,0.0,100.0,5.0
39.0,52.6,0.0,30,40,100,0.0,0.0,100.0,5.0
67.4,46.2,109.1,30,40,100,0.0,0.0,0.0,0.0
46.0,17.0,192.4,30,40,100,0.0,23.0,0.0,2.9
48.4,35.3,73.3,30,40,100,0.0,4.7,26.7,1.3
28.3,7.7,0.0,30,40,100,1.7,32.3,100.0,5.0
66.1,34.7,56.7,30,40,100,0.0,5.3,43.3,2.2
37.6,0.0,0.0,30,40,100,0.0,40.0,100.0,5.0
1.4,53.7,19.6,30,40,100,28.6,0.0,80.4,4.8
65.9,31.5,49.0,30,40,100,0.0,8.5,51.0,2.6
45.8,22.9,0.0,30,40,100,0.0,17.1,100.0,5.0
13.3,45.3,10.8,30,40,100,16.7,0.0,89.2,4.5
12.3,0.0,79.5,30,40,100,17.7,40.0,20.5,5.0
34.4,114.1,90.8,30,40,100,0.0,0.0,9.2,0.5
39.1,32.3,0.0,30,40,100,0.0,7.7,100.0,5.0
31.6,30.6,105.5,30,40,100,0.0,9.4,0.0,1.2
34.8,0.0,42.7,30,40,100,0.0,40.0,57.3,5.0
74.4,37.4,131.6,30,40,100,0.0,2.6,0.0,0.3
56.5,92.3,136.4,30,40,100,0.0,0.0,0.0,0.0
31.4,78.1,29.6,30,40,100,0.0,0.0,70.4,3.5
52.8,70.8,123.0,30,40,100,0.0,0.0,0.0,0.0
0.0,58.4,6.0,30,40,100,30.0,0.0,94.0,5.0
37.3,22.0,180.3,30,40,100,0.0,18.0,0.0,2.2
77.5,0.0,9.0,30,40,100,0.0,40.0,91.0,5.0
19.7,28.4,101.9,30,40,100,10.3,11.6,0.0,1.7
1.8,27.0,58.4,30,40,100,28.2,13.0,41.6,4.7
7.4,78.7,0.0,30,40,100,22.6,0.0,100.0,5.0
0.0,48.9,146.1,30,40,100,30.0,0.0,0.0,5.0
3.6,101.3,24.0,30,40,100,26.4,0.0,76.0,4.4
15.4,84.6,0.0,30,40,100,14.6,0.0,100.0,5.0
0.0,18.1,0.0,30,40,100,30.0,21.9,100.0,5.0
26.4,0.0,2.9,30,40,100,3.6,40.0,97.1,5.0
51.6,92.2,184.5,30,40,100,0.0,0.0,0.0,0.0
0.1,91.2,174.9,30,40,100,29.9,0.0,0.0,5.0
69.2,0.0,15.5,30,40,100,0.0,40.0,84.5,5.0
40.5,97.2,43.3,30,40,100,0.0,0.0,56.7,2.8
55.3,51.8,36.0,30,40,100,0.0,0.0,64.0,3.2
7.2,42.9,0.0,30,40,100,22.8,0.0,100.0,5.0
50.3,101.4,0.0,30,40,100,0.0,0.0,100.0,5.0
0.0,90.6,152.6,30,40,100,30.0,0.0,0.0,5.0
51.3,62.7,114.1,30,40,100,0.0,0.0,0.0,0.0
30.8,55.5,95.5,30,40,100,0.0,0.0,4.5,0.2
41.7,61.3,0.0,30,40,100,0.0,0.0,100.0,5.0
0.0,20.3,81.6,30,40,100,30.0,19.7,18.4,5.0
0.5,34.2,0.0,30,40,100,29.5,5.8,100.0,5.0
43.0,0.1,141.5,30,40,100,0.0,39.9,0.0,5.0
0.0,23.0,94.3,30,40,100,30.0,17.0,5.7,5.0
39.1,21.7,0.0,30,40,100,0.0,18.3,100.0,5.0
0.0,10.9,203.9,30,40,100,30.0,29.1,0.0,5.0
50.1,42.0,0.0,30,40,100,0.0,0.0,100.0,5.0
0.0,23.4,116.3,30,40,100,30.0,16.6,0.0,5.0
41.7,56.7,118.3,30,40,100,0.0,0.0,0.0,0.0
43.8,0.0,0.0,30,40,100,0.0,40.0,100.0,5.0
6.1,31.9,70.4,30,40,100,23.9,8.1,29.6,4.0
42.5,41.7,0.0,30,40,100,0.0,0.0,100.0,5.0
33.4,23.9,0.0,30,40,100,0.0,16.1,100.0,5.0
10.6,29.5,0.0,30,40,100,19.4,10.5,100.0,5.0
0.0,0.0,23.8,30,40,100,30.0,40.0,76.2,5.0
0.0,50.8,125.5,30,40,100,30.0,0.0,0.0,5.0
35.9,62.5,78.9,30,40,100,0.0,0.0,21.1,1.1
0.0,56.3,81.0,30,40,100,30.0,0.0,19.0,5.0
28.7,78.3,0.0,30,40,100,1.3,0.0,100.0,5.0
18.4,44.6,30.8,30,40,100,11.6,0.0,69.2,3.5
45.3,55.7,0.0,30,40,100,0.0,0.0,100.0,5.0
17.3,42.7,0.0,30,40,100,12.7,0.0,100.0,5.0
16.6,64.1,25.6,30,40,100,13.4,0.0,74.4,3.7
46.8,0.0,79.5,30,40,100,0.0,40.0,20.5,5.0
35.5,0.5,27.3,30,40,100,0.0,39.5,72.7,4.9
35.0,100.3,47.4,30,40,100,0.0,0.0,52.6,2.6
39.3,0.0,129.5,30,40,100,0.0,40.0,0.0,5.0
0.0,30.8,33.1,30,40,100,30.0,9.2,66.9,5.0
47.5,83.6,0.0,30,40,100,0.0,0.0,100.0,5.0
43.4,32.7,118.9,30,40,100,0.0,7.3,0.0,0.9
0.0,20.1,94.9,30,40,100,30.0,19.9,5.1,5.0
19.0,41.7,100.0,30,40,100,11.0,0.0,0.0,1.8
24.8,22.2,124.0,30,40,100,5.2,17.8,0.0,2.2
22.1,37.7,110.3,30,40,100,7.9,2.3,0.0,1.3
35.5,8.9,75.8,30,40,100,0.0,31.1,24.2,3.9
66.7,81.1,266.4,30,40,100,0.0,0.0,0.0,0.0
56.8,93.7,0.0,30,40,100,0.0,0.0,100.0,5.0
0.0,31.1,26.2,30,40,100,30.0,8.9,73.8,5.0
43.7,0.0,151.5,30,40,100,0.0,40.0,0.0,5.0
63.8,15.4,85.0,30,40,100,0.0,24.6,15.0,3.1
37.0,29.0,134.6,30,40,100,0.0,11.0,0.0,1.4
57.0,56.8,87.2,30,40,100,0.0,0.0,12.8,0.6
83.3,0.0,184.3,30,40,100,0.0,40.0,0.0,5.0
55.1,5.5,0.0,30,40,100,0.0,34.5,100.0,5.0
33.1,57.0,181.8,30,40,100,0.0,0.0,0.0,0.0
55.7,74.2,167.9,30,40,100,0.0,0.0,0.0,0.0
30.1,11.4,0.0,30,40,100,0.0,28.6,100.0,5.0
26.6,0.0,124.4,30,40,100,3.4,40.0,0.0,5.0
15.9,168.6,70.0,30,40,100,14.1,0.0,30.0,2.3
70.5,68.0,24.6,30,40,100,0.0,0.0,75.4,3.8
2.6,25.7,0.0,30,40,100,27.4,14.3,100.0,5.0
69.6,71.4,0.0,30,40,100,0.0,0.0,100.0,5.0
40.2,31.4,130.6,30,40,100,0.0,8.6,0.0,1.1
0.0,71.3,139.1,30,40,100,30.0,0.0,0.0,5.0
36.4,42.9,56.5,30,40,100,0.0,0.0,43.5,2.2
0.0,40.1,139.4,30,40,100,30.0,0.0,0.0,5.0
43.8,31.9,149.7,30,40,100,0.0,8.1,0.0,1.0
51.2,0.0,86.0,30,40,100,0.0,40.0,14.0,5.0
9.1,114.4,15.2,30,40,100,20.9,0.0,84.8,4.2
29.5,0.0,109.1,30,40,100,0.5,40.0,0.0,5.0
81.6,0.0,112.8,30,40,100,0.0,40.0,0.0,5.0
11.5,27.9,127.8,30,40,100,18.5,12.1,0.0,3.1
0.0,0.0,143.3,30,40,100,30.0,40.0,0.0,5.0
68.1,34.4,0.0,30,40,100,0.0,5.6,100.0,5.0
81.8,64.1,32.4,30,40,100,0.0,0.0,67.6,3.4
26.1,76.5,0.0,30,40,100,3.9,0.0,100.0,5.0
54.8,69.2,133.7,30,40,100,0.0,0.0,0.0,0.0
64.2,24.1,56.4,30,40,100,0.0,15.9,43.6,2.2
4.8,38.4,108.2,30,40,100,25.2,1.6,0.0,4.2
12.1,52.9,0.0,30,40,100,17.9,0.0,100.0,5.0
61.0,0.0,186.5,30,40,100,0.0,40.0,0.0,5.0
73.9,59.4,0.0,30,40,100,0.0,0.0,100.0,5.0
42.0,0.0,136.0,30,40,100,0.0,40.0,0.0,5.0
0.9,118.6,83.0,30,40,100,29.1,0.0,17.0,4.9
82.5,20.2,58.2,30,40,100,0.0,19.8,41.8,2.5
10.8,29.0,51.7,30,40,100,19.2,11.0,48.3,3.2
16.4,5.5,22.0,30,40,100,13.6,34.5,78.0,4.3
35.7,11.1,177.9,30,40,100,0.0,28.9,0.0,3.6
70.2,128.0,74.5,30,40,100,0.0,0.0,25.5,1.3
50.3,74.3,0.0,30,40,100,0.0,0.0,100.0,5.0
37.8,0.0,42.5,30,40,100,0.0,40.0,57.5,5.0
39.1,97.0,83.8,30,40,100,0.0,0.0,16.2,0.8
27.2,84.5,145.9,30,40,100,2.8,0.0,0.0,0.5
41.8,25.1,24.7,30,40,100,0.0,14.9,75.3,3.8
0.0,48.8,30.1,30,40,100,30.0,0.0,69.9,5.0
17.5,35.8,75.4,30,40,100,12.5,4.2,24.6,2.1
32.8,115.8,143.9,30,40,100,0.0,0.0,0.0,0.0
0.0,4.4,0.0,30,40,100,30.0,35.6,100.0,5.0
37.0,42.3,114.2,30,40,100,0.0,0.0,0.0,0.0
20.1,19.2,36.1,30,40,100,9.9,20.8,63.9,3.2
75.9,0.0,47.3,30,40,100,0.0,40.0,52.7,5.0
70.7,124.6,234.9,30,40,100,0.0,0.0,0.0,0.0
12.7,0.0,57.7,30,40,100,17.3,40.0,42.3,5.0
21.7,45.3,134.4,30,40,100,8.3,0.0,0.0,1.4
23.8,0.0,131.5,30,40,100,6.2,40.0,0.0,5.0
13.1,20.4,0.0,30,40,100,16.9,19.6,100.0,5.0
31.5,53.4,0.0,30,40,100,0.0,0.0,100.0,5.0
4.4,3.3,139.7,30,40,100,25.6,36.7,0.0,4.6
0.0,60.1,0.0,30,40,100,30.0,0.0,100.0,5.0
43.7,25.6,0.0,30,40,100,0.0,14.4,100.0,5.0
43.9,83.1,156.3,30,40,100,0.0,0.0,0.0,0.0
3.0,91.3,0.0,30,40,100,27.0,0.0,100.0,5.0
51.4,12.8,11.2,30,40,100,0.0,27.2,88.8,4.4
8.0,39.5,232.7,30,40,100,22.0,0.5,0.0,3.7
33.2,43.8,0.0,30,40,100,0.0,0.0,100.0,5.0
49.3,61.4,0.0,30,40,100,0.0,0.0,100.0,5.0
25.0,37.0,36.4,30,40,100,5.0,3.0,63.6,3.2
38.9,44.1,54.1,30,40,100,0.0,0.0,45.9,2.3
11.2,26.7,1.4,30,40,100,18.8,13.3,98.6,4.9
20.4,41.1,0.0,30,40,100,9.6,0.0,100.0,5.0
20.1,88.7,195.3,30,40,100,9.9,0.0,0.0,1.6
4.7,62.4,94.7,30,40,100,25.3,0.0,5.3,4.2
20.9,64.7,120.7,30,40,100,9.1,0.0,0.0,1.5
0.0,65.5,62.4,30,40,100,30.0,0.0,37.6,5.0
12.0,30.3,96.8,30,40,100,18.0,9.7,3.2,3.0
17.8,49.3,148.7,30,40,100,12.2,0.0,0.0,2.0
18.7,0.0,0.0,30,40,100,11.3,40.0,100.0,5.0
19.1,87.5,94.9,30,40,100,10.9,0.0,5.1,1.8
24.2,0.0,129.6,30,40,100,5.8,40.0,0.0,5.0
39.6,32.9,198.1,30,40,100,0.0,7.1,0.0,0.9
50.9,82.4,230.6,30,40,100,0.0,0.0,0.0,0.0
7.4,0.0,79.1,30,40,100,22.6,40.0,20.9,5.0
0.0,52.5,165.3,30,40,100,30.0,0.0,0.0,5.0
0.0,9.0,0.0,30,40,100,30.0,31.0,100.0,5.0
12.1,21.6,198.7,30,40,100,17.9,18.4,0.0,3.0
15.9,74.5,15.0,30,40,100,14.1,0.0,85.0,4.2
4.0,44.4,54.1,30,40,100,26.0,0.0,45.9,4.3
0.0,0.0,109.1,30,40,100,30.0,40.0,0.0,5.0
13.0,0.0,61.1,30,40,100,17.0,40.0,38.9,5.0
31.1,75.7,89.3,30,40,100,0.0,0.0,10.7,0.5
42.9,54.5,201.5,30,40,100,0.0,0.0,0.0,0.0
10.1,106.8,42.5,30,40,100,19.9,0.0,57.5,3.3
14.2,104.2,0.0,30,40,100,15.8,0.0,100.0,5.0
0.0,22.7,219.7,30,40,100,30.0,17.3,0.0,5.0
25.1,137.2,116.0,30,40,100,4.9,0.0,0.0,0.8
1.8,37.4,228.5,30,40,100,28.2,2.6,0.0,4.7
42.3,0.0,143.1,30,40,100,0.0,40.0,0.0,5.0
0.0,10.9,0.0,30,40,100,30.0,29.1,100.0,5.0
15.7,0.0,125.5,30,40,100,14.3,40.0,0.0,5.0
34.5,101.1,0.0,30,40,100,0.0,0.0,100.0,5.0
31.2,100.6,74.1,30,40,100,0.0,0.0,25.9,1.3
102.6,0.0,67.4,30,40,100,0.0,40.0,32.6,5.0
35.9,27.3,0.0,30,40,100,0.0,12.7,100.0,5.0
0.0,40.3,7.9,30,40,100,30.0,0.0,92.1,5.0
23.2,0.0,251.3,30,40,100,6.8,40.0,0.0,5.0
0.0,0.0,92.7,30,40,100,30.0,40.0,7.3,5.0
23.7,28.0,59.3,30,40,100,6.3,12.0,40.7,2.0
2.2,23.5,219.7,30,40,100,27.8,16.5,0.0,4.6
52.0,20.8,41.5,30,40,100,0.0,19.2,58.5,2.9
10.3,45.4,66.1,30,40,100,19.7,0.0,33.9,3.3
22.6,94.0,153.4,30,40,100,7.4,0.0,0.0,1.2
7.9,24.2,41.2,30,40,100,22.1,15.8,58.8,3.7
75.5,43.3,13.3,30,40,100,0.0,0.0,86.7,4.3
16.8,65.7,0.0,30,40,100,13.2,0.0,100.0,5.0
78.1,58.7,0.0,30,40,100,0.0,0.0,100.0,5.0
49.1,11.7,0.0,30,40,100,0.0,28.3,100.0,5.0
39.7,40.3,86.3,30,40,100,0.0,0.0,13.7,0.7
36.5,58.5,24.3,30,40,100,0.0,0.0,75.7,3.8
37.2,0.0,247.5,30,40,100,0.0,40.0,0.0,5.0
0.0,87.3,0.0,30,40,100,30.0,0.0,100.0,5.0
18.0,94.1,186.5,30,40,100,12.0,0.0,0.0,2.0
50.0,7.4,91.2,30,40,100,0.0,32.6,8.8,4.1
24.6,44.2,138.6,30,40,100,5.4,0.0,0.0,0.9
0.0,62.3,133.7,30,40,100,30.0,0.0,0.0,5.0
24.5,14.5,0.0,30,40,100,5.5,25.5,100.0,5.0
74.5,55.8,72.6,30,40,100,0.0,0.0,27.4,1.4
61.5,43.0,52.3,30,40,100,0.0,0.0,47.7,2.4
24.2,0.0,0.0,30,40,100,5.8,40.0,100.0,5.0
53.0,54.9,110.6,30,40,100,0.0,0.0,0.0,0.0
15.5,0.0,211.9,30,40,100,14.5,40.0,0.0,5.0
0.0,74.2,0.0,30,40,100,30.0,0.0,100.0,5.0
0.0,9.4,30.4,30,40,100,30.0,30.6,69.6,5.0
70.5,30.0,0.0,30,40,100,0.0,10.0,100.0,5.0
18.1,91.7,79.3,30,40,100,11.9,0.0,20.7,2.0
19.0,56.4,47.2,30,40,100,11.0,0.0,52.8,2.6
17.4,0.0,24.7,30,40,100,12.6,40.0,75.3,5.0
80.2,0.0,129.1,30,40,100,0.0,40.0,0.0,5.0
72.3,12.3,205.4,30,40,100,0.0,27.7,0.0,3.5
89.1,52.3,288.1,30,40,100,0.0,0.0,0.0,0.0
21.4,50.9,13.8,30,40,100,8.6,0.0,86.2,4.3
34.4,2.5,0.0,30,40,100,0.0,37.5,100.0,5.0
0.0,0.0,118.6,30,40,100,30.0,40.0,0.0,5.0
68.0,47.8,203.4,30,40,100,0.0,0.0,0.0,0.0
0.0,29.1,139.1,30,40,100,30.0,10.9,0.0,5.0
32.1,123.3,203.0,30,40,100,0.0,0.0,0.0,0.0
0.0,37.9,55.3,30,40,100,30.0,2.1,44.7,5.0
9.2,109.5,24.3,30,40,100,20.8,0.0,75.7,3.8
2.1,0.0,82.8,30,40,100,27.9,40.0,17.2,5.0
8.6,0.0,46.8,30,40,100,21.4,40.0,53.2,5.0
10.6,0.0,127.0,30,40,100,19.4,40.0,0.0,5.0
10.3,84.3,151.7,30,40,100,19.7,0.0,0.0,3.3
49.7,107.1,158.0,30,40,100,0.0,0.0,0.0,0.0
0.0,5.0,114.7,30,40,100,30.0,35.0,0.0,5.0
32.2,17.9,93.3,30,40,100,0.0,22.1,6.7,2.8
60.6,0.0,137.6,30,40,100,0.0,40.0,0.0,5.0
11.3,0.0,0.0,30,40,100,18.7,40.0,100.0,5.0
5.5,65.4,90.5,30,40,100,24.5,0.0,9.5,4.1
19.4,45.4,77.7,30,40,100,10.6,0.0,22.3,1.8
59.5,36.9,90.7,30,40,100,0.0,3.1,9.3,0.5
31.5,0.0,66.4,30,40,100,0.0,40.0,33.6,5.0
10.8,102.4,108.3,30,40,100,19.2,0.0,0.0,3.2
39.7,16.2,27.2,30,40,100,0.0,23.8,72.8,3.6
0.0,57.9,164.6,30,40,100,30.0,0.0,0.0,5.0
45.4,0.0,111.7,30,40,100,0.0,40.0,0.0,5.0
37.6,28.8,85.6,30,40,100,0.0,11.2,14.4,1.4
17.2,48.2,17.2,30,40,100,12.8,0.0,82.8,4.1
2.1,49.6,139.2,30,40,100,27.9,0.0,0.0,4.6
0.7,42.7,90.2,30,40,100,29.3,0.0,9.8,4.9
41.2,56.3,12.6,30,40,100,0.0,0.0,87.4,4.4
61.0,0.0,68.9,30,40,100,0.0,40.0,31.1,5.0
7.8,44.4,124.2,30,40,100,22.2,0.0,0.0,3.7
39.0,41.0,118.0,30,40,100,0.0,0.0,0.0,0.0
0.0,45.8,112.8,30,40,100,30.0,0.0,0.0,5.0
9.3,39.4,81.0,30,40,100,20.7,0.6,19.0,3.4
25.1,0.0,156.2,30,40,100,4.9,40.0,0.0,5.0
0.0,0.0,173.3,30,40,100,30.0,40.0,0.0,5.0
0.0,0.0,133.0,30,40,100,30.0,40.0,0.0,5.0
6.9,69.3,26.1,30,40,100,23.1,0.0,73.9,3.8
34.3,69.8,0.0,30,40,100,0.0,0.0,100.0,5.0
20.6,70.4,29.6,30,40,100,9.4,0.0,70.4,3.5
0.0,48.8,231.0,30,40,100,30.0,0.0,0.0,5.0
0.0,0.0,96.2,30,40,100,30.0,40.0,3.8,5.0
8.7,0.0,245.0,30,40,100,21.3,40.0,0.0,5.0
39.0,43.3,63.8,30,40,100,0.0,0.0,36.2,1.8
0.0,41.9,52.6,30,40,100,30.0,0.0,47.4,5.0
11.7,27.5,67.5,30,40,100,18.3,12.5,32.5,3.0
11.0,51.3,66.1,30,40,100,19.0,0.0,33.9,3.2
65.5,36.9,11.1,30,40,100,0.0,3.1,88.9,4.4
15.0,41.3,0.0,30,40,100,15.0,0.0,100.0,5.0
36.9,10.7,113.9,30,40,100,0.0,29.3,0.0,3.7
30.0,76.0,158.6,30,40,100,0.0,0.0,0.0,0.0
0.0,19.1,270.7,30,40,100,30.0,20.9,0.0,5.0
47.8,0.0,38.5,30,40,100,0.0,40.0,61.5,5.0
32.1,5.4,45.1,30,40,100,0.0,34.6,54.9,4.3
40.4,22.4,11.3,30,40,100,0.0,17.6,88.7,4.4
137.8,76.5,164.3,30,40,100,0.0,0.0,0.0,0.0
0.0,34.7,139.2,30,40,100,30.0,5.3,0.0,5.0
75.1,29.0,2.8,30,40,100,0.0,11.0,97.2,4.9
17.8,0.0,0.7,30,40,100,12.2,40.0,99.3,5.0
34.1,68.1,150.3,30,40,100,0.0,0.0,0.0,0.0
24.7,10.2,104.4,30,40,100,5.3,29.8,0.0,3.7
13.9,32.4,134.7,30,40,100,16.1,7.6,0.0,2.7
9.7,96.0,2.3,30,40,100,20.3,0.0,97.7,4.9
35.3,56.9,0.0,30,40,100,0.0,0.0,100.0,5.0
0.0,0.0,2.9,30,40,100,30.0,40.0,97.1,5.0
47.3,0.0,129.0,30,40,100,0.0,40.0,0.0,5.0
14.1,33.9,243.7,30,40,100,15.9,6.1,0.0,2.7
0.0,0.0,38.9,30,40,100,30.0,40.0,61.1,5.0
13.1,62.5,257.0,30,40,100,16.9,0.0,0.0,2.8
61.8,38.1,140.4,30,40,100,0.0,1.9,0.0,0.2
10.7,43.1,0.0,30,40,100,19.3,0.0,100.0,5.0
36.2,8.0,90.8,30,40,100,0.0,32.0,9.2,4.0
5.1,106.5,143.2,30,40,100,24.9,0.0,0.0,4.1
47.5,150.8,0.0,30,40,100,0.0,0.0,100.0,5.0
45.5,25.2,125.5,30,40,100,0.0,14.8,0.0,1.8
78.6,50.7,168.1,30,40,100,0.0,0.0,0.0,0.0
21.0,40.4,105.7,30,40,100,9.0,0.0,0.0,1.5
45.0,26.0,68.5,30,40,100,0.0,14.0,31.5,1.8
28.7,3.0,59.5,30,40,100,1.3,37.0,40.5,4.6
62.9,0.0,54.8,30,40,100,0.0,40.0,45.2,5.0
5.5,0.0,0.0,30,40,100,24.5,40.0,100.0,5.0
47.2,52.8,18.1,30,40,100,0.0,0.0,81.9,4.1
20.4,15.5,39.9,30,40,100,9.6,24.5,60.1,3.1
24.1,0.0,82.6,30,40,100,5.9,40.0,17.4,5.0
28.6,54.4,28.6,30,40,100,1.4,0.0,71.4,3.6
33.1,34.9,3.4,30,40,100,0.0,5.1,96.6,4.8
22.6,90.6,134.8,30,40,100,7.4,0.0,0.0,1.2
32.1,51.5,103.4,30,40,100,0.0,0.0,0.0,0.0
70.9,0.0,30.0,30,40,100,0.0,40.0,70.0,5.0
54.0,0.0,114.3,30,40,100,0.0,40.0,0.0,5.0
50.7,7.5,37.0,30,40,100,0.0,32.5,63.0,4.1
13.0,11.3,78.6,30,40,100,17.0,28.7,21.4,3.6
0.6,74.4,152.1,30,40,100,29.4,0.0,0.0,4.9
53.2,36.1,24.8,30,40,100,0.0,3.9,75.2,3.8
50.9,82.1,0.0,30,40,100,0.0,0.0,100.0,5.0
67.9,0.0,61.8,30,40,100,0.0,40.0,38.2,5.0
8.8,75.3,0.0,30,40,100,21.2,0.0,100.0,5.0
19.4,65.5,51.1,30,40,100,10.6,0.0,48.9,2.4
0.0,0.0,50.9,30,40,100,30.0,40.0,49.1,5.0
14.8,89.7,0.0,30,40,100,15.2,0.0,100.0,5.0
54.3,40.2,116.3,30,40,100,0.0,0.0,0.0,0.0
12.7,52.2,58.8,30,40,100,17.3,0.0,41.2,2.9
44.2,1.6,168.8,30,40,100,0.0,38.4,0.0,4.8
20.5,87.8,90.9,30,40,100,9.5,0.0,9.1,1.6
35.2,0.0,132.8,30,40,100,0.0,40.0,0.0,5.0
0.0,69.9,169.5,30,40,100,30.0,0.0,0.0,5.0
28.4,69.5,62.9,30,40,100,1.6,0.0,37.1,1.9
0.0,0.0,73.4,30,40,100,30.0,40.0,26.6,5.0
20.6,116.3,0.0,30,40,100,9.4,0.0,100.0,5.0
0.0,45.8,173.5,30,40,100,30.0,0.0,0.0,5.0
60.3,62.8,61.7,30,40,100,0.0,0.0,38.3,1.9
48.1,0.0,0.0,30,40,100,0.0,40.0,100.0,5.0
39.2,121.7,133.2,30,40,100,0.0,0.0,0.0,0.0
69.3,0.0,0.0,30,40,100,0.0,40.0,100.0,5.0
0.0,77.7,38.9,30,40,100,30.0,0.0,61.1,5.0
75.7,0.0,146.7,30,40,100,0.0,40.0,0.0,5.0
52.5,11.5,38.2,30,40,100,0.0,28.5,61.8,3.6
19.2,68.2,15.6,30,40,100,10.8,0.0,84.4,4.2
58.3,77.8,39.9,30,40,100,0.0,0.0,60.1,3.0
0.0,0.0,0.0,30,40,100,30.0,40.0,100.0,5.0
2.5,80.3,131.2,30,40,100,27.5,0.0,0.0,4.6
8.6,78.5,63.6,30,40,100,21.4,0.0,36.4,3.6
10.9,0.0,51.5,30,40,100,19.1,40.0,48.5,5.0
0.0,100.8,51.8,30,40,100,30.0,0.0,48.2,5.0
60.8,0.0,74.6,30,40,100,0.0,40.0,25.4,5.0
18.6,11.3,126.2,30,40,100,11.4,28.7,0.0,3.6
36.0,55.7,69.3,30,40,100,0.0,0.0,30.7,1.5
9.7,2.1,0.0,30,40,100,20.3,37.9,100.0,5.0
0.0,47.1,119.9,30,40,100,30.0,0.0,0.0,5.0
33.6,46.1,113.7,30,40,100,0.0,0.0,0.0,0.0
0.0,28.9,90.1,30,40,100,30.0,11.1,9.9,5.0
24.0,69.9,160.2,30,40,100,6.0,0.0,0.0,1.0
0.0,27.3,75.9,30,40,100,30.0,12.7,24.1,5.0
82.5,45.8,163.1,30,40,100,0.0,0.0,0.0,0.0
51.9,82.6,187.0,30,40,100,0.0,0.0,0.0,0.0
29.0,68.3,120.5,30,40,100,1.0,0.0,0.0,0.2
61.9,68.1,13.2,30,40,100,0.0,0.0,86.8,4.3
1.9,0.0,62.9,30,40,100,28.1,40.0,37.1,5.0
41.4,57.6,173.4,30,40,100,0.0,0.0,0.0,0.0
31.6,1.1,0.0,30,40,100,0.0,38.9,100.0,5.0
33.5,0.0,41.9,30,40,100,0.0,40.0,58.1,5.0
62.2,33.6,45.8,30,40,100,0.0,6.4,54.2,2.7
46.8,0.1,3.7,30,40,100,0.0,39.9,96.3,5.0
34.2,68.3,143.9,30,40,100,0.0,0.0,0.0,0.0
0.0,69.2,103.9,30,40,100,30.0,0.0,0.0,5.0
0.0,0.0,16.2,30,40,100,30.0,40.0,83.8,5.0
22.5,3.1,122.3,30,40,100,7.5,36.9,0.0,4.6
28.6,0.0,60.7,30,40,100,1.4,40.0,39.3,5.0
0.0,17.8,1.7,30,40,100,30.0,22.2,98.3,5.0
94.6,54.8,16.0,30,40,100,0.0,0.0,84.0,4.2
69.1,26.7,108.7,30,40,100,0.0,13.3,0.0,1.7
43.1,12.7,149.2,30,40,100,0.0,27.3,0.0,3.4
28.0,88.8,34.2,30,40,100,2.0,0.0,65.8,3.3
19.9,0.0,117.4,30,40,100,10.1,40.0,0.0,5.0
0.0,86.2,201.1,30,40,100,30.0,0.0,0.0,5.0
28.2,14.5,0.0,30,40,100,1.8,25.5,100.0,5.0
33.3,33.3,102.2,30,40,100,0.0,6.7,0.0,0.8
0.0,15.2,140.5,30,40,100,30.0,24.8,0.0,5.0
35.5,98.5,65.8,30,40,100,0.0,0.0,34.2,1.7
21.5,0.0,173.4,30,40,100,8.5,40.0,0.0,5.0
0.0,36.9,250.8,30,40,100,30.0,3.1,0.0,5.0
1.4,57.7,101.2,30,40,100,28.6,0.0,0.0,4.8
14.2,0.0,54.7,30,40,100,15.8,40.0,45.3,5.0
79.7,0.0,152.3,30,40,100,0.0,40.0,0.0,5.0
41.8,30.5,141.4,30,40,100,0.0,9.5,0.0,1.2
0.0,0.8,0.0,30,40,100,30.0,39.2,100.0,5.0
39.8,3.6,73.3,30,40,100,0.0,36.4,26.7,4.6
0.0,22.4,41.7,30,40,100,30.0,17.6,58.3,5.0
56.8,62.6,105.5,30,40,100,0.0,0.0,0.0,0.0
12.5,22.7,57.9,30,40,100,17.5,17.3,42.1,2.9
23.3,79.8,66.6,30,40,100,6.7,0.0,33.4,1.7
63.7,0.0,3.9,30,40,100,0.0,40.0,96.1,5.0
0.0,0.0,132.7,30,40,100,30.0,40.0,0.0,5.0
0.0,114.0,207.0,30,40,100,30.0,0.0,0.0,5.0
9.3,10.0,5.1,30,40,100,20.7,30.0,94.9,4.7
55.5,0.0,0.0,30,40,100,0.0,40.0,100.0,5.0
0.0,0.0,75.1,30,40,100,30.0,40.0,24.9,5.0
0.0,79.7,71.2,30,40,100,30.0,0.0,28.8,5.0
13.1,22.7,167.9,30,40,100,16.9,17.3,0.0,2.8
41.7,26.2,0.0,30,40,100,0.0,13.8,100.0,5.0
60.1,30.0,30.1,30,40,100,0.0,10.0,69.9,3.5
12.8,77.2,0.0,30,40,100,17.2,0.0,100.0,5.0
14.2,29.2,184.4,30,40,100,15.8,10.8,0.0,2.6
58.8,130.8,93.7,30,40,100,0.0,0.0,6.3,0.3
0.0,41.8,36.1,30,40,100,30.0,0.0,63.9,5.0
14.9,79.2,0.0,30,40,100,15.1,0.0,100.0,5.0
31.4,68.9,0.0,30,40,100,0.0,0.0,100.0,5.0
38.7,35.0,106.9,30,40,100,0.0,5.0,0.0,0.6
11.4,12.8,0.0,30,40,100,18.6,27.2,100.0,5.0
26.9,49.8,81.9,30,40,100,3.1,0.0,18.1,0.9
0.0,57.0,238.2,30,40,100,30.0,0.0,0.0,5.0
7.2,13.4,45.5,30,40,100,22.8,26.6,54.5,3.8
38.9,43.1,0.0,30,40,100,0.0,0.0,100.0,5.0
0.0,86.2,104.3,30,40,100,30.0,0.0,0.0,5.0
27.6,119.8,0.0,30,40,100,2.4,0.0,100.0,5.0
38.7,70.8,212.2,30,40,100,0.0,0.0,0.0,0.0
16.2,111.4,186.7,30,40,100,13.8,0.0,0.0,2.3
30.8,11.1,60.3,30,40,100,0.0,28.9,39.7,3.6
0.0,64.7,1.1,30,40,100,30.0,0.0,98.9,5.0
20.1,90.3,39.2,30,40,100,9.9,0.0,60.8,3.0
43.3,0.4,49.7,30,40,100,0.0,39.6,50.3,5.0
30.4,16.9,104.4,30,40,100,0.0,23.1,0.0,2.9
9.2,106.4,157.3,30,40,100,20.8,0.0,0.0,3.5
32.3,0.0,0.0,30,40,100,0.0,40.0,100.0,5.0
46.3,0.0,155.0,30,40,100,0.0,40.0,0.0,5.0
0.0,97.9,123.3,30,40,100,30.0,0.0,0.0,5.0
59.0,84.6,32.5,30,40,100,0.0,0.0,67.5,3.4
16.4,53.8,0.0,30,40,100,13.6,0.0,100.0,5.0
38.1,34.6,82.9,30,40,100,0.0,5.4,17.1,0.9
60.0,18.8,0.0,30,40,100,0.0,21.2,100.0,5.0
0.0,47.8,156.1,30,40,100,30.0,0.0,0.0,5.0
5.7,100.0,0.0,30,40,100,24.3,0.0,100.0,5.0
17.7,46.0,117.7,30,40,100,12.3,0.0,0.0,2.1
3.6,123.7,67.0,30,40,100,26.4,0.0,33.0,4.4
75.4,0.3,28.3,30,40,100,0.0,39.7,71.7,5.0
1.6,35.7,65.2,30,40,100,28.4,4.3,34.8,4.7
10.1,21.4,160.6,30,40,100,19.9,18.6,0.0,3.3
31.8,0.0,0.0,30,40,100,0.0,40.0,100.0,5.0
0.0,30.3,40.3,30,40,100,30.0,9.7,59.7,5.0
14.7,53.2,12.9,30,40,100,15.3,0.0,87.1,4.4
35.0,57.5,70.4,30,40,100,0.0,0.0,29.6,1.5
16.5,123.8,18.3,30,40,100,13.5,0.0,81.7,4.1
23.3,55.1,0.0,30,40,100,6.7,0.0,100.0,5.0
10.9,82.7,0.0,30,40,100,19.1,0.0,100.0,5.0
0.0,39.1,205.6,30,40,100,30.0,0.9,0.0,5.0
35.1,104.0,93.4,30,40,100,0.0,0.0,6.6,0.3
75.9,133.0,90.6,30,40,100,0.0,0.0,9.4,0.5
26.5,57.8,50.7,30,40,100,3.5,0.0,49.3,2.5
32.4,0.0,69.3,30,40,100,0.0,40.0,30.7,5.0
45.7,14.4,38.8,30,40,100,0.0,25.6,61.2,3.2
0.0,47.8,116.0,30,40,100,30.0,0.0,0.0,5.0
74.4,54.8,81.6,30,40,100,0.0,0.0,18.4,0.9
31.7,64.6,0.0,30,40,100,0.0,0.0,100.0,5.0
72.4,55.0,94.0,30,40,100,0.0,0.0,6.0,0.3
5.1,36.7,0.0,30,40,100,24.9,3.3,100.0,5.0
77.7,10.8,106.9,30,40,100,0.0,29.2,0.0,3.6
48.0,52.6,0.0,30,40,100,0.0,0.0,100.0,5.0
41.7,111.1,65.7,30,40,100,0.0,0.0,34.3,1.7
32.6,77.5,0.0,30,40,100,0.0,0.0,100.0,5.0
18.9,58.0,73.7,30,40,100,11.1,0.0,26.3,1.9
60.1,77.9,120.1,30,40,100,0.0,0.0,0.0,0.0
29.9,21.5,194.7,30,40,100,0.1,18.5,0.0,2.3
0.0,16.0,0.0,30,40,100,30.0,24.0,100.0,5.0
0.0,6.4,152.2,30,40,100,30.0,33.6,0.0,5.0
20.7,31.4,84.1,30,40,100,9.3,8.6,15.9,1.6
34.8,19.5,37.2,30,40,100,0.0,20.5,62.8,3.1
24.3,85.1,134.8,30,40,100,5.7,0.0,0.0,0.9
60.7,17.3,54.5,30,40,100,0.0,22.7,45.5,2.8
0.0,4.1,131.4,30,40,100,30.0,35.9,0.0,5.0
30.0,114.6,0.0,30,40,100,0.0,0.0,100.0,5.0
0.0,18.3,22.4,30,40,100,30.0,21.7,77.6,5.0
47.6,42.6,149.6,30,40,100,0.0,0.0,0.0,0.0
23.3,54.6,193.3,30,40,100,6.7,0.0,0.0,1.1
37.9,0.0,70.7,30,40,100,0.0,40.0,29.3,5.0
1.3,86.2,0.0,30,40,100,28.7,0.0,100.0,5.0
62.4,62.1,57.4,30,40,100,0.0,0.0,42.6,2.1
55.6,99.2,76.1,30,40,100,0.0,0.0,23.9,1.2
42.6,9.1,54.7,30,40,100,0.0,30.9,45.3,3.9
22.3,40.4,100.6,30,40,100,7.7,0.0,0.0,1.3
42.5,38.0,35.0,30,40,100,0.0,2.0,65.0,3.2
5.8,47.1,141.1,30,40,100,24.2,0.0,0.0,4.0
50.3,0.0,0.0,30,40,100,0.0,40.0,100.0,5.0
72.9,40.9,173.2,30,40,100,0.0,0.0,0.0,0.0
56.4,0.0,198.5,30,40,100,0.0,40.0,0.0,5.0
5.2,50.9,0.0,30,40,100,24.8,0.0,100.0,5.0
36.2,0.0,0.0,30,40,100,0.0,40.0,100.0,5.0
0.0,0.0,106.6,30,40,100,30.0,40.0,0.0,5.0
42.3,69.4,0.0,30,40,100,0.0,0.0,100.0,5.0
38.8,14.4,33.8,30,40,100,0.0,25.6,66.2,3.3
0.0,0.0,162.4,30,40,100,30.0,40.0,0.0,5.0
0.0,87.6,133.0,30,40,100,30.0,0.0,0.0,5.0
17.9,49.6,233.2,30,40,100,12.1,0.0,0.0,2.0
17.4,71.5,87.3,30,40,100,12.6,0.0,12.7,2.1
0.0,29.8,24.2,30,40,100,30.0,10.2,75.8,5.0
37.0,144.3,77.6,30,40,100,0.0,0.0,22.4,1.1
33.1,12.1,61.4,30,40,100,0.0,27.9,38.6,3.5
20.4,106.7,62.5,30,40,100,9.6,0.0,37.5,1.9
4.4,34.0,71.6,30,40,100,25.6,6.0,28.4,4.3
55.8,0.0,0.0,30,40,100,0.0,40.0,100.0,5.0
73.1,55.9,96.3,30,40,100,0.0,0.0,3.7,0.2
12.2,49.1,0.0,30,40,100,17.8,0.0,100.0,5.0
8.5,0.0,15.7,30,40,100,21.5,40.0,84.3,5.0
39.9,0.0,63.9,30,40,100,0.0,40.0,36.1,5.0
15.8,35.5,0.0,30,40,100,14.2,4.5,100.0,5.0
22.0,50.5,135.5,30,40,100,8.0,0.0,0.0,1.3
47.0,0.0,0.0,30,40,100,0.0,40.0,100.0,5.0
0.0,78.8,127.5,30,40,100,30.0,0.0,0.0,5.0
63.5,16.5,0.0,30,40,100,0.0,23.5,100.0,5.0
28.0,0.0,40.8,30,40,100,2.0,40.0,59.2,5.0
14.2,74.3,115.4,30,40,100,15.8,0.0,0.0,2.6
23.4,35.5,250.8,30,40,100,6.6,4.5,0.0,1.1
24.9,85.4,82.9,30,40,100,5.1,0.0,17.1,0.9
0.0,54.1,0.0,30,40,100,30.0,0.0,100.0,5.0
68.5,36.4,150.4,30,40,100,0.0,3.6,0.0,0.5
27.1,30.3,54.8,30,40,100,2.9,9.7,45.2,2.3
38.6,55.9,79.1,30,40,100,0.0,0.0,20.9,1.0
53.1,19.8,118.5,30,40,100,0.0,20.2,0.0,2.5
0.0,2.1,0.0,30,40,100,30.0,37.9,100.0,5.0
39.4,61.0,74.0,30,40,100,0.0,0.0,26.0,1.3
18.3,30.6,40.5,30,40,100,11.7,9.4,59.5,3.0
50.1,37.8,172.0,30,40,100,0.0,2.2,0.0,0.3
0.0,80.3,132.1,30,40,100,30.0,0.0,0.0,5.0
23.1,31.9,0.0,30,40,100,6.9,8.1,100.0,5.0
8.8,37.1,175.3,30,40,100,21.2,2.9,0.0,3.5
38.3,12.3,109.7,30,40,100,0.0,27.7,0.0,3.5
39.3,53.8,0.0,30,40,100,0.0,0.0,100.0,5.0
5.8,50.5,78.0,30,40,100,24.2,0.0,22.0,4.0
5.7,72.7,156.9,30,40,100,24.3,0.0,0.0,4.1
22.8,13.1,0.0,30,40,100,7.2,26.9,100.0,5.0
0.4,18.0,184.6,30,40,100,29.6,22.0,0.0,4.9
49.9,68.3,0.0,30,40,100,0.0,0.0,100.0,5.0
15.4,46.6,9.7,30,40,100,14.6,0.0,90.3,4.5
0.0,0.0,0.0,30,40,100,30.0,40.0,100.0,5.0
15.3,89.0,184.5,30,40,100,14.7,0.0,0.0,2.4
0.0,0.0,33.9,30,40,100,30.0,40.0,66.1,5.0
0.0,68.0,0.0,30,40,100,30.0,0.0,100.0,5.0
0.0,0.0,109.4,30,40,100,30.0,40.0,0.0,5.0
29.1,112.3,126.8,30,40,100,0.9,0.0,0.0,0.1
63.8,0.0,127.3,30,40,100,0.0,40.0,0.0,5.0
34.9,82.8,51.6,30,40,100,0.0,0.0,48.4,2.4
8.7,33.2,94.0,30,40,100,21.3,6.8,6.0,3.6
38.9,21.7,21.1,30,40,100,0.0,18.3,78.9,3.9
12.9,43.9,208.6,30,40,100,17.1,0.0,0.0,2.9
6.2,61.9,165.8,30,40,100,23.8,0.0,0.0,4.0
0.0,0.0,160.8,30,40,100,30.0,40.0,0.0,5.0
0.0,3.6,137.5,30,40,100,30.0,36.4,0.0,5.0
14.8,62.6,115.4,30,40,100,15.2,0.0,0.0,2.5
30.5,0.0,0.0,30,40,100,0.0,40.0,100.0,5.0
23.2,12.9,124.6,30,40,100,6.8,27.1,0.0,3.4
14.1,158.8,82.7,30,40,100,15.9,0.0,17.3,2.7
0.0,0.0,175.4,30,40,100,30.0,40.0,0.0,5.0
43.3,82.6,138.6,30,40,100,0.0,0.0,0.0,0.0
0.0,12.9,117.9,30,40,100,30.0,27.1,0.0,5.0
48.1,56.9,0.0,30,40,100,0.0,0.0,100.0,5.0
0.0,62.8,66.3,30,40,100,30.0,0.0,33.7,5.0
4.5,81.9,28.5,30,40,100,25.5,0.0,71.5,4.2
0.0,28.4,93.8,30,40,100,30.0,11.6,6.2,5.0
11.7,116.5,40.0,30,40,100,18.3,0.0,60.0,3.0
53.7,12.7,51.2,30,40,100,0.0,27.3,48.8,3.4
40.6,45.9,110.5,30,40,100,0.0,0.0,0.0,0.0
53.8,46.3,38.6,30,40,100,0.0,0.0,61.4,3.1
40.8,0.0,83.3,30,40,100,0.0,40.0,16.7,5.0
0.0,24.9,0.0,30,40,100,30.0,15.1,100.0,5.0
16.5,42.9,6.4,30,40,100,13.5,0.0,93.6,4.7
3.7,19.1,126.4,30,40,100,26.3,20.9,0.0,4.4
63.8,134.7,0.0,30,40,100,0.0,0.0,100.0,5.0
0.0,2.7,174.0,30,40,100,30.0,37.3,0.0,5.0
51.4,83.9,152.1,30,40,100,0.0,0.0,0.0,0.0
51.4,70.9,51.9,30,40,100,0.0,0.0,48.1,2.4
78.1,35.9,315.3,30,40,100,0.0,4.1,0.0,0.5
14.3,1.6,173.7,30,40,100,15.7,38.4,0.0,4.8
46.2,5.5,0.0,30,40,100,0.0,34.5,100.0,5.0
90.9,15.6,133.7,30,40,100,0.0,24.4,0.0,3.0
8.4,0.0,78.8,30,40,100,21.6,40.0,21.2,5.0
0.0,0.0,10.9,30,40,100,30.0,40.0,89.1,5.0
0.0,0.0,0.0,30,40,100,30.0,40.0,100.0,5.0
46.2,90.6,153.7,30,40,100,0.0,0.0,0.0,0.0
0.0,61.3,25.3,30,40,100,30.0,0.0,74.7,5.0
15.3,68.1,65.3,30,40,100,14.7,0.0,34.7,2.4
38.4,60.1,0.0,30,40,100,0.0,0.0,100.0,5.0
31.2,43.2,13.2,30,40,100,0.0,0.0,86.8,4.3
38.1,95.2,63.3,30,40,100,0.0,0.0,36.7,1.8
32.3,11.9,104.8,30,40,100,0.0,28.1,0.0,3.5
62.4,40.7,0.0,30,40,100,0.0,0.0,100.0,5.0
0.0,66.5,74.9,30,40,100,30.0,0.0,25.1,5.0
6.7,0.0,13.3,30,40,100,23.3,40.0,86.7,5.0
3.9,161.1,186.6,30,40,100,26.1,0.0,0.0,4.4
49.6,37.6,310.8,30,40,100,0.0,2.4,0.0,0.3
51.6,42.2,44.5,30,40,100,0.0,0.0,55.5,2.8
38.8,87.0,0.0,30,40,100,0.0,0.0,100.0,5.0
59.7,73.3,82.9,30,40,100,0.0,0.0,17.1,0.9
0.0,38.0,56.9,30,40,100,30.0,2.0,43.1,5.0
73.4,41.7,232.5,30,40,100,0.0,0.0,0.0,0.0
69.3,0.0,207.9,30,40,100,0.0,40.0,0.0,5.0
46.9,14.1,143.3,30,40,100,0.0,25.9,0.0,3.2
76.7,57.3,26.2,30,40,100,0.0,0.0,73.8,3.7
0.0,54.3,128.2,30,40,100,30.0,0.0,0.0,5.0
11.0,85.6,94.9,30,40,100,19.0,0.0,5.1,3.2
5.0,31.6,93.0,30,40,100,25.0,8.4,7.0,4.2
46.5,0.0,0.0,30,40,100,0.0,40.0,100.0,5.0
0.0,79.0,159.1,30,40,100,30.0,0.0,0.0,5.0
47.5,94.2,82.2,30,40,100,0.0,0.0,17.8,0.9
65.0,72.6,65.4,30,40,100,0.0,0.0,34.6,1.7
45.7,29.9,25.1,30,40,100,0.0,10.1,74.9,3.7
34.0,78.5,9.5,30,40,100,0.0,0.0,90.5,4.5
0.0,174.4,99.1,30,40,100,30.0,0.0,0.9,5.0
1.8,41.1,0.0,30,40,100,28.2,0.0,100.0,5.0
61.5,0.0,137.2,30,40,100,0.0,40.0,0.0,5.0
48.1,12.9,0.0,30,40,100,0.0,27.1,100.0,5.0
24.8,61.6,0.0,30,40,100,5.2,0.0,100.0,5.0
14.1,0.0,220.4,30,40,100,15.9,40.0,0.0,5.0
0.0,43.3,4.3,30,40,100,30.0,0.0,95.7,5.0
0.0,51.8,15.3,30,40,100,30.0,0.0,84.7,5.0
80.4,98.2,165.0,30,40,100,0.0,0.0,0.0,0.0
0.0,89.2,223.0,30,40,100,30.0,0.0,0.0,5.0
31.3,71.2,0.0,30,40,100,0.0,0.0,100.0,5.0
54.6,0.0,0.0,30,40,100,0.0,40.0,100.0,5.0
0.0,73.5,2.3,30,40,100,30.0,0.0,97.7,5.0
31.2,64.8,148.9,30,40,100,0.0,0.0,0.0,0.0
52.7,46.7,205.7,30,40,100,0.0,0.0,0.0,0.0
26.3,0.0,0.0,30,40,100,3.7,40.0,100.0,5.0
107.6,5.2,187.6,30,40,100,0.0,34.8,0.0,4.4
0.0,0.0,16.3,30,40,100,30.0,40.0,83.7,5.0
56.1,0.0,100.6,30,40,100,0.0,40.0,0.0,5.0
21.0,36.3,0.0,30,40,100,9.0,3.7,100.0,5.0
47.9,4.3,63.7,30,40,100,0.0,35.7,36.3,4.5
38.5,142.1,64.5,30,40,100,0.0,0.0,35.5,1.8
5.1,29.7,48.1,30,40,100,24.9,10.3,51.9,4.1
32.5,88.5,104.5,30,40,100,0.0,0.0,0.0,0.0
0.0,0.0,0.0,30,40,100,30.0,40.0,100.0,5.0
43.1,15.1,2.2,30,40,100,0.0,24.9,97.8,4.9
34.4,40.3,108.8,30,40,100,0.0,0.0,0.0,0.0
44.1,0.0,181.7,30,40,100,0.0,40.0,0.0,5.0
56.1,19.5,71.7,30,40,100,0.0,20.5,28.3,2.6
36.4,27.7,114.1,30,40,100,0.0,12.3,0.0,1.5
30.2,27.0,134.6,30,40,100,0.0,13.0,0.0,1.6
0.9,111.1,140.5,30,40,100,29.1,0.0,0.0,4.9
5.7,51.7,0.0,30,40,100,24.3,0.0,100.0,5.0
59.7,55.7,10.8,30,40,100,0.0,0.0,89.2,4.5
66.9,58.2,17.8,30,40,100,0.0,0.0,82.2,4.1
19.2,61.1,229.0,30,40,100,10.8,0.0,0.0,1.8
27.3,33.1,114.5,30,40,100,2.7,6.9,0.0,0.9
0.2,23.5,110.9,30,40,100,29.8,16.5,0.0,5.0
59.3,43.2,103.0,30,40,100,0.0,0.0,0.0,0.0
44.9,83.0,0.0,30,40,100,0.0,0.0,100.0,5.0
81.2,81.8,229.8,30,40,100,0.0,0.0,0.0,0.0
0.9,26.8,112.1,30,40,100,29.1,13.2,0.0,4.9
15.2,67.3,131.8,30,40,100,14.8,0.0,0.0,2.5
32.5,28.6,0.0,30,40,100,0.0,11.4,100.0,5.0
44.4,37.8,136.4,30,40,100,0.0,2.2,0.0,0.3
19.8,17.4,44.8,30,40,100,10.2,22.6,55.2,2.8
1.1,29.1,0.0,30,40,100,28.9,10.9,100.0,5.0
51.1,90.4,0.0,30,40,100,0.0,0.0,100.0,5.0
46.5,40.2,0.0,30,40,100,0.0,0.0,100.0,5.0
0.0,41.9,0.0,30,40,100,30.0,0.0,100.0,5.0
64.6,0.0,78.4,30,40,100,0.0,40.0,21.6,5.0
59.3,24.0,42.3,30,40,100,0.0,16.0,57.7,2.9
29.8,26.7,100.4,30,40,100,0.2,13.3,0.0,1.7
28.2,3.1,208.7,30,40,100,1.8,36.9,0.0,4.6
41.7,37.3,63.1,30,40,100,0.0,2.7,36.9,1.8
1.4,19.2,0.0,30,40,100,28.6,20.8,100.0,5.0
26.8,39.7,54.0,30,40,100,3.2,0.3,46.0,2.3
0.0,41.3,169.7,30,40,100,30.0,0.0,0.0,5.0
50.9,0.0,66.6,30,40,100,0.0,40.0,33.4,5.0
0.0,20.4,196.8,30,40,100,30.0,19.6,0.0,5.0
68.8,39.6,110.0,30,40,100,0.0,0.4,0.0,0.0
16.6,84.1,0.0,30,40,100,13.4,0.0,100.0,5.0
19.9,46.8,82.3,30,40,100,10.1,0.0,17.7,1.7
8.1,9.8,97.4,30,40,100,21.9,30.2,2.6,3.8
17.7,52.5,160.6,30,40,100,12.3,0.0,0.0,2.1
66.3,105.2,220.2,30,40,100,0.0,0.0,0.0,0.0
0.0,73.3,146.7,30,40,100,30.0,0.0,0.0,5.0
62.3,58.5,109.0,30,40,100,0.0,0.0,0.0,0.0
35.6,65.6,128.0,30,40,100,0.0,0.0,0.0,0.0
0.0,94.4,59.9,30,40,100,30.0,0.0,40.1,5.0
0.0,79.7,0.0,30,40,100,30.0,0.0,100.0,5.0
73.7,59.3,76.8,30,40,100,0.0,0.0,23.2,1.2
0.0,79.5,103.0,30,40,100,30.0,0.0,0.0,5.0
0.0,0.0,0.0,30,40,100,30.0,40.0,100.0,5.0
58.3,0.0,180.5,30,40,100,0.0,40.0,0.0,5.0
35.6,42.8,154.6,30,40,100,0.0,0.0,0.0,0.0
0.0,39.2,0.0,30,40,100,30.0,0.8,100.0,5.0
32.1,14.6,183.6,30,40,100,0.0,25.4,0.0,3.2
0.0,69.7,48.6,30,40,100,30.0,0.0,51.4,5.0
57.3,0.0,10.7,30,40,100,0.0,40.0,89.3,5.0
56.2,14.9,160.5,30,40,100,0.0,25.1,0.0,3.1
41.1,16.9,69.4,30,40,100,0.0,23.1,30.6,2.9
36.3,0.0,226.7,30,40,100,0.0,40.0,0.0,5.0
76.1,96.6,4.7,30,40,100,0.0,0.0,95.3,4.8
25.9,0.0,0.0,30,40,100,4.1,40.0,100.0,5.0
0.0,12.8,50.9,30,40,100,30.0,27.2,49.1,5.0
38.8,73.0,137.1,30,40,100,0.0,0.0,0.0,0.0
85.4,62.4,0.0,30,40,100,0.0,0.0,100.0,5.0
0.0,0.0,0.0,30,40,100,30.0,40.0,100.0,5.0
15.7,63.9,92.0,30,40,100,14.3,0.0,8.0,2.4
37.8,48.1,0.0,30,40,100,0.0,0.0,100.0,5.0
24.4,130.3,98.2,30,40,100,5.6,0.0,1.8,0.9
0.0,52.7,46.0,30,40,100,30.0,0.0,54.0,5.0
57.9,30.8,113.4,30,40,100,0.0,9.2,0.0,1.2
92.0,2.0,0.0,30,40,100,0.0,38.0,100.0,5.0
31.5,6.5,178.2,30,40,100,0.0,33.5,0.0,4.2
0.2,3.2,58.7,30,40,100,29.8,36.8,41.3,5.0
0.0,91.6,135.1,30,40,100,30.0,0.0,0.0,5.0
33.3,37.2,150.9,30,40,100,0.0,2.8,0.0,0.3
57.4,59.2,0.0,30,40,100,0.0,0.0,100.0,5.0
39.5,97.4,144.6,30,40,100,0.0,0.0,0.0,0.0
25.9,0.0,0.0,30,40,100,4.1,40.0,100.0,5.0
9.2,87.9,0.0,30,40,100,20.8,0.0,100.0,5.0
0.0,38.7,231.9,30,40,100,30.0,1.3,0.0,5.0
49.7,54.0,163.2,30,40,100,0.0,0.0,0.0,0.0
52.0,3.1,240.7,30,40,100,0.0,36.9,0.0,4.6
0.0,6.1,43.6,30,40,100,30.0,33.9,56.4,5.0
71.2,56.1,81.8,30,40,100,0.0,0.0,18.2,0.9
42.3,132.4,116.0,30,40,100,0.0,0.0,0.0,0.0
65.8,76.8,72.5,30,40,100,0.0,0.0,27.5,1.4
0.0,87.4,13.3,30,40,100,30.0,0.0,86.7,5.0
0.0,28.7,1.2,30,40,100,30.0,11.3,98.8,5.0
21.7,12.3,90.7,30,40,100,8.3,27.7,9.3,3.5
40.3,5.0,0.0,30,40,100,0.0,35.0,100.0,5.0
77.1,16.8,0.0,30,40,100,0.0,23.2,100.0,5.0
46.1,0.0,105.2,30,40,100,0.0,40.0,0.0,5.0
19.0,7.3,65.8,30,40,100,11.0,32.7,34.2,4.1
0.0,13.9,149.1,30,40,100,30.0,26.1,0.0,5.0
61.0,29.4,39.2,30,40,100,0.0,10.6,60.8,3.0
0.0,41.7,26.6,30,40,100,30.0,0.0,73.4,5.0
72.3,51.0,107.7,30,40,100,0.0,0.0,0.0,0.0
17.9,35.8,8.0,30,40,100,12.1,4.2,92.0,4.6
71.2,13.0,20.4,30,40,100,0.0,27.0,79.6,4.0
45.3,0.0,23.6,30,40,100,0.0,40.0,76.4,5.0
22.1,13.3,56.6,30,40,100,7.9,26.7,43.4,3.3
11.2,0.0,216.4,30,40,100,18.8,40.0,0.0,5.0
16.2,55.2,0.0,30,40,100,13.8,0.0,100.0,5.0
38.1,73.0,178.0,30,40,100,0.0,0.0,0.0,0.0
28.1,74.2,133.0,30,40,100,1.9,0.0,0.0,0.3
9.0,66.9,199.9,30,40,100,21.0,0.0,0.0,3.5
21.2,31.1,326.5,30,40,100,8.8,8.9,0.0,1.5
28.2,15.4,188.9,30,40,100,1.8,24.6,0.0,3.1
0.0,6.4,148.1,30,40,100,30.0,33.6,0.0,5.0
39.0,0.0,0.0,30,40,100,0.0,40.0,100.0,5.0
0.0,76.4,0.0,30,40,100,30.0,0.0,100.0,5.0
0.0,29.4,102.5,30,40,100,30.0,10.6,0.0,5.0
0.0,0.0,0.0,30,40,100,30.0,40.0,100.0,5.0
0.0,3.2,123.1,30,40,100,30.0,36.8,0.0,5.0
0.0,1.6,0.0,30,40,100,30.0,38.4,100.0,5.0
5.8,38.2,166.4,30,40,100,24.2,1.8,0.0,4.0
81.6,79.4,47.6,30,40,100,0.0,0.0,52.4,2.6
11.0,22.4,83.7,30,40,100,19.0,17.6,16.3,3.2
31.0,0.0,13.1,30,40,100,0.0,40.0,86.9,5.0
37.4,28.8,0.0,30,40,100,0.0,11.2,100.0,5.0
29.7,30.2,173.1,30,40,100,0.3,9.8,0.0,1.2
23.7,27.4,181.2,30,40,100,6.3,12.6,0.0,1.6
0.0,11.2,45.1,30,40,100,30.0,28.8,54.9,5.0
67.3,45.2,126.9,30,40,100,0.0,0.0,0.0,0.0
77.4,39.1,42.0,30,40,100,0.0,0.9,58.0,2.9
0.0,35.4,96.8,30,40,100,30.0,4.6,3.2,5.0
0.0,53.1,134.7,30,40,100,30.0,0.0,0.0,5.0
18.0,19.1,118.3,30,40,100,12.0,20.9,0.0,2.6
0.0,16.9,181.6,30,40,100,30.0,23.1,0.0,5.0
40.4,92.0,115.3,30,40,100,0.0,0.0,0.0,0.0
5.2,59.0,75.8,30,40,100,24.8,0.0,24.2,4.1
87.6,69.7,12.1,30,40,100,0.0,0.0,87.9,4.4
59.9,85.8,34.9,30,40,100,0.0,0.0,65.1,3.3
32.0,57.6,138.8,30,40,100,0.0,0.0,0.0,0.0
55.2,73.8,0.0,30,40,100,0.0,0.0,100.0,5.0
57.4,0.0,162.7,30,40,100,0.0,40.0,0.0,5.0
9.9,44.7,50.8,30,40,100,20.1,0.0,49.2,3.4
2.7,29.1,7.5,30,40,100,27.3,10.9,92.5,4.6
28.2,104.0,0.0,30,40,100,1.8,0.0,100.0,5.0
50.5,73.8,127.9,30,40,100,0.0,0.0,0.0,0.0
29.9,11.1,72.3,30,40,100,0.1,28.9,27.7,3.6
0.0,51.5,201.6,30,40,100,30.0,0.0,0.0,5.0
3.1,43.2,0.0,30,40,100,26.9,0.0,100.0,5.0
23.8,54.7,26.9,30,40,100,6.2,0.0,73.1,3.7
23.8,0.0,66.1,30,40,100,6.2,40.0,33.9,5.0
82.1,50.9,12.9,30,40,100,0.0,0.0,87.1,4.4
0.0,27.3,74.0,30,40,100,30.0,12.7,26.0,5.0
40.3,47.8,99.3,30,40,100,0.0,0.0,0.7,0.0
68.4,7.3,112.6,30,40,100,0.0,32.7,0.0,4.1
90.6,12.9,195.0,30,40,100,0.0,27.1,0.0,3.4
14.4,83.7,0.0,30,40,100,15.6,0.0,100.0,5.0
39.9,0.0,100.7,30,40,100,0.0,40.0,0.0,5.0
42.2,0.0,21.3,30,40,100,0.0,40.0,78.7,5.0
31.5,34.4,108.2,30,40,100,0.0,5.6,0.0,0.7
23.1,5.4,108.3,30,40,100,6.9,34.6,0.0,4.3
38.4,0.8,0.0,30,40,100,0.0,39.2,100.0,5.0
0.0,40.7,0.8,30,40,100,30.0,0.0,99.2,5.0
45.4,0.0,114.8,30,40,100,0.0,40.0,0.0,5.0
29.5,0.0,75.4,30,40,100,0.5,40.0,24.6,5.0
19.6,119.1,55.8,30,40,100,10.4,0.0,44.2,2.2
84.2,54.9,126.6,30,40,100,0.0,0.0,0.0,0.0
6.7,6.4,132.5,30,40,100,23.3,33.6,0.0,4.2
14.5,53.3,30.8,30,40,100,15.5,0.0,69.2,3.5
82.7,59.3,4.8,30,40,100,0.0,0.0,95.2,4.8
2.3,76.5,0.0,30,40,100,27.7,0.0,100.0,5.0
10.3,31.3,76.2,30,40,100,19.7,8.7,23.8,3.3
21.8,75.7,0.0,30,40,100,8.2,0.0,100.0,5.0
49.9,0.0,81.5,30,40,100,0.0,40.0,18.5,5.0
31.9,0.0,171.6,30,40,100,0.0,40.0,0.0,5.0
0.0,43.0,45.0,30,40,100,30.0,0.0,55.0,5.0
10.8,49.7,30.3,30,40,100,19.2,0.0,69.7,3.5
8.7,0.0,234.6,30,40,100,21.3,40.0,0.0,5.0
23.8,46.9,195.2,30,40,100,6.2,0.0,0.0,1.0
38.1,11.3,11.8,30,40,100,0.0,28.7,88.2,4.4
37.9,25.3,84.7,30,40,100,0.0,14.7,15.3,1.8
0.0,77.7,100.0,30,40,100,30.0,0.0,0.0,5.0
56.3,73.0,89.9,30,40,100,0.0,0.0,10.1,0.5
33.1,0.0,219.8,30,40,100,0.0,40.0,0.0,5.0
65.4,0.0,80.5,30,40,100,0.0,40.0,19.5,5.0
38.6,19.9,92.6,30,40,100,0.0,20.1,7.4,2.5
57.3,35.4,129.0,30,40,100,0.0,4.6,0.0,0.6
39.2,10.0,169.5,30,40,100,0.0,30.0,0.0,3.8
64.3,78.3,149.1,30,40,100,0.0,0.0,0.0,0.0
40.8,50.4,116.9,30,40,100,0.0,0.0,0.0,0.0
23.2,52.8,0.0,30,40,100,6.8,0.0,100.0,5.0
90.7,0.0,34.1,30,40,100,0.0,40.0,65.9,5.0
51.3,83.4,139.6,30,40,100,0.0,0.0,0.0,0.0
42.3,0.0,93.7,30,40,100,0.0,40.0,6.3,5.0
0.0,70.0,140.1,30,40,100,30.0,0.0,0.0,5.0
0.0,74.0,225.7,30,40,100,30.0,0.0,0.0,5.0
34.3,19.0,0.0,30,40,100,0.0,21.0,100.0,5.0
30.1,87.7,165.3,30,40,100,0.0,0.0,0.0,0.0
8.5,33.9,46.9,30,40,100,21.5,6.1,53.1,3.6
30.0,39.0,148.9,30,40,100,0.0,1.0,0.0,0.1
71.2,50.1,70.2,30,40,100,0.0,0.0,29.8,1.5
45.8,164.7,245.0,30,40,100,0.0,0.0,0.0,0.0
0.0,90.6,84.0,30,40,100,30.0,0.0,16.0,5.0
22.8,64.7,21.8,30,40,100,7.2,0.0,78.2,3.9
3.0,0.0,107.4,30,40,100,27.0,40.0,0.0,5.0
14.9,42.2,99.6,30,40,100,15.1,0.0,0.4,2.5
14.2,3.7,165.3,30,40,100,15.8,36.3,0.0,4.5
12.3,69.5,109.6,30,40,100,17.7,0.0,0.0,2.9
0.0,42.1,273.1,30,40,100,30.0,0.0,0.0,5.0
22.3,0.0,64.5,30,40,100,7.7,40.0,35.5,5.0
10.0,39.7,65.5,30,40,100,20.0,0.3,34.5,3.3
0.0,2.3,24.8,30,40,100,30.0,37.7,75.2,5.0
84.4,42.5,80.4,30,40,100,0.0,0.0,19.6,1.0
57.0,1.9,92.1,30,40,100,0.0,38.1,7.9,4.8
15.2,37.6,96.2,30,40,100,14.8,2.4,3.8,2.5
26.5,66.6,78.9,30,40,100,3.5,0.0,21.1,1.1
0.0,34.3,24.3,30,40,100,30.0,5.7,75.7,5.0
74.2,20.7,2.4,30,40,100,0.0,19.3,97.6,4.9
80.0,44.6,43.2,30,40,100,0.0,0.0,56.8,2.8
30.4,64.5,165.6,30,40,100,0.0,0.0,0.0,0.0
55.1,0.0,182.9,30,40,100,0.0,40.0,0.0,5.0
30.9,46.9,67.3,30,40,100,0.0,0.0,32.7,1.6
0.0,89.5,0.0,30,40,100,30.0,0.0,100.0,5.0
14.2,59.5,66.9,30,40,100,15.8,0.0,33.1,2.6
29.7,38.8,242.2,30,40,100,0.3,1.2,0.0,0.2
13.0,62.2,154.1,30,40,100,17.0,0.0,0.0,2.8
19.7,54.7,117.9,30,40,100,10.3,0.0,0.0,1.7
23.3,66.8,151.1,30,40,100,6.7,0.0,0.0,1.1
23.6,0.0,197.7,30,40,100,6.4,40.0,0.0,5.0
27.4,0.0,0.0,30,40,100,2.6,40.0,100.0,5.0
0.0,76.9,41.9,30,40,100,30.0,0.0,58.1,5.0
5.5,0.0,30.9,30,40,100,24.5,40.0,69.1,5.0
0.0,52.6,120.8,30,40,100,30.0,0.0,0.0,5.0
53.8,22.3,86.4,30,40,100,0.0,17.7,13.6,2.2
0.0,0.0,134.5,30,40,100,30.0,40.0,0.0,5.0
58.8,50.5,32.6,30,40,100,0.0,0.0,67.4,3.4
65.4,44.5,184.1,30,40,100,0.0,0.0,0.0,0.0
17.3,121.4,67.9,30,40,100,12.7,0.0,32.1,2.1
0.0,11.3,129.5,30,40,100,30.0,28.7,0.0,5.0
15.7,94.4,169.9,30,40,100,14.3,0.0,0.0,2.4
24.1,50.6,163.4,30,40,100,5.9,0.0,0.0,1.0
0.0,9.8,102.6,30,40,100,30.0,30.2,0.0,5.0
11.3,68.6,139.6,30,40,100,18.7,0.0,0.0,3.1
69.5,59.2,214.0,30,40,100,0.0,0.0,0.0,0.0
44.9,37.9,114.9,30,40,100,0.0,2.1,0.0,0.3
0.0,47.2,14.7,30,40,100,30.0,0.0,85.3,5.0
0.0,12.4,120.5,30,40,100,30.0,27.6,0.0,5.0
16.6,3.2,70.5,30,40,100,13.4,36.8,29.5,4.6
19.9,67.0,0.0,30,40,100,10.1,0.0,100.0,5.0
40.1,27.4,110.8,30,40,100,0.0,12.6,0.0,1.6
10.7,33.2,82.9,30,40,100,19.3,6.8,17.1,3.2
40.5,47.7,166.8,30,40,100,0.0,0.0,0.0,0.0
81.1,47.1,13.0,30,40,100,0.0,0.0,87.0,4.4
49.2,0.0,0.0,30,40,100,0.0,40.0,100.0,5.0
24.6,88.2,87.1,30,40,100,5.4,0.0,12.9,0.9
20.7,41.3,104.2,30,40,100,9.3,0.0,0.0,1.6
15.8,28.3,81.1,30,40,100,14.2,11.7,18.9,2.4
59.6,53.8,75.2,30,40,100,0.0,0.0,24.8,1.2
8.1,46.0,0.0,30,40,100,21.9,0.0,100.0,5.0
27.2,67.3,62.3,30,40,100,2.8,0.0,37.7,1.9
27.4,58.1,45.4,30,40,100,2.6,0.0,54.6,2.7
11.7,65.3,160.0,30,40,100,18.3,0.0,0.0,3.0
0.0,90.8,104.1,30,40,100,30.0,0.0,0.0,5.0
35.1,72.0,51.1,30,40,100,0.0,0.0,48.9,2.4
24.2,30.0,212.5,30,40,100,5.8,10.0,0.0,1.2
40.2,0.0,51.8,30,40,100,0.0,40.0,48.2,5.0
10.8,103.6,118.5,30,40,100,19.2,0.0,0.0,3.2
60.7,26.9,60.0,30,40,100,0.0,13.1,40.0,2.0
1.0,17.4,205.0,30,40,100,29.0,22.6,0.0,4.8
74.7,0.0,80.5,30,40,100,0.0,40.0,19.5,5.0
0.0,50.1,82.9,30,40,100,30.0,0.0,17.1,5.0
38.3,42.4,62.2,30,40,100,0.0,0.0,37.8,1.9
39.5,0.0,89.3,30,40,100,0.0,40.0,10.7,5.0
3.3,54.7,170.2,30,40,100,26.7,0.0,0.0,4.4
38.0,16.4,141.7,30,40,100,0.0,23.6,0.0,3.0
62.4,144.7,75.8,30,40,100,0.0,0.0,24.2,1.2
0.0,13.5,210.7,30,40,100,30.0,26.5,0.0,5.0
40.3,18.9,143.9,30,40,100,0.0,21.1,0.0,2.6
0.0,1.2,38.2,30,40,100,30.0,38.8,61.8,5.0
0.0,87.9,0.0,30,40,100,30.0,0.0,100.0,5.0
72.3,21.4,40.0,30,40,100,0.0,18.6,60.0,3.0
9.4,7.3,106.8,30,40,100,20.6,32.7,0.0,4.1
0.0,64.9,121.7,30,40,100,30.0,0.0,0.0,5.0
20.3,0.0,183.1,30,40,100,9.7,40.0,0.0,5.0
84.8,61.6,0.0,30,40,100,0.0,0.0,100.0,5.0
0.0,108.1,38.1,30,40,100,30.0,0.0,61.9,5.0
0.0,59.3,0.0,30,40,100,30.0,0.0,100.0,5.0
68.6,62.1,0.0,30,40,100,0.0,0.0,100.0,5.0
78.9,71.5,22.9,30,40,100,0.0,0.0,77.1,3.9
23.0,105.3,103.1,30,40,100,7.0,0.0,0.0,1.2
0.0,85.1,135.7,30,40,100,30.0,0.0,0.0,5.0
85.6,54.1,0.0,30,40,100,0.0,0.0,100.0,5.0
71.4,72.8,8.2,30,40,100,0.0,0.0,91.8,4.6
45.3,0.8,0.0,30,40,100,0.0,39.2,100.0,5.0
2.8,67.7,90.8,30,40,100,27.2,0.0,9.2,4.5
24.6,0.0,14.5,30,40,100,5.4,40.0,85.5,5.0
21.4,21.7,207.6,30,40,100,8.6,18.3,0.0,2.3
35.4,0.0,106.5,30,40,100,0.0,40.0,0.0,5.0
67.3,52.6,59.7,30,40,100,0.0,0.0,40.3,2.0
51.0,10.5,21.8,30,40,100,0.0,29.5,78.2,3.9
0.0,81.2,0.0,30,40,100,30.0,0.0,100.0,5.0
65.2,52.2,0.0,30,40,100,0.0,0.0,100.0,5.0
34.9,81.7,23.3,30,40,100,0.0,0.0,76.7,3.8
45.5,0.0,17.1,30,40,100,0.0,40.0,82.9,5.0
67.7,78.2,0.0,30,40,100,0.0,0.0,100.0,5.0
0.0,121.2,103.9,30,40,100,30.0,0.0,0.0,5.0
24.9,67.2,115.0,30,40,100,5.1,0.0,0.0,0.9
10.8,68.3,36.5,30,40,100,19.2,0.0,63.5,3.2
0.0,43.3,229.6,30,40,100,30.0,0.0,0.0,5.0
35.8,15.3,0.0,30,40,100,0.0,24.7,100.0,5.0
97.5,67.1,78.2,30,40,100,0.0,0.0,21.8,1.1
0.0,0.0,55.9,30,40,100,30.0,40.0,44.1,5.0
25.0,19.6,29.1,30,40,100,5.0,20.4,70.9,3.5
44.2,0.0,17.2,30,40,100,0.0,40.0,82.8,5.0
29.5,8.1,72.9,30,40,100,0.5,31.9,27.1,4.0
22.7,62.3,55.3,30,40,100,7.3,0.0,44.7,2.2
0.0,56.8,41.9,30,40,100,30.0,0.0,58.1,5.0
32.6,38.5,0.0,30,40,100,0.0,1.5,100.0,5.0
4.4,43.3,0.0,30,40,100,25.6,0.0,100.0,5.0
0.0,0.0,50.2,30,40,100,30.0,40.0,49.8,5.0
60.0,21.5,41.1,30,40,100,0.0,18.5,58.9,2.9
53.2,9.0,57.6,30,40,100,0.0,31.0,42.4,3.9
27.4,9.9,64.7,30,40,100,2.6,30.1,35.3,3.8
32.5,60.6,31.4,30,40,100,0.0,0.0,68.6,3.4
56.5,1.8,56.4,30,40,100,0.0,38.2,43.6,4.8
32.3,12.1,4.7,30,40,100,0.0,27.9,95.3,4.8
51.7,0.0,196.4,30,40,100,0.0,40.0,0.0,5.0
17.5,24.6,9.0,30,40,100,12.5,15.4,91.0,4.6
63.3,0.0,43.6,30,40,100,0.0,40.0,56.4,5.0
35.1,39.6,15.1,30,40,100,0.0,0.4,84.9,4.2
31.5,0.0,13.8,30,40,100,0.0,40.0,86.2,5.0
0.0,40.7,75.5,30,40,100,30.0,0.0,24.5,5.0
34.1,30.6,65.3,30,40,100,0.0,9.4,34.7,1.7
2.3,103.7,36.4,30,40,100,27.7,0.0,63.6,4.6
7.8,56.5,50.6,30,40,100,22.2,0.0,49.4,3.7
2.7,0.0,15.4,30,40,100,27.3,40.0,84.6,5.0
0.0,0.0,105.9,30,40,100,30.0,40.0,0.0,5.0
86.5,38.7,239.2,30,40,100,0.0,1.3,0.0,0.2
63.9,0.0,2.9,30,40,100,0.0,40.0,97.1,5.0
80.6,0.0,105.3,30,40,100,0.0,40.0,0.0,5.0
0.0,90.8,77.1,30,40,100,30.0,0.0,22.9,5.0
28.0,65.4,127.4,30,40,100,2.0,0.0,0.0,0.3
0.0,57.4,129.7,30,40,100,30.0,0.0,0.0,5.0
6.1,12.0,90.1,30,40,100,23.9,28.0,9.9,4.0
0.0,53.7,70.3,30,40,100,30.0,0.0,29.7,5.0
61.3,8.1,38.5,30,40,100,0.0,31.9,61.5,4.0
14.7,44.7,11.8,30,40,100,15.3,0.0,88.2,4.4
56.4,0.0,65.7,30,40,100,0.0,40.0,34.3,5.0
43.2,97.5,0.0,30,40,100,0.0,0.0,100.0,5.0
91.6,0.0,25.6,30,40,100,0.0,40.0,74.4,5.0
0.0,86.0,162.8,30,40,100,30.0,0.0,0.0,5.0
61.8,38.0,81.4,30,40,100,0.0,2.0,18.6,0.9
58.6,16.7,145.5,30,40,100,0.0,23.3,0.0,2.9
0.0,43.2,192.0,30,40,100,30.0,0.0,0.0,5.0
54.6,66.0,59.2,30,40,100,0.0,0.0,40.8,2.0
35.5,91.5,90.2,30,40,100,0.0,0.0,9.8,0.5
19.5,49.0,49.2,30,40,100,10.5,0.0,50.8,2.5
2.5,0.6,8.0,30,40,100,27.5,39.4,92.0,4.9
5.5,38.7,0.0,30,40,100,24.5,1.3,100.0,5.0
84.3,109.6,141.5,30,40,100,0.0,0.0,0.0,0.0
26.0,90.7,90.3,30,40,100,4.0,0.0,9.7,0.7
48.2,73.0,222.4,30,40,100,0.0,0.0,0.0,0.0
3.4,68.5,151.9,30,40,100,26.6,0.0,0.0,4.4
3.7,64.6,14.5,30,40,100,26.3,0.0,85.5,4.4
56.8,83.1,141.3,30,40,100,0.0,0.0,0.0,0.0
0.0,18.1,48.9,30,40,100,30.0,21.9,51.1,5.0
14.1,0.0,171.6,30,40,100,15.9,40.0,0.0,5.0
26.9,39.2,34.3,30,40,100,3.1,0.8,65.7,3.3
29.1,3.5,0.0,30,40,100,0.9,36.5,100.0,5.0
20.9,0.0,9.3,30,40,100,9.1,40.0,90.7,5.0
37.2,7.5,13.4,30,40,100,0.0,32.5,86.6,4.3
45.7,136.5,5.7,30,40,100,0.0,0.0,94.3,4.7
46.9,41.9,27.3,30,40,100,0.0,0.0,72.7,3.6
0.0,51.0,142.6,30,40,100,30.0,0.0,0.0,5.0
17.9,0.0,218.3,30,40,100,12.1,40.0,0.0,5.0
60.0,0.0,0.0,30,40,100,0.0,40.0,100.0,5.0
51.4,3.5,175.4,30,40,100,0.0,36.5,0.0,4.6
0.0,94.3,35.0,30,40,100,30.0,0.0,65.0,5.0
36.0,49.9,101.6,30,40,100,0.0,0.0,0.0,0.0
0.0,60.5,0.0,30,40,100,30.0,0.0,100.0,5.0
27.3,66.2,115.8,30,40,100,2.7,0.0,0.0,0.4
80.0,12.6,0.0,30,40,100,0.0,27.4,100.0,5.0
0.0,92.3,98.8,30,40,100,30.0,0.0,1.2,5.0
2.2,11.0,94.2,30,40,100,27.8,29.0,5.8,4.6
47.7,93.0,88.9,30,40,100,0.0,0.0,11.1,0.6
0.0,54.2,14.2,30,40,100,30.0,0.0,85.8,5.0
7.9,0.0,117.8,30,40,100,22.1,40.0,0.0,5.0
42.9,6.3,105.0,30,40,100,0.0,33.7,0.0,4.2
7.9,0.0,56.6,30,40,100,22.1,40.0,43.4,5.0
19.2,83.3,127.7,30,40,100,10.8,0.0,0.0,1.8
47.1,35.5,65.8,30,40,100,0.0,4.5,34.2,1.7
38.0,0.0,116.1,30,40,100,0.0,40.0,0.0,5.0
33.6,51.6,63.3,30,40,100,0.0,0.0,36.7,1.8
16.3,14.8,91.0,30,40,100,13.7,25.2,9.0,3.2
36.5,0.0,119.8,30,40,100,0.0,40.0,0.0,5.0
22.4,104.0,41.4,30,40,100,7.6,0.0,58.6,2.9
39.0,40.8,0.0,30,40,100,0.0,0.0,100.0,5.0
11.8,24.6,95.8,30,40,100,18.2,15.4,4.2,3.0
20.8,20.4,169.4,30,40,100,9.2,19.6,0.0,2.4
0.0,0.0,97.6,30,40,100,30.0,40.0,2.4,5.0
25.0,0.0,99.2,30,40,100,5.0,40.0,0.8,5.0
2.9,88.2,70.1,30,40,100,27.1,0.0,29.9,4.5
0.0,17.4,133.1,30,40,100,30.0,22.6,0.0,5.0
33.3,37.3,58.5,30,40,100,0.0,2.7,41.5,2.1
32.0,0.0,36.9,30,40,100,0.0,40.0,63.1,5.0
48.2,0.0,162.6,30,40,100,0.0,40.0,0.0,5.0
13.7,61.0,30.7,30,40,100,16.3,0.0,69.3,3.5
37.6,51.6,145.2,30,40,100,0.0,0.0,0.0,0.0
41.6,107.0,162.7,30,40,100,0.0,0.0,0.0,0.0
38.6,90.5,119.2,30,40,100,0.0,0.0,0.0,0.0
2.4,27.2,0.0,30,40,100,27.6,12.8,100.0,5.0
30.2,55.5,75.7,30,40,100,0.0,0.0,24.3,1.2
36.3,23.7,57.2,30,40,100,0.0,16.3,42.8,2.1
26.2,119.1,33.5,30,40,100,3.8,0.0,66.5,3.3
0.0,82.7,85.0,30,40,100,30.0,0.0,15.0,5.0
30.5,43.3,135.5,30,40,100,0.0,0.0,0.0,0.0
89.0,44.5,36.5,30,40,100,0.0,0.0,63.5,3.2
15.7,94.6,59.7,30,40,100,14.3,0.0,40.3,2.4
5.2,59.8,54.1,30,40,100,24.8,0.0,45.9,4.1
36.6,99.2,167.4,30,40,100,0.0,0.0,0.0,0.0
34.8,0.0,52.8,30,40,100,0.0,40.0,47.2,5.0
59.9,55.0,0.0,30,40,100,0.0,0.0,100.0,5.0
0.0,15.7,0.0,30,40,100,30.0,24.3,100.0,5.0
46.8,107.1,102.7,30,40,100,0.0,0.0,0.0,0.0
42.8,98.7,12.2,30,40,100,0.0,0.0,87.8,4.4
21.9,37.8,127.4,30,40,100,8.1,2.2,0.0,1.4
35.6,98.2,0.0,30,40,100,0.0,0.0,100.0,5.0
55.3,108.2,30.0,30,40,100,0.0,0.0,70.0,3.5
50.8,39.4,0.0,30,40,100,0.0,0.6,100.0,5.0
0.0,135.9,108.5,30,40,100,30.0,0.0,0.0,5.0
49.3,35.2,125.8,30,40,100,0.0,4.8,0.0,0.6
24.1,27.8,100.8,30,40,100,5.9,12.2,0.0,1.5
28.0,71.3,0.0,30,40,100,2.0,0.0,100.0,5.0
28.0,22.2,13.4,30,40,100,2.0,17.8,86.6,4.3
21.7,39.9,92.4,30,40,100,8.3,0.1,7.6,1.4
59.9,93.2,0.0,30,40,100,0.0,0.0,100.0,5.0
23.6,37.2,54.0,30,40,100,6.4,2.8,46.0,2.3
0.0,0.0,195.8,30,40,100,30.0,40.0,0.0,5.0
14.7,51.2,59.0,30,40,100,15.3,0.0,41.0,2.6
31.0,8.4,0.0,30,40,100,0.0,31.6,100.0,5.0
61.0,71.3,24.5,30,40,100,0.0,0.0,75.5,3.8
43.1,64.5,22.6,30,40,100,0.0,0.0,77.4,3.9
1.7,95.7,246.1,30,40,100,28.3,0.0,0.0,4.7
96.7,73.0,207.8,30,40,100,0.0,0.0,0.0,0.0
33.5,80.3,132.4,30,40,100,0.0,0.0,0.0,0.0
62.3,9.5,45.8,30,40,100,0.0,30.5,54.2,3.8
21.6,68.8,170.3,30,40,100,8.4,0.0,0.0,1.4
41.1,115.7,0.0,30,40,100,0.0,0.0,100.0,5.0
49.9,8.7,160.3,30,40,100,0.0,31.3,0.0,3.9
60.6,108.9,148.3,30,40,100,0.0,0.0,0.0,0.0
56.1,14.3,61.3,30,40,100,0.0,25.7,38.7,3.2
50.8,2.2,165.4,30,40,100,0.0,37.8,0.0,4.7
17.0,48.4,37.4,30,40,100,13.0,0.0,62.6,3.1
9.7,65.3,0.0,30,40,100,20.3,0.0,100.0,5.0
35.4,73.1,152.4,30,40,100,0.0,0.0,0.0,0.0
52.5,0.0,66.6,30,40,100,0.0,40.0,33.4,5.0
19.6,53.9,122.0,30,40,100,10.4,0.0,0.0,1.7
56.3,8.9,220.3,30,40,100,0.0,31.1,0.0,3.9
67.3,0.0,15.2,30,40,100,0.0,40.0,84.8,5.0
0.0,0.0,61.9,30,40,100,30.0,40.0,38.1,5.0
2.1,6.2,200.1,30,40,100,27.9,33.8,0.0,4.6
22.0,57.4,127.4,30,40,100,8.0,0.0,0.0,1.3
34.7,82.8,17.1,30,40,100,0.0,0.0,82.9,4.1
11.0,0.0,0.0,30,40,100,19.0,40.0,100.0,5.0
64.5,50.6,30.9,30,40,100,0.0,0.0,69.1,3.5
38.0,0.0,13.9,30,40,100,0.0,40.0,86.1,5.0
27.1,61.8,92.6,30,40,100,2.9,0.0,7.4,0.5
0.0,11.4,79.8,30,40,100,30.0,28.6,20.2,5.0
0.0,0.0,96.0,30,40,100,30.0,40.0,4.0,5.0
34.0,68.6,5.7,30,40,100,0.0,0.0,94.3,4.7
0.0,12.8,67.8,30,40,100,30.0,27.2,32.2,5.0
54.8,23.7,0.0,30,40,100,0.0,16.3,100.0,5.0
21.4,0.0,85.2,30,40,100,8.6,40.0,14.8,5.0
118.3,74.5,168.3,30,40,100,0.0,0.0,0.0,0.0
91.7,69.5,0.0,30,40,100,0.0,0.0,100.0,5.0
20.8,36.7,112.5,30,40,100,9.2,3.3,0.0,1.5
22.9,0.0,24.2,30,40,100,7.1,40.0,75.8,5.0
54.3,85.1,138.2,30,40,100,0.0,0.0,0.0,0.0
74.5,9.6,86.3,30,40,100,0.0,30.4,13.7,3.8
0.0,18.2,106.1,30,40,100,30.0,21.8,0.0,5.0
0.0,129.5,78.7,30,40,100,30.0,0.0,21.3,5.0
8.2,8.1,180.6,30,40,100,21.8,31.9,0.0,4.0
42.5,66.3,101.5,30,40,100,0.0,0.0,0.0,0.0
40.1,59.1,16.6,30,40,100,0.0,0.0,83.4,4.2
56.4,52.1,81.5,30,40,100,0.0,0.0,18.5,0.9
0.0,47.8,43.7,30,40,100,30.0,0.0,56.3,5.0
0.0,51.6,86.6,30,40,100,30.0,0.0,13.4,5.0
50.4,47.4,39.6,30,40,100,0.0,0.0,60.4,3.0
2.4,34.4,18.9,30,40,100,27.6,5.6,81.1,4.6
0.0,97.3,89.6,30,40,100,30.0,0.0,10.4,5.0
30.1,0.0,78.0,30,40,100,0.0,40.0,22.0,5.0
48.5,77.6,159.3,30,40,100,0.0,0.0,0.0,0.0
22.5,69.5,40.0,30,40,100,7.5,0.0,60.0,3.0
12.9,64.6,0.0,30,40,100,17.1,0.0,100.0,5.0
21.4,81.4,44.2,30,40,100,8.6,0.0,55.8,2.8
15.4,32.7,0.0,30,40,100,14.6,7.3,100.0,5.0
0.0,0.0,107.0,30,40,100,30.0,40.0,0.0,5.0
5.6,33.5,0.0,30,40,100,24.4,6.5,100.0,5.0
40.8,0.0,0.0,30,40,100,0.0,40.0,100.0,5.0
35.1,7.0,44.3,30,40,100,0.0,33.0,55.7,4.1
30.7,0.0,198.0,30,40,100,0.0,40.0,0.0,5.0
0.0,17.2,0.0,30,40,100,30.0,22.8,100.0,5.0
20.8,12.4,74.5,30,40,100,9.2,27.6,25.5,3.4
0.0,0.0,120.3,30,40,100,30.0,40.0,0.0,5.0
31.0,64.6,193.2,30,40,100,0.0,0.0,0.0,0.0
66.6,125.8,136.2,30,40,100,0.0,0.0,0.0,0.0
0.0,60.8,161.7,30,40,100,30.0,0.0,0.0,5.0
9.3,28.3,143.2,30,40,100,20.7,11.7,0.0,3.4
35.3,34.2,0.0,30,40,100,0.0,5.8,100.0,5.0
61.6,19.5,102.5,30,40,100,0.0,20.5,0.0,2.6
13.2,40.1,141.9,30,40,100,16.8,0.0,0.0,2.8
6.2,35.0,0.0,30,40,100,23.8,5.0,100.0,5.0
0.0,2.6,26.7,30,40,100,30.0,37.4,73.3,5.0
28.9,104.2,8.7,30,40,100,1.1,0.0,91.3,4.6
84.1,0.0,135.8,30,40,100,0.0,40.0,0.0,5.0
33.9,65.4,67.9,30,40,100,0.0,0.0,32.1,1.6
25.3,32.4,47.6,30,40,100,4.7,7.6,52.4,2.6
35.1,112.9,0.0,30,40,100,0.0,0.0,100.0,5.0
25.6,50.2,68.1,30,40,100,4.4,0.0,31.9,1.6
2.8,22.0,27.7,30,40,100,27.2,18.0,72.3,4.5
49.4,26.5,93.1,30,40,100,0.0,13.5,6.9,1.7
32.4,38.1,0.0,30,40,100,0.0,1.9,100.0,5.0
26.5,0.0,87.8,30,40,100,3.5,40.0,12.2,5.0
0.0,5.6,38.1,30,40,100,30.0,34.4,61.9,5.0
63.1,0.0,0.0,30,40,100,0.0,40.0,100.0,5.0
44.9,0.0,0.0,30,40,100,0.0,40.0,100.0,5.0
10.2,40.2,0.0,30,40,100,19.8,0.0,100.0,5.0
54.5,48.5,56.9,30,40,100,0.0,0.0,43.1,2.2
11.8,0.0,83.3,30,40,100,18.2,40.0,16.7,5.0
3.7,30.9,95.3,30,40,100,26.3,9.1,4.7,4.4
4.3,59.1,98.3,30,40,100,25.7,0.0,1.7,4.3
0.0,29.9,12.3,30,40,100,30.0,10.1,87.7,5.0
39.4,10.9,158.9,30,40,100,0.0,29.1,0.0,3.6
0.0,19.9,37.8,30,40,100,30.0,20.1,62.2,5.0
0.0,14.7,109.8,30,40,100,30.0,25.3,0.0,5.0
0.0,10.8,60.3,30,40,100,30.0,29.2,39.7,5.0
23.5,43.4,103.8,30,40,100,6.5,0.0,0.0,1.1
21.7,129.3,56.2,30,40,100,8.3,0.0,43.8,2.2
16.6,6.5,105.2,30,40,100,13.4,33.5,0.0,4.2
0.0,23.6,72.9,30,40,100,30.0,16.4,27.1,5.0
0.0,34.4,139.1,30,40,100,30.0,5.6,0.0,5.0
39.2,8.8,7.5,30,40,100,0.0,31.2,92.5,4.6
10.3,80.6,0.0,30,40,100,19.7,0.0,100.0,5.0
35.0,0.0,0.0,30,40,100,0.0,40.0,100.0,5.0
0.7,15.1,159.7,30,40,100,29.3,24.9,0.0,4.9
31.1,69.4,61.0,30,40,100,0.0,0.0,39.0,2.0
63.1,24.6,80.9,30,40,100,0.0,15.4,19.1,1.9
42.6,3.4,0.0,30,40,100,0.0,36.6,100.0,5.0
14.2,54.2,78.8,30,40,100,15.8,0.0,21.2,2.6
33.3,72.9,0.0,30,40,100,0.0,0.0,100.0,5.0
19.1,44.9,2.9,30,40,100,10.9,0.0,97.1,4.9
26.2,4.2,41.0,30,40,100,3.8,35.8,59.0,4.5
16.7,54.8,109.4,30,40,100,13.3,0.0,0.0,2.2
21.3,20.3,118.0,30,40,100,8.7,19.7,0.0,2.5
32.0,66.4,120.2,30,40,100,0.0,0.0,0.0,0.0
0.0,96.1,0.0,30,40,100,30.0,0.0,100.0,5.0
0.0,0.0,73.0,30,40,100,30.0,40.0,27.0,5.0
0.0,40.9,57.6,30,40,100,30.0,0.0,42.4,5.0
0.0,0.0,0.0,30,40,100,30.0,40.0,100.0,5.0
0.0,134.7,74.8,30,40,100,30.0,0.0,25.2,5.0
30.5,17.6,53.3,30,40,100,0.0,22.4,46.7,2.8
0.5,66.5,114.7,30,40,100,29.5,0.0,0.0,4.9
40.6,35.0,80.0,30,40,100,0.0,5.0,20.0,1.0
26.9,4.1,29.2,30,40,100,3.1,35.9,70.8,4.5
0.0,0.0,148.2,30,40,100,30.0,40.0,0.0,5.0
44.6,100.3,0.0,30,40,100,0.0,0.0,100.0,5.0
49.0,74.9,68.3,30,40,100,0.0,0.0,31.7,1.6
0.0,114.7,0.0,30,40,100,30.0,0.0,100.0,5.0
37.9,38.7,0.0,30,40,100,0.0,1.3,100.0,5.0
1.6,48.0,115.8,30,40,100,28.4,0.0,0.0,4.7
28.7,25.7,0.0,30,40,100,1.3,14.3,100.0,5.0
0.0,24.9,0.0,30,40,100,30.0,15.1,100.0,5.0
0.0,0.0,265.6,30,40,100,30.0,40.0,0.0,5.0
15.0,39.8,0.0,30,40,100,15.0,0.2,100.0,5.0
22.4,4.7,206.6,30,40,100,7.6,35.3,0.0,4.4
14.6,54.2,59.6,30,40,100,15.4,0.0,40.4,2.6
0.0,43.3,31.2,30,40,100,30.0,0.0,68.8,5.0
14.6,48.0,119.2,30,40,100,15.4,0.0,0.0,2.6
33.6,103.9,181.3,30,40,100,0.0,0.0,0.0,0.0
24.7,34.9,0.0,30,40,100,5.3,5.1,100.0,5.0
31.1,66.9,32.3,30,40,100,0.0,0.0,67.7,3.4
6.9,119.0,141.8,30,40,100,23.1,0.0,0.0,3.8
59.3,89.0,96.7,30,40,100,0.0,0.0,3.3,0.2
0.0,82.9,162.4,30,40,100,30.0,0.0,0.0,5.0
39.8,24.1,115.0,30,40,100,0.0,15.9,0.0,2.0
59.6,45.7,219.3,30,40,100,0.0,0.0,0.0,0.0
39.6,0.0,87.9,30,40,100,0.0,40.0,12.1,5.0
20.2,56.5,91.4,30,40,100,9.8,0.0,8.6,1.6
10.9,47.5,99.4,30,40,100,19.1,0.0,0.6,3.2
55.5,37.4,62.0,30,40,100,0.0,2.6,38.0,1.9
0.0,77.8,141.9,30,40,100,30.0,0.0,0.0,5.0
0.0,0.0,92.6,30,40,100,30.0,40.0,7.4,5.0
14.6,102.2,137.1,30,40,100,15.4,0.0,0.0,2.6
61.2,72.7,149.7,30,40,100,0.0,0.0,0.0,0.0
36.8,33.6,108.0,30,40,100,0.0,6.4,0.0,0.8
0.0,30.5,114.0,30,40,100,30.0,9.5,0.0,5.0
17.1,55.8,0.0,30,40,100,12.9,0.0,100.0,5.0
8.5,97.7,29.1,30,40,100,21.5,0.0,70.9,3.6
5.7,40.5,141.5,30,40,100,24.3,0.0,0.0,4.1
53.8,42.2,188.3,30,40,100,0.0,0.0,0.0,0.0
0.0,37.2,0.0,30,40,100,30.0,2.8,100.0,5.0
71.8,108.2,27.7,30,40,100,0.0,0.0,72.3,3.6
49.5,21.6,75.4,30,40,100,0.0,18.4,24.6,2.3
57.0,35.3,2.6,30,40,100,0.0,4.7,97.4,4.9
12.8,95.3,7.2,30,40,100,17.2,0.0,92.8,4.6
21.7,42.4,111.8,30,40,100,8.3,0.0,0.0,1.4
0.0,82.2,201.0,30,40,100,30.0,0.0,0.0,5.0
11.0,0.0,0.0,30,40,100,19.0,40.0,100.0,5.0
40.0,28.2,59.7,30,40,100,0.0,11.8,40.3,2.0
62.9,96.2,110.9,30,40,100,0.0,0.0,0.0,0.0
0.0,9.2,136.4,30,40,100,30.0,30.8,0.0,5.0
15.5,30.4,99.2,30,40,100,14.5,9.6,0.8,2.4
21.6,46.8,215.5,30,40,100,8.4,0.0,0.0,1.4
0.0,0.0,75.8,30,40,100,30.0,40.0,24.2,5.0
42.8,19.8,179.3,30,40,100,0.0,20.2,0.0,2.5
5.3,41.0,21.4,30,40,100,24.7,0.0,78.6,4.1
20.4,38.3,78.2,30,40,100,9.6,1.7,21.8,1.6
13.1,88.0,0.0,30,40,100,16.9,0.0,100.0,5.0
3.5,98.5,146.1,30,40,100,26.5,0.0,0.0,4.4
25.8,2.0,63.8,30,40,100,4.2,38.0,36.2,4.8
19.8,40.9,102.4,30,40,100,10.2,0.0,0.0,1.7
15.4,63.6,48.2,30,40,100,14.6,0.0,51.8,2.6
5.2,97.5,120.8,30,40,100,24.8,0.0,0.0,4.1
35.1,65.4,105.5,30,40,100,0.0,0.0,0.0,0.0
73.0,48.2,0.0,30,40,100,0.0,0.0,100.0,5.0
29.9,63.3,0.0,30,40,100,0.1,0.0,100.0,5.0
54.3,63.6,71.3,30,40,100,0.0,0.0,28.7,1.4
0.0,0.0,126.7,30,40,100,30.0,40.0,0.0,5.0
30.4,44.2,223.7,30,40,100,0.0,0.0,0.0,0.0
0.0,95.2,97.9,30,40,100,30.0,0.0,2.1,5.0
0.0,28.1,154.7,30,40,100,30.0,11.9,0.0,5.0
4.9,41.7,0.0,30,40,100,25.1,0.0,100.0,5.0
59.9,26.7,235.8,30,40,100,0.0,13.3,0.0,1.7
53.0,0.0,122.3,30,40,100,0.0,40.0,0.0,5.0
32.9,37.3,69.5,30,40,100,0.0,2.7,30.5,1.5
0.0,48.6,60.2,30,40,100,30.0,0.0,39.8,5.0
20.4,15.8,0.0,30,40,100,9.6,24.2,100.0,5.0
34.5,0.0,7.3,30,40,100,0.0,40.0,92.7,5.0
31.0,1.0,227.6,30,40,100,0.0,39.0,0.0,4.9
0.0,67.2,0.0,30,40,100,30.0,0.0,100.0,5.0
0.6,115.8,0.0,30,40,100,29.4,0.0,100.0,5.0
24.1,92.1,16.9,30,40,100,5.9,0.0,83.1,4.2
41.2,0.0,0.0,30,40,100,0.0,40.0,100.0,5.0
0.0,70.8,74.7,30,40,100,30.0,0.0,25.3,5.0
21.3,9.8,161.3,30,40,100,8.7,30.2,0.0,3.8
30.0,13.0,24.3,30,40,100,0.0,27.0,75.7,3.8
50.1,17.9,0.0,30,40,100,0.0,22.1,100.0,5.0
45.7,64.9,97.0,30,40,100,0.0,0.0,3.0,0.2
42.5,75.1,69.0,30,40,100,0.0,0.0,31.0,1.6
3.2,32.5,154.4,30,40,100,26.8,7.5,0.0,4.5
0.0,33.2,36.8,30,40,100,30.0,6.8,63.2,5.0
14.8,55.1,52.5,30,40,100,15.2,0.0,47.5,2.5
54.5,59.3,61.4,30,40,100,0.0,0.0,38.6,1.9
65.6,83.8,80.7,30,40,100,0.0,0.0,19.3,1.0
46.2,0.0,41.8,30,40,100,0.0,40.0,58.2,5.0
38.2,37.3,28.8,30,40,100,0.0,2.7,71.2,3.6
36.8,0.0,0.0,30,40,100,0.0,40.0,100.0,5.0
10.1,34.4,27.9,30,40,100,19.9,5.6,72.1,3.6
22.2,27.3,131.2,30,40,100,7.8,12.7,0.0,1.6
73.5,34.6,142.1,30,40,100,0.0,5.4,0.0,0.7
0.0,4.3,35.5,30,40,100,30.0,35.7,64.5,5.0
71.9,0.0,178.3,30,40,100,0.0,40.0,0.0,5.0
16.8,0.0,71.2,30,40,100,13.2,40.0,28.8,5.0
63.7,31.2,0.0,30,40,100,0.0,8.8,100.0,5.0
0.0,19.1,0.0,30,40,100,30.0,20.9,100.0,5.0
42.6,9.2,171.7,30,40,100,0.0,30.8,0.0,3.8
5.0,89.7,43.4,30,40,100,25.0,0.0,56.6,4.2
0.0,1.9,0.0,30,40,100,30.0,38.1,100.0,5.0
32.2,93.5,0.0,30,40,100,0.0,0.0,100.0,5.0
54.7,101.8,41.6,30,40,100,0.0,0.0,58.4,2.9
1.9,0.0,106.1,30,40,100,28.1,40.0,0.0,5.0
0.0,40.2,17.2,30,40,100,30.0,0.0,82.8,5.0
23.3,20.4,0.0,30,40,100,6.7,19.6,100.0,5.0
23.5,0.0,29.2,30,40,100,6.5,40.0,70.8,5.0
41.6,0.0,173.8,30,40,100,0.0,40.0,0.0,5.0
53.0,67.6,0.0,30,40,100,0.0,0.0,100.0,5.0
24.3,117.7,21.7,30,40,100,5.7,0.0,78.3,3.9
78.8,72.8,171.1,30,40,100,0.0,0.0,0.0,0.0
32.3,49.5,113.3,30,40,100,0.0,0.0,0.0,0.0
16.1,35.6,87.9,30,40,100,13.9,4.4,12.1,2.3
0.0,104.2,21.2,30,40,100,30.0,0.0,78.8,5.0
18.5,122.9,76.0,30,40,100,11.5,0.0,24.0,1.9
16.4,12.8,30.1,30,40,100,13.6,27.2,69.9,3.5
53.3,0.0,4.2,30,40,100,0.0,40.0,95.8,5.0
39.1,0.0,0.0,30,40,100,0.0,40.0,100.0,5.0
0.0,89.6,136.7,30,40,100,30.0,0.0,0.0,5.0
30.9,34.6,68.6,30,40,100,0.0,5.4,31.4,1.6
45.1,43.8,98.9,30,40,100,0.0,0.0,1.1,0.1
69.5,0.0,85.7,30,40,100,0.0,40.0,14.3,5.0
51.2,6.1,109.1,30,40,100,0.0,33.9,0.0,4.2
47.6,24.6,53.0,30,40,100,0.0,15.4,47.0,2.3
27.7,44.8,34.7,30,40,100,2.3,0.0,65.3,3.3
37.0,20.4,7.7,30,40,100,0.0,19.6,92.3,4.6
61.5,0.0,0.0,30,40,100,0.0,40.0,100.0,5.0
0.0,4.9,0.0,30,40,100,30.0,35.1,100.0,5.0
16.0,85.1,44.0,30,40,100,14.0,0.0,56.0,2.8
4.0,46.3,0.0,30,40,100,26.0,0.0,100.0,5.0
36.7,61.1,0.0,30,40,100,0.0,0.0,100.0,5.0
61.0,0.3,157.5,30,40,100,0.0,39.7,0.0,5.0
9.0,0.0,91.6,30,40,100,21.0,40.0,8.4,5.0
0.0,15.4,37.1,30,40,100,30.0,24.6,62.9,5.0
14.2,1.6,256.7,30,40,100,15.8,38.4,0.0,4.8
52.0,50.5,0.0,30,40,100,0.0,0.0,100.0,5.0
41.3,168.7,152.2,30,40,100,0.0,0.0,0.0,0.0
38.1,64.4,64.5,30,40,100,0.0,0.0,35.5,1.8
18.0,146.6,136.8,30,40,100,12.0,0.0,0.0,2.0
0.0,59.3,82.3,30,40,100,30.0,0.0,17.7,5.0
40.6,11.1,0.0,30,40,100,0.0,28.9,100.0,5.0
2.2,50.4,81.2,30,40,100,27.8,0.0,18.8,4.6
88.2,108.1,100.6,30,40,100,0.0,0.0,0.0,0.0
42.2,110.1,0.0,30,40,100,0.0,0.0,100.0,5.0
9.4,13.3,230.3,30,40,100,20.6,26.7,0.0,3.4
8.5,46.6,98.6,30,40,100,21.5,0.0,1.4,3.6
23.3,0.0,127.7,30,40,100,6.7,40.0,0.0,5.0
19.1,69.6,0.0,30,40,100,10.9,0.0,100.0,5.0
57.8,99.0,129.2,30,40,100,0.0,0.0,0.0,0.0
31.3,38.0,161.4,30,40,100,0.0,2.0,0.0,0.2
5.1,9.6,93.9,30,40,100,24.9,30.4,6.1,4.1
79.8,50.9,72.7,30,40,100,0.0,0.0,27.3,1.4
27.4,53.2,1.4,30,40,100,2.6,0.0,98.6,4.9
47.8,39.7,56.1,30,40,100,0.0,0.3,43.9,2.2
8.6,43.6,32.2,30,40,100,21.4,0.0,67.8,3.6
36.3,29.5,119.6,30,40,100,0.0,10.5,0.0,1.3
34.8,76.5,5.0,30,40,100,0.0,0.0,95.0,4.8
0.0,66.1,119.0,30,40,100,30.0,0.0,0.0,5.0
83.3,0.0,5.8,30,40,100,0.0,40.0,94.2,5.0
62.7,0.0,52.3,30,40,100,0.0,40.0,47.7,5.0
14.6,26.2,123.2,30,40,100,15.4,13.8,0.0,2.6
0.0,66.1,16.7,30,40,100,30.0,0.0,83.3,5.0
35.8,42.4,126.0,30,40,100,0.0,0.0,0.0,0.0
28.4,10.6,118.1,30,40,100,1.6,29.4,0.0,3.7
36.1,47.0,51.6,30,40,100,0.0,0.0,48.4,2.4
31.4,23.1,167.2,30,40,100,0.0,16.9,0.0,2.1
40.4,71.9,79.8,30,40,100,0.0,0.0,20.2,1.0
67.2,49.9,162.4,30,40,100,0.0,0.0,0.0,0.0
42.1,23.8,218.1,30,40,100,0.0,16.2,0.0,2.0
0.0,45.8,54.0,30,40,100,30.0,0.0,46.0,5.0
64.8,89.4,125.5,30,40,100,0.0,0.0,0.0,0.0
72.7,13.5,22.1,30,40,100,0.0,26.5,77.9,3.9
115.7,52.7,0.0,30,40,100,0.0,0.0,100.0,5.0
0.0,33.6,57.7,30,40,100,30.0,6.4,42.3,5.0
32.9,53.6,0.0,30,40,100,0.0,0.0,100.0,5.0
0.0,10.1,0.0,30,40,100,30.0,29.9,100.0,5.0
41.7,40.9,121.2,30,40,100,0.0,0.0,0.0,0.0
10.3,81.0,32.1,30,40,100,19.7,0.0,67.9,3.4
80.7,0.0,130.8,30,40,100,0.0,40.0,0.0,5.0
3.9,0.0,97.6,30,40,100,26.1,40.0,2.4,5.0
0.0,0.0,222.8,30,40,100,30.0,40.0,0.0,5.0
12.5,0.0,115.8,30,40,100,17.5,40.0,0.0,5.0
0.0,60.4,163.4,30,40,100,30.0,0.0,0.0,5.0
47.3,0.0,105.9,30,40,100,0.0,40.0,0.0,5.0
0.0,24.5,98.6,30,40,100,30.0,15.5,1.4,5.0
26.8,61.3,167.4,30,40,100,3.2,0.0,0.0,0.5
0.0,53.2,127.4,30,40,100,30.0,0.0,0.0,5.0
16.8,20.9,90.4,30,40,100,13.2,19.1,9.6,2.4
72.8,44.1,90.1,30,40,100,0.0,0.0,9.9,0.5
36.2,40.8,116.9,30,40,100,0.0,0.0,0.0,0.0
1.4,27.4,19.4,30,40,100,28.6,12.6,80.6,4.8
25.1,28.0,15.9,30,40,100,4.9,12.0,84.1,4.2
26.5,126.4,188.4,30,40,100,3.5,0.0,0.0,0.6
39.4,69.0,223.9,30,40,100,0.0,0.0,0.0,0.0
0.0,136.3,0.0,30,40,100,30.0,0.0,100.0,5.0
42.8,16.4,19.5,30,40,100,0.0,23.6,80.5,4.0
0.0,33.0,165.6,30,40,100,30.0,7.0,0.0,5.0
8.0,0.0,116.5,30,40,100,22.0,40.0,0.0,5.0
12.0,3.9,128.0,30,40,100,18.0,36.1,0.0,4.5
44.0,113.0,145.8,30,40,100,0.0,0.0,0.0,0.0
26.6,15.4,54.1,30,40,100,3.4,24.6,45.9,3.1
0.0,113.7,100.1,30,40,100,30.0,0.0,0.0,5.0
0.0,0.0,93.8,30,40,100,30.0,40.0,6.2,5.0
31.6,0.0,4.3,30,40,100,0.0,40.0,95.7,5.0
23.7,22.7,98.9,30,40,100,6.3,17.3,1.1,2.2
9.5,33.9,173.3,30,40,100,20.5,6.1,0.0,3.4
12.3,73.6,46.5,30,40,100,17.7,0.0,53.5,2.9
45.8,54.6,85.8,30,40,100,0.0,0.0,14.2,0.7
11.2,19.7,90.2,30,40,100,18.8,20.3,9.8,3.1
23.4,31.1,50.5,30,40,100,6.6,8.9,49.5,2.5
87.7,23.6,128.1,30,40,100,0.0,16.4,0.0,2.0
0.0,0.0,18.7,30,40,100,30.0,40.0,81.3,5.0
0.0,0.7,181.0,30,40,100,30.0,39.3,0.0,5.0
48.3,77.8,124.0,30,40,100,0.0,0.0,0.0,0.0
6.6,0.0,0.0,30,40,100,23.4,40.0,100.0,5.0
16.9,101.5,210.4,30,40,100,13.1,0.0,0.0,2.2
3.7,22.6,87.1,30,40,100,26.3,17.4,12.9,4.4
18.6,5.4,15.2,30,40,100,11.4,34.6,84.8,4.3
71.5,66.2,162.6,30,40,100,0.0,0.0,0.0,0.0
48.8,96.2,113.4,30,40,100,0.0,0.0,0.0,0.0
50.5,81.4,0.0,30,40,100,0.0,0.0,100.0,5.0
0.0,56.6,31.1,30,40,100,30.0,0.0,68.9,5.0
0.0,80.2,96.0,30,40,100,30.0,0.0,4.0,5.0
0.0,0.0,0.0,30,40,100,30.0,40.0,100.0,5.0
2.9,15.4,80.4,30,40,100,27.1,24.6,19.6,4.5
53.2,0.0,86.2,30,40,100,0.0,40.0,13.8,5.0
40.7,85.7,0.0,30,40,100,0.0,0.0,100.0,5.0
19.6,21.0,95.3,30,40,100,10.4,19.0,4.7,2.4
25.3,70.5,74.1,30,40,100,4.7,0.0,25.9,1.3
6.3,58.0,0.0,30,40,100,23.7,0.0,100.0,5.0
31.8,1.7,147.7,30,40,100,0.0,38.3,0.0,4.8
47.8,12.8,141.1,30,40,100,0.0,27.2,0.0,3.4
0.0,88.5,50.1,30,40,100,30.0,0.0,49.9,5.0
34.5,5.2,57.5,30,40,100,0.0,34.8,42.5,4.4
52.5,41.5,132.1,30,40,100,0.0,0.0,0.0,0.0
14.1,5.0,57.3,30,40,100,15.9,35.0,42.7,4.4
45.9,23.8,0.0,30,40,100,0.0,16.2,100.0,5.0
106.1,34.6,112.8,30,40,100,0.0,5.4,0.0,0.7
23.0,4.9,7.9,30,40,100,7.0,35.1,92.1,4.6
37.2,0.0,42.1,30,40,100,0.0,40.0,57.9,5.0
4.9,48.0,191.1,30,40,100,25.1,0.0,0.0,4.2
31.1,2.5,62.7,30,40,100,0.0,37.5,37.3,4.7
39.1,3.8,73.6,30,40,100,0.0,36.2,26.4,4.5
31.5,0.0,114.6,30,40,100,0.0,40.0,0.0,5.0
0.0,33.3,114.2,30,40,100,30.0,6.7,0.0,5.0
31.8,74.4,0.0,30,40,100,0.0,0.0,100.0,5.0
67.6,97.1,68.6,30,40,100,0.0,0.0,31.4,1.6
38.7,7.2,76.4,30,40,100,0.0,32.8,23.6,4.1
53.3,123.0,95.4,30,40,100,0.0,0.0,4.6,0.2
19.2,0.0,96.8,30,40,100,10.8,40.0,3.2,5.0
47.3,80.1,282.2,30,40,100,0.0,0.0,0.0,0.0
33.9,7.4,0.0,30,40,100,0.0,32.6,100.0,5.0
0.0,1.4,152.5,30,40,100,30.0,38.6,0.0,5.0
35.0,6.5,168.9,30,40,100,0.0,33.5,0.0,4.2
0.0,34.3,113.2,30,40,100,30.0,5.7,0.0,5.0
7.9,59.8,21.1,30,40,100,22.1,0.0,78.9,3.9
31.3,63.4,207.7,30,40,100,0.0,0.0,0.0,0.0
34.4,0.0,0.0,30,40,100,0.0,40.0,100.0,5.0
0.0,0.0,18.4,30,40,100,30.0,40.0,81.6,5.0
56.0,0.0,168.0,30,40,100,0.0,40.0,0.0,5.0
42.2,32.0,43.6,30,40,100,0.0,8.0,56.4,2.8
5.9,28.0,202.2,30,40,100,24.1,12.0,0.0,4.0
0.0,0.0,0.0,30,40,100,30.0,40.0,100.0,5.0
21.8,47.3,0.0,30,40,100,8.2,0.0,100.0,5.0
13.3,127.5,30.6,30,40,100,16.7,0.0,69.4,3.5
29.2,16.1,107.2,30,40,100,0.8,23.9,0.0,3.0
15.6,19.0,55.6,30,40,100,14.4,21.0,44.4,2.6
0.0,59.0,33.9,30,40,100,30.0,0.0,66.1,5.0
14.9,14.0,188.0,30,40,100,15.1,26.0,0.0,3.2
17.2,63.4,195.5,30,40,100,12.8,0.0,0.0,2.1
44.0,7.5,40.1,30,40,100,0.0,32.5,59.9,4.1
6.1,110.2,0.0,30,40,100,23.9,0.0,100.0,5.0
73.8,50.3,0.0,30,40,100,0.0,0.0,100.0,5.0
0.0,11.5,92.8,30,40,100,30.0,28.5,7.2,5.0
63.3,12.8,126.4,30,40,100,0.0,27.2,0.0,3.4
19.6,15.8,78.6,30,40,100,10.4,24.2,21.4,3.0
50.4,91.7,67.8,30,40,100,0.0,0.0,32.2,1.6
28.2,0.0,8.6,30,40,100,1.8,40.0,91.4,5.0
58.4,9.6,126.3,30,40,100,0.0,30.4,0.0,3.8
14.9,13.8,208.8,30,40,100,15.1,26.2,0.0,3.3
0.0,35.8,0.0,30,40,100,30.0,4.2,100.0,5.0
66.4,25.5,67.2,30,40,100,0.0,14.5,32.8,1.8
22.7,0.0,0.0,30,40,100,7.3,40.0,100.0,5.0
32.3,20.4,0.0,30,40,100,0.0,19.6,100.0,5.0
61.1,32.4,0.0,30,40,100,0.0,7.6,100.0,5.0
0.0,11.2,104.1,30,40,100,30.0,28.8,0.0,5.0
42.9,64.1,106.2,30,40,100,0.0,0.0,0.0,0.0
9.2,73.4,191.3,30,40,100,20.8,0.0,0.0,3.5
22.2,33.3,74.2,30,40,100,7.8,6.7,25.8,1.3
28.0,45.7,0.0,30,40,100,2.0,0.0,100.0,5.0
0.0,0.0,54.3,30,40,100,30.0,40.0,45.7,5.0
3.8,19.5,0.0,30,40,100,26.2,20.5,100.0,5.0
64.4,76.9,0.0,30,40,100,0.0,0.0,100.0,5.0
51.2,19.4,120.3,30,40,100,0.0,20.6,0.0,2.6
24.2,6.8,89.2,30,40,100,5.8,33.2,10.8,4.2
32.9,128.1,120.9,30,40,100,0.0,0.0,0.0,0.0
17.6,109.7,44.7,30,40,100,12.4,0.0,55.3,2.8
64.6,55.3,137.2,30,40,100,0.0,0.0,0.0,0.0
20.2,82.3,40.2,30,40,100,9.8,0.0,59.8,3.0
32.6,0.0,163.6,30,40,100,0.0,40.0,0.0,5.0
58.6,4.8,101.3,30,40,100,0.0,35.2,0.0,4.4
3.8,17.5,56.8,30,40,100,26.2,22.5,43.2,4.4
70.3,27.0,90.6,30,40,100,0.0,13.0,9.4,1.6
0.0,16.7,72.1,30,40,100,30.0,23.3,27.9,5.0
72.4,0.0,202.2,30,40,100,0.0,40.0,0.0,5.0
15.3,52.0,93.3,30,40,100,14.7,0.0,6.7,2.4
19.0,58.3,73.4,30,40,100,11.0,0.0,26.6,1.8
0.0,100.9,54.3,30,40,100,30.0,0.0,45.7,5.0
13.0,4.7,141.5,30,40,100,17.0,35.3,0.0,4.4
0.0,1.4,130.6,30,40,100,30.0,38.6,0.0,5.0
8.6,0.0,51.4,30,40,100,21.4,40.0,48.6,5.0
22.0,24.6,0.0,30,40,100,8.0,15.4,100.0,5.0
53.2,72.7,0.8,30,40,100,0.0,0.0,99.2,5.0
31.9,11.8,58.6,30,40,100,0.0,28.2,41.4,3.5
34.7,122.7,182.3,30,40,100,0.0,0.0,0.0,0.0
0.0,26.1,53.3,30,40,100,30.0,13.9,46.7,5.0
0.9,42.4,25.6,30,40,100,29.1,0.0,74.4,4.9
77.2,0.0,0.0,30,40,100,0.0,40.0,100.0,5.0
5.0,48.0,195.6,30,40,100,25.0,0.0,0.0,4.2
73.1,0.0,119.4,30,40,100,0.0,40.0,0.0,5.0
19.0,64.4,137.7,30,40,100,11.0,0.0,0.0,1.8
26.0,65.6,151.1,30,40,100,4.0,0.0,0.0,0.7
56.4,91.2,60.2,30,40,100,0.0,0.0,39.8,2.0
62.2,0.0,80.3,30,40,100,0.0,40.0,19.7,5.0
22.8,42.9,193.5,30,40,100,7.2,0.0,0.0,1.2
14.9,59.1,88.0,30,40,100,15.1,0.0,12.0,2.5
24.4,54.2,120.9,30,40,100,5.6,0.0,0.0,0.9
35.6,1.6,143.7,30,40,100,0.0,38.4,0.0,4.8
51.3,0.0,125.3,30,40,100,0.0,40.0,0.0,5.0
26.1,50.4,63.2,30,40,100,3.9,0.0,36.8,1.8
43.6,30.3,70.8,30,40,100,0.0,9.7,29.2,1.5
72.6,13.6,136.2,30,40,100,0.0,26.4,0.0,3.3
36.8,67.2,136.1,30,40,100,0.0,0.0,0.0,0.0
34.8,34.6,167.7,30,40,100,0.0,5.4,0.0,0.7
0.0,0.0,117.9,30,40,100,30.0,40.0,0.0,5.0
0.0,0.0,121.6,30,40,100,30.0,40.0,0.0,5.0
37.0,0.0,37.5,30,40,100,0.0,40.0,62.5,5.0
23.3,132.8,26.6,30,40,100,6.7,0.0,73.4,3.7
11.3,65.5,136.4,30,40,100,18.7,0.0,0.0,3.1
32.9,44.0,27.2,30,40,100,0.0,0.0,72.8,3.6
24.2,29.1,71.8,30,40,100,5.8,10.9,28.2,1.4
58.1,26.5,184.7,30,40,100,0.0,13.5,0.0,1.7
28.4,83.4,171.9,30,40,100,1.6,0.0,0.0,0.3
4.7,16.7,97.8,30,40,100,25.3,23.3,2.2,4.2
54.1,59.7,49.6,30,40,100,0.0,0.0,50.4,2.5
19.8,22.4,63.5,30,40,100,10.2,17.6,36.5,2.2
40.9,114.5,143.5,30,40,100,0.0,0.0,0.0,0.0
12.4,66.3,70.6,30,40,100,17.6,0.0,29.4,2.9
7.4,86.6,28.5,30,40,100,22.6,0.0,71.5,3.8
28.3,12.9,171.5,30,40,100,1.7,27.1,0.0,3.4
26.3,79.0,88.1,30,40,100,3.7,0.0,11.9,0.6
39.6,23.9,26.9,30,40,100,0.0,16.1,73.1,3.7
18.3,40.9,112.1,30,40,100,11.7,0.0,0.0,1.9
0.0,102.2,151.8,30,40,100,30.0,0.0,0.0,5.0
13.6,0.0,0.0,30,40,100,16.4,40.0,100.0,5.0
48.6,44.6,57.3,30,40,100,0.0,0.0,42.7,2.1
17.5,54.1,53.6,30,40,100,12.5,0.0,46.4,2.3
18.9,57.4,110.0,30,40,100,11.1,0.0,0.0,1.9
54.0,18.3,124.5,30,40,100,0.0,21.7,0.0,2.7
5.7,120.4,29.0,30,40,100,24.3,0.0,71.0,4.1
0.0,0.0,0.0,30,40,100,30.0,40.0,100.0,5.0
21.4,95.2,156.7,30,40,100,8.6,0.0,0.0,1.4
12.2,85.3,0.0,30,40,100,17.8,0.0,100.0,5.0
0.0,112.9,95.4,30,40,100,30.0,0.0,4.6,5.0
21.0,0.0,62.9,30,40,100,9.0,40.0,37.1,5.0
39.9,1.5,86.6,30,40,100,0.0,38.5,13.4,4.8
25.7,96.5,206.7,30,40,100,4.3,0.0,0.0,0.7
34.7,0.0,318.5,30,40,100,0.0,40.0,0.0,5.0
77.6,0.0,0.0,30,40,100,0.0,40.0,100.0,5.0
16.2,16.8,152.8,30,40,100,13.8,23.2,0.0,2.9
33.9,44.2,60.9,30,40,100,0.0,0.0,39.1,2.0
11.5,100.5,158.0,30,40,100,18.5,0.0,0.0,3.1
1.8,29.0,150.7,30,40,100,28.2,11.0,0.0,4.7
9.3,12.0,187.2,30,40,100,20.7,28.0,0.0,3.5
12.3,49.0,96.5,30,40,100,17.7,0.0,3.5,2.9
36.2,55.3,1.8,30,40,100,0.0,0.0,98.2,4.9
92.8,54.2,148.3,30,40,100,0.0,0.0,0.0,0.0
5.6,29.3,83.0,30,40,100,24.4,10.7,17.0,4.1
14.1,0.0,54.6,30,40,100,15.9,40.0,45.4,5.0
24.2,0.0,35.1,30,40,100,5.8,40.0,64.9,5.0
37.2,93.6,154.7,30,40,100,0.0,0.0,0.0,0.0
33.5,44.0,202.8,30,40,100,0.0,0.0,0.0,0.0
62.5,23.5,0.0,30,40,100,0.0,16.5,100.0,5.0
0.0,81.4,123.7,30,40,100,30.0,0.0,0.0,5.0
0.0,0.0,43.5,30,40,100,30.0,40.0,56.5,5.0
11.8,27.4,0.0,30,40,100,18.2,12.6,100.0,5.0
57.2,42.0,85.4,30,40,100,0.0,0.0,14.6,0.7
0.0,18.7,6.3,30,40,100,30.0,21.3,93.7,5.0
0.0,40.5,0.0,30,40,100,30.0,0.0,100.0,5.0
42.2,28.9,10.5,30,40,100,0.0,11.1,89.5,4.5
32.9,0.0,0.0,30,40,100,0.0,40.0,100.0,5.0
0.0,43.8,21.3,30,40,100,30.0,0.0,78.7,5.0
0.0,0.0,0.0,30,40,100,30.0,40.0,100.0,5.0
0.0,43.1,41.6,30,40,100,30.0,0.0,58.4,5.0
29.1,91.7,16.0,30,40,100,0.9,0.0,84.0,4.2
8.1,25.1,103.8,30,40,100,21.9,14.9,0.0,3.6
40.0,0.0,121.4,30,40,100,0.0,40.0,0.0,5.0
0.0,31.3,94.5,30,40,100,30.0,8.7,5.5,5.0
1.6,3.0,54.5,30,40,100,28.4,37.0,45.5,4.7
0.0,60.4,52.3,30,40,100,30.0,0.0,47.7,5.0
18.7,30.5,6.0,30,40,100,11.3,9.5,94.0,4.7
10.6,105.3,7.9,30,40,100,19.4,0.0,92.1,4.6
48.7,83.3,130.2,30,40,100,0.0,0.0,0.0,0.0
0.0,30.3,0.0,30,40,100,30.0,9.7,100.0,5.0
27.2,65.2,67.0,30,40,100,2.8,0.0,33.0,1.6
41.9,20.6,47.4,30,40,100,0.0,19.4,52.6,2.6
78.8,37.8,121.8,30,40,100,0.0,2.2,0.0,0.3
12.2,21.9,0.0,30,40,100,17.8,18.1,100.0,5.0
35.2,67.3,74.5,30,40,100,0.0,0.0,25.5,1.3
0.0,94.1,101.2,30,40,100,30.0,0.0,0.0,5.0
0.0,68.6,0.0,30,40,100,30.0,0.0,100.0,5.0
50.0,73.6,0.0,30,40,100,0.0,0.0,100.0,5.0
25.8,73.6,66.1,30,40,100,4.2,0.0,33.9,1.7
59.5,58.6,115.0,30,40,100,0.0,0.0,0.0,0.0
0.0,0.0,88.2,30,40,100,30.0,40.0,11.8,5.0
40.8,104.9,118.7,30,40,100,0.0,0.0,0.0,0.0
79.2,109.1,0.0,30,40,100,0.0,0.0,100.0,5.0
37.9,27.0,0.0,30,40,100,0.0,13.0,100.0,5.0
33.8,21.5,80.3,30,40,100,0.0,18.5,19.7,2.3
26.2,61.1,0.0,30,40,100,3.8,0.0,100.0,5.0
0.0,58.6,3.7,30,40,100,30.0,0.0,96.3,5.0
64.6,28.3,148.7,30,40,100,0.0,11.7,0.0,1.5
8.6,0.0,88.7,30,40,100,21.4,40.0,11.3,5.0
40.3,48.8,27.7,30,40,100,0.0,0.0,72.3,3.6
0.0,58.6,17.2,30,40,100,30.0,0.0,82.8,5.0
0.0,65.7,123.6,30,40,100,30.0,0.0,0.0,5.0
66.8,50.5,90.6,30,40,100,0.0,0.0,9.4,0.5
16.1,25.5,0.0,30,40,100,13.9,14.5,100.0,5.0
67.3,76.5,0.0,30,40,100,0.0,0.0,100.0,5.0
23.7,39.1,225.3,30,40,100,6.3,0.9,0.0,1.0
0.0,17.7,0.0,30,40,100,30.0,22.3,100.0,5.0
51.4,29.2,116.1,30,40,100,0.0,10.8,0.0,1.4
9.2,0.0,195.3,30,40,100,20.8,40.0,0.0,5.0
45.8,29.1,85.4,30,40,100,0.0,10.9,14.6,1.4
26.7,64.2,25.1,30,40,100,3.3,0.0,74.9,3.7
0.0,50.1,0.0,30,40,100,30.0,0.0,100.0,5.0
30.6,97.6,0.0,30,40,100,0.0,0.0,100.0,5.0
88.5,25.9,103.9,30,40,100,0.0,14.1,0.0,1.8
40.0,56.1,190.5,30,40,100,0.0,0.0,0.0,0.0
24.3,68.4,41.6,30,40,100,5.7,0.0,58.4,2.9
56.6,130.7,28.7,30,40,100,0.0,0.0,71.3,3.6
32.0,42.3,129.7,30,40,100,0.0,0.0,0.0,0.0
31.9,0.0,18.2,30,40,100,0.0,40.0,81.8,5.0
0.0,70.6,95.6,30,40,100,30.0,0.0,4.4,5.0
32.6,111.5,76.9,30,40,100,0.0,0.0,23.1,1.2
55.4,23.5,40.5,30,40,100,0.0,16.5,59.5,3.0
2.1,70.3,72.2,30,40,100,27.9,0.0,27.8,4.6
66.5,85.9,215.7,30,40,100,0.0,0.0,0.0,0.0
23.3,77.4,122.2,30,40,100,6.7,0.0,0.0,1.1
0.7,41.5,161.6,30,40,100,29.3,0.0,0.0,4.9
54.4,8.3,0.0,30,40,100,0.0,31.7,100.0,5.0
17.8,33.2,161.9,30,40,100,12.2,6.8,0.0,2.0
47.6,54.9,125.0,30,40,100,0.0,0.0,0.0,0.0
17.6,73.0,0.0,30,40,100,12.4,0.0,100.0,5.0
24.2,49.9,117.0,30,40,100,5.8,0.0,0.0,1.0
40.0,21.2,32.1,30,40,100,0.0,18.8,67.9,3.4
34.2,58.8,0.0,30,40,100,0.0,0.0,100.0,5.0
0.0,71.1,84.0,30,40,100,30.0,0.0,16.0,5.0
0.0,51.7,117.0,30,40,100,30.0,0.0,0.0,5.0
52.4,2.8,85.7,30,40,100,0.0,37.2,14.3,4.6
22.2,29.1,64.7,30,40,100,7.8,10.9,35.3,1.8
11.0,74.6,46.8,30,40,100,19.0,0.0,53.2,3.2
0.0,0.0,272.4,30,40,100,30.0,40.0,0.0,5.0
0.0,0.0,0.0,30,40,100,30.0,40.0,100.0,5.0
0.0,97.1,143.9,30,40,100,30.0,0.0,0.0,5.0
23.1,57.0,74.7,30,40,100,6.9,0.0,25.3,1.3
8.9,60.9,4.6,30,40,100,21.1,0.0,95.4,4.8
0.0,0.0,69.6,30,40,100,30.0,40.0,30.4,5.0
24.0,66.1,0.0,30,40,100,6.0,0.0,100.0,5.0
36.3,47.5,25.5,30,40,100,0.0,0.0,74.5,3.7
85.6,0.0,69.7,30,40,100,0.0,40.0,30.3,5.0
0.0,93.8,0.0,30,40,100,30.0,0.0,100.0,5.0
59.0,42.8,114.3,30,40,100,0.0,0.0,0.0,0.0
53.7,20.5,0.0,30,40,100,0.0,19.5,100.0,5.0
3.8,21.2,0.0,30,40,100,26.2,18.8,100.0,5.0
31.7,0.0,0.0,30,40,100,0.0,40.0,100.0,5.0
12.9,60.3,249.0,30,40,100,17.1,0.0,0.0,2.9
31.2,47.0,0.0,30,40,100,0.0,0.0,100.0,5.0
68.9,28.6,108.7,30,40,100,0.0,11.4,0.0,1.4
43.2,87.9,12.9,30,40,100,0.0,0.0,87.1,4.4
40.4,0.0,45.3,30,40,100,0.0,40.0,54.7,5.0
13.7,12.4,122.2,30,40,100,16.3,27.6,0.0,3.4
0.0,2.2,118.2,30,40,100,30.0,37.8,0.0,5.0
20.0,25.2,18.6,30,40,100,10.0,14.8,81.4,4.1
60.3,39.2,0.0,30,40,100,0.0,0.8,100.0,5.0
0.0,53.8,123.7,30,40,100,30.0,0.0,0.0,5.0
0.0,22.5,118.0,30,40,100,30.0,17.5,0.0,5.0
29.5,1.1,50.5,30,40,100,0.5,38.9,49.5,4.9
0.0,104.3,109.1,30,40,100,30.0,0.0,0.0,5.0
3.4,133.5,37.5,30,40,100,26.6,0.0,62.5,4.4
13.9,42.2,6.8,30,40,100,16.1,0.0,93.2,4.7
0.0,6.0,73.8,30,40,100,30.0,34.0,26.2,5.0
0.0,95.8,115.4,30,40,100,30.0,0.0,0.0,5.0
46.0,0.0,98.4,30,40,100,0.0,40.0,1.6,5.0
0.0,23.0,114.6,30,40,100,30.0,17.0,0.0,5.0
0.0,8.4,12.2,30,40,100,30.0,31.6,87.8,5.0
8.0,0.0,201.1,30,40,100,22.0,40.0,0.0,5.0
46.8,25.2,45.9,30,40,100,0.0,14.8,54.1,2.7
20.3,1.7,63.9,30,40,100,9.7,38.3,36.1,4.8
12.7,37.0,0.0,30,40,100,17.3,3.0,100.0,5.0
27.2,37.5,57.9,30,40,100,2.8,2.5,42.1,2.1
0.0,11.4,116.4,30,40,100,30.0,28.6,0.0,5.0
40.0,21.5,135.0,30,40,100,0.0,18.5,0.0,2.3
36.9,27.2,199.5,30,40,100,0.0,12.8,0.0,1.6
14.3,69.0,115.4,30,40,100,15.7,0.0,0.0,2.6
54.6,30.5,95.8,30,40,100,0.0,9.5,4.2,1.2
0.0,69.6,37.5,30,40,100,30.0,0.0,62.5,5.0
58.1,60.0,20.1,30,40,100,0.0,0.0,79.9,4.0
30.4,59.4,151.7,30,40,100,0.0,0.0,0.0,0.0
16.4,92.3,150.2,30,40,100,13.6,0.0,0.0,2.3
25.4,0.0,0.0,30,40,100,4.6,40.0,100.0,5.0
22.9,17.4,131.8,30,40,100,7.1,22.6,0.0,2.8
60.7,107.4,125.9,30,40,100,0.0,0.0,0.0,0.0
0.0,26.1,0.0,30,40,100,30.0,13.9,100.0,5.0
4.2,0.0,117.1,30,40,100,25.8,40.0,0.0,5.0
55.5,28.3,0.0,30,40,100,0.0,11.7,100.0,5.0
9.0,41.9,0.0,30,40,100,21.0,0.0,100.0,5.0
51.6,0.0,60.6,30,40,100,0.0,40.0,39.4,5.0
74.3,90.1,94.3,30,40,100,0.0,0.0,5.7,0.3
14.5,7.7,64.2,30,40,100,15.5,32.3,35.8,4.0
45.4,49.7,304.7,30,40,100,0.0,0.0,0.0,0.0
0.0,27.4,104.0,30,40,100,30.0,12.6,0.0,5.0
47.4,0.0,85.4,30,40,100,0.0,40.0,14.6,5.0
31.6,0.0,108.1,30,40,100,0.0,40.0,0.0,5.0
39.4,0.0,37.9,30,40,100,0.0,40.0,62.1,5.0
7.6,80.1,148.5,30,40,100,22.4,0.0,0.0,3.7
0.0,30.5,102.6,30,40,100,30.0,9.5,0.0,5.0
40.3,15.4,98.9,30,40,100,0.0,24.6,1.1,3.1
0.0,0.0,23.2,30,40,100,30.0,40.0,76.8,5.0
16.9,84.6,0.0,30,40,100,13.1,0.0,100.0,5.0
52.8,95.4,33.1,30,40,100,0.0,0.0,66.9,3.3
31.4,84.1,96.3,30,40,100,0.0,0.0,3.7,0.2
81.4,56.3,37.6,30,40,100,0.0,0.0,62.4,3.1
55.1,48.1,97.0,30,40,100,0.0,0.0,3.0,0.2
7.3,0.0,54.8,30,40,100,22.7,40.0,45.2,5.0
26.7,26.6,108.2,30,40,100,3.3,13.4,0.0,1.7
24.6,8.9,0.0,30,40,100,5.4,31.1,100.0,5.0
0.0,0.0,89.1,30,40,100,30.0,40.0,10.9,5.0
0.0,79.0,21.8,30,40,100,30.0,0.0,78.2,5.0
10.0,8.4,0.0,30,40,100,20.0,31.6,100.0,5.0
0.0,84.6,60.2,30,40,100,30.0,0.0,39.8,5.0
27.3,71.9,197.4,30,40,100,2.7,0.0,0.0,0.4
18.9,58.9,0.0,30,40,100,11.1,0.0,100.0,5.0
0.0,61.1,83.1,30,40,100,30.0,0.0,16.9,5.0
37.5,11.7,137.8,30,40,100,0.0,28.3,0.0,3.5
46.3,111.2,259.0,30,40,100,0.0,0.0,0.0,0.0
32.4,38.2,33.7,30,40,100,0.0,1.8,66.3,3.3
16.7,48.6,22.5,30,40,100,13.3,0.0,77.5,3.9
42.8,10.3,0.0,30,40,100,0.0,29.7,100.0,5.0
45.3,0.0,165.5,30,40,100,0.0,40.0,0.0,5.0
34.7,55.7,3.5,30,40,100,0.0,0.0,96.5,4.8
2.5,45.2,43.6,30,40,100,27.5,0.0,56.4,4.6
33.8,4.7,0.0,30,40,100,0.0,35.3,100.0,5.0
60.0,0.0,144.8,30,40,100,0.0,40.0,0.0,5.0
9.0,0.0,166.9,30,40,100,21.0,40.0,0.0,5.0
85.7,84.6,141.7,30,40,100,0.0,0.0,0.0,0.0
11.0,11.8,0.0,30,40,100,19.0,28.2,100.0,5.0
26.9,22.8,122.5,30,40,100,3.1,17.2,0.0,2.2
6.8,94.8,0.0,30,40,100,23.2,0.0,100.0,5.0
32.3,0.0,78.2,30,40,100,0.0,40.0,21.8,5.0
0.0,7.2,90.0,30,40,100,30.0,32.8,10.0,5.0
10.4,5.5,98.5,30,40,100,19.6,34.5,1.5,4.3
0.0,101.6,116.6,30,40,100,30.0,0.0,0.0,5.0
29.8,116.7,72.8,30,40,100,0.2,0.0,27.2,1.4
54.3,66.7,0.0,30,40,100,0.0,0.0,100.0,5.0
44.3,68.0,116.7,30,40,100,0.0,0.0,0.0,0.0
0.0,13.1,81.4,30,40,100,30.0,26.9,18.6,5.0
84.1,114.8,0.7,30,40,100,0.0,0.0,99.3,5.0
34.4,47.2,0.0,30,40,100,0.0,0.0,100.0,5.0
3.8,70.8,197.7,30,40,100,26.2,0.0,0.0,4.4
30.4,32.2,172.8,30,40,100,0.0,7.8,0.0,1.0
31.0,25.7,130.4,30,40,100,0.0,14.3,0.0,1.8
7.0,103.4,19.0,30,40,100,23.0,0.0,81.0,4.1
31.6,58.2,0.0,30,40,100,0.0,0.0,100.0,5.0
8.7,94.9,135.2,30,40,100,21.3,0.0,0.0,3.6
14.4,46.7,103.1,30,40,100,15.6,0.0,0.0,2.6
6.4,2.3,43.3,30,40,100,23.6,37.7,56.7,4.7
0.0,13.0,164.2,30,40,100,30.0,27.0,0.0,5.0
30.1,40.6,141.9,30,40,100,0.0,0.0,0.0,0.0
42.6,11.2,87.7,30,40,100,0.0,28.8,12.3,3.6
40.6,0.0,76.3,30,40,100,0.0,40.0,23.7,5.0
49.3,84.8,77.6,30,40,100,0.0,0.0,22.4,1.1
35.2,14.5,128.3,30,40,100,0.0,25.5,0.0,3.2
10.8,42.0,4.3,30,40,100,19.2,0.0,95.7,4.8
49.9,48.4,107.8,30,40,100,0.0,0.0,0.0,0.0
0.0,12.8,0.0,30,40,100,30.0,27.2,100.0,5.0
0.3,94.8,181.3,30,40,100,29.7,0.0,0.0,5.0
0.0,0.0,116.4,30,40,100,30.0,40.0,0.0,5.0
56.7,47.0,18.0,30,40,100,0.0,0.0,82.0,4.1
52.8,46.4,80.0,30,40,100,0.0,0.0,20.0,1.0
39.8,34.3,4.6,30,40,100,0.0,5.7,95.4,4.8
56.5,0.0,194.8,30,40,100,0.0,40.0,0.0,5.0
0.9,71.5,204.4,30,40,100,29.1,0.0,0.0,4.9
35.9,66.4,129.6,30,40,100,0.0,0.0,0.0,0.0
22.4,9.3,199.0,30,40,100,7.6,30.7,0.0,3.8
50.1,64.9,85.7,30,40,100,0.0,0.0,14.3,0.7
22.7,51.5,135.1,30,40,100,7.3,0.0,0.0,1.2
15.0,0.0,172.3,30,40,100,15.0,40.0,0.0,5.0
41.4,2.1,73.0,30,40,100,0.0,37.9,27.0,4.7
50.9,82.3,79.2,30,40,100,0.0,0.0,20.8,1.0
6.9,48.9,148.8,30,40,100,23.1,0.0,0.0,3.8
24.2,13.7,125.6,30,40,100,5.8,26.3,0.0,3.3
0.0,1.9,12.6,30,40,100,30.0,38.1,87.4,5.0
0.0,15.7,0.0,30,40,100,30.0,24.3,100.0,5.0
31.7,18.6,59.3,30,40,100,0.0,21.4,40.7,2.7
43.3,2.4,0.0,30,40,100,0.0,37.6,100.0,5.0
33.4,0.0,0.0,30,40,100,0.0,40.0,100.0,5.0
0.0,82.3,3.0,30,40,100,30.0,0.0,97.0,5.0
16.0,75.5,27.6,30,40,100,14.0,0.0,72.4,3.6
0.0,0.0,139.7,30,40,100,30.0,40.0,0.0,5.0
65.0,41.9,157.2,30,40,100,0.0,0.0,0.0,0.0
0.0,0.1,114.5,30,40,100,30.0,39.9,0.0,5.0
61.7,25.9,124.5,30,40,100,0.0,14.1,0.0,1.8
52.9,22.6,126.4,30,40,100,0.0,17.4,0.0,2.2
0.3,19.2,0.0,30,40,100,29.7,20.8,100.0,5.0
0.0,117.1,74.3,30,40,100,30.0,0.0,25.7,5.0
35.9,18.7,0.0,30,40,100,0.0,21.3,100.0,5.0
1.9,3.9,114.6,30,40,100,28.1,36.1,0.0,4.7
28.9,5.8,0.0,30,40,100,1.1,34.2,100.0,5.0
12.2,78.5,58.9,30,40,100,17.8,0.0,41.1,3.0
0.0,0.0,117.7,30,40,100,30.0,40.0,0.0,5.0
0.0,5.8,0.0,30,40,100,30.0,34.2,100.0,5.0
32.4,94.7,151.1,30,40,100,0.0,0.0,0.0,0.0
10.0,46.3,114.4,30,40,100,20.0,0.0,0.0,3.3
10.2,44.2,104.2,30,40,100,19.8,0.0,0.0,3.3
45.8,122.3,129.8,30,40,100,0.0,0.0,0.0,0.0
59.4,46.4,44.5,30,40,100,0.0,0.0,55.5,2.8
18.2,7.9,85.7,30,40,100,11.8,32.1,14.3,4.0
16.3,25.1,74.3,30,40,100,13.7,14.9,25.7,2.3
40.2,0.0,72.5,30,40,100,0.0,40.0,27.5,5.0
0.0,87.0,19.3,30,40,100,30.0,0.0,80.7,5.0
32.3,59.6,0.0,30,40,100,0.0,0.0,100.0,5.0
41.7,81.7,46.3,30,40,100,0.0,0.0,53.7,2.7
45.3,85.3,41.9,30,40,100,0.0,0.0,58.1,2.9
0.0,19.8,14.1,30,40,100,30.0,20.2,85.9,5.0
4.3,0.0,142.2,30,40,100,25.7,40.0,0.0,5.0
0.9,34.4,0.0,30,40,100,29.1,5.6,100.0,5.0
28.8,1.3,59.7,30,40,100,1.2,38.7,40.3,4.8
39.6,43.1,167.6,30,40,100,0.0,0.0,0.0,0.0
68.6,82.0,146.8,30,40,100,0.0,0.0,0.0,0.0
11.9,29.7,171.6,30,40,100,18.1,10.3,0.0,3.0
11.8,42.5,25.9,30,40,100,18.2,0.0,74.1,3.7
58.7,32.7,136.7,30,40,100,0.0,7.3,0.0,0.9
34.4,68.8,0.0,30,40,100,0.0,0.0,100.0,5.0
62.1,9.6,51.2,30,40,100,0.0,30.4,48.8,3.8
34.2,0.0,58.8,30,40,100,0.0,40.0,41.2,5.0
0.0,55.4,27.1,30,40,100,30.0,0.0,72.9,5.0
0.0,76.2,44.3,30,40,100,30.0,0.0,55.7,5.0
0.0,54.4,33.7,30,40,100,30.0,0.0,66.3,5.0
44.8,10.7,0.0,30,40,100,0.0,29.3,100.0,5.0
59.8,0.0,142.6,30,40,100,0.0,40.0,0.0,5.0
78.6,56.3,58.8,30,40,100,0.0,0.0,41.2,2.1
50.0,42.1,89.7,30,40,100,0.0,0.0,10.3,0.5
59.1,31.4,86.7,30,40,100,0.0,8.6,13.3,1.1
9.4,109.8,77.9,30,40,100,20.6,0.0,22.1,3.4
0.0,0.0,81.0,30,40,100,30.0,40.0,19.0,5.0
50.2,107.9,48.9,30,40,100,0.0,0.0,51.1,2.6
37.8,37.7,187.9,30,40,100,0.0,2.3,0.0,0.3
29.0,0.0,134.8,30,40,100,1.0,40.0,0.0,5.0
37.0,29.2,75.0,30,40,100,0.0,10.8,25.0,1.4
35.2,75.1,37.4,30,40,100,0.0,0.0,62.6,3.1
62.5,21.8,63.9,30,40,100,0.0,18.2,36.1,2.3
62.8,0.0,107.2,30,40,100,0.0,40.0,0.0,5.0
41.5,29.8,194.5,30,40,100,0.0,10.2,0.0,1.3
50.0,2.0,0.0,30,40,100,0.0,38.0,100.0,5.0
40.6,56.2,126.7,30,40,100,0.0,0.0,0.0,0.0
12.8,67.6,164.4,30,40,100,17.2,0.0,0.0,2.9
47.5,0.0,0.0,30,40,100,0.0,40.0,100.0,5.0
0.0,8.0,58.9,30,40,100,30.0,32.0,41.1,5.0
56.0,66.9,0.0,30,40,100,0.0,0.0,100.0,5.0
0.0,1.9,108.2,30,40,100,30.0,38.1,0.0,5.0
34.1,0.0,44.6,30,40,100,0.0,40.0,55.4,5.0
1.9,0.0,63.0,30,40,100,28.1,40.0,37.0,5.0
41.7,50.6,40.3,30,40,100,0.0,0.0,59.7,3.0
25.0,48.9,131.6,30,40,100,5.0,0.0,0.0,0.8
0.0,8.9,92.0,30,40,100,30.0,31.1,8.0,5.0
37.9,36.7,92.1,30,40,100,0.0,3.3,7.9,0.4
9.5,97.9,86.4,30,40,100,20.5,0.0,13.6,3.4
51.0,0.0,119.7,30,40,100,0.0,40.0,0.0,5.0
26.0,0.0,52.4,30,40,100,4.0,40.0,47.6,5.0
37.2,54.8,210.7,30,40,100,0.0,0.0,0.0,0.0
0.0,32.0,0.0,30,40,100,30.0,8.0,100.0,5.0
9.2,7.9,0.0,30,40,100,20.8,32.1,100.0,5.0
12.9,62.7,0.0,30,40,100,17.1,0.0,100.0,5.0
50.3,70.2,0.0,30,40,100,0.0,0.0,100.0,5.0
73.7,0.0,127.8,30,40,100,0.0,40.0,0.0,5.0
3.0,10.2,118.0,30,40,100,27.0,29.8,0.0,4.5
56.6,129.7,170.9,30,40,100,0.0,0.0,0.0,0.0
0.0,59.9,0.0,30,40,100,30.0,0.0,100.0,5.0
0.0,63.7,133.6,30,40,100,30.0,0.0,0.0,5.0
0.0,83.7,78.1,30,40,100,30.0,0.0,21.9,5.0
0.0,37.1,86.9,30,40,100,30.0,2.9,13.1,5.0
0.0,68.5,123.9,30,40,100,30.0,0.0,0.0,5.0
37.7,65.3,12.5,30,40,100,0.0,0.0,87.5,4.4
19.9,58.1,282.1,30,40,100,10.1,0.0,0.0,1.7
36.8,23.5,180.9,30,40,100,0.0,16.5,0.0,2.1
45.6,43.4,30.6,30,40,100,0.0,0.0,69.4,3.5
33.5,12.8,0.0,30,40,100,0.0,27.2,100.0,5.0
44.7,37.0,66.4,30,40,100,0.0,3.0,33.6,1.7
24.0,0.0,88.2,30,40,100,6.0,40.0,11.8,5.0
0.0,4.6,159.4,30,40,100,30.0,35.4,0.0,5.0
56.1,25.1,0.0,30,40,100,0.0,14.9,100.0,5.0
9.2,0.0,96.5,30,40,100,20.8,40.0,3.5,5.0
0.0,16.1,0.0,30,40,100,30.0,23.9,100.0,5.0
20.9,29.8,108.7,30,40,100,9.1,10.2,0.0,1.5
0.0,52.6,64.8,30,40,100,30.0,0.0,35.2,5.0
14.1,74.6,229.7,30,40,100,15.9,0.0,0.0,2.7
35.7,17.8,0.0,30,40,100,0.0,22.2,100.0,5.0
35.9,90.2,184.0,30,40,100,0.0,0.0,0.0,0.0
0.4,74.2,0.0,30,40,100,29.6,0.0,100.0,5.0
12.1,56.7,0.0,30,40,100,17.9,0.0,100.0,5.0
56.5,42.6,0.0,30,40,100,0.0,0.0,100.0,5.0
40.1,49.3,93.7,30,40,100,0.0,0.0,6.3,0.3
85.0,84.2,0.0,30,40,100,0.0,0.0,100.0,5.0
59.6,85.7,0.0,30,40,100,0.0,0.0,100.0,5.0
58.5,90.2,89.8,30,40,100,0.0,0.0,10.2,0.5
0.0,38.1,109.9,30,40,100,30.0,1.9,0.0,5.0
47.7,58.8,76.7,30,40,100,0.0,0.0,23.3,1.2
24.4,90.5,60.4,30,40,100,5.6,0.0,39.6,2.0
10.3,11.3,221.0,30,40,100,19.7,28.7,0.0,3.6
30.7,23.6,85.3,30,40,100,0.0,16.4,14.7,2.0
52.9,37.1,138.5,30,40,100,0.0,2.9,0.0,0.4
40.2,72.7,85.0,30,40,100,0.0,0.0,15.0,0.8
0.9,73.3,0.0,30,40,100,29.1,0.0,100.0,5.0
47.1,27.2,117.8,30,40,100,0.0,12.8,0.0,1.6
7.8,0.0,20.6,30,40,100,22.2,40.0,79.4,5.0
32.1,46.4,66.2,30,40,100,0.0,0.0,33.8,1.7
17.3,0.0,98.1,30,40,100,12.7,40.0,1.9,5.0
19.7,0.0,0.0,30,40,100,10.3,40.0,100.0,5.0
47.8,0.0,0.0,30,40,100,0.0,40.0,100.0,5.0
0.0,49.6,146.8,30,40,100,30.0,0.0,0.0,5.0
81.3,91.2,20.0,30,40,100,0.0,0.0,80.0,4.0
0.0,38.0,23.8,30,40,100,30.0,2.0,76.2,5.0
8.9,45.0,86.9,30,40,100,21.1,0.0,13.1,3.5
36.5,84.1,42.4,30,40,100,0.0,0.0,57.6,2.9
42.6,0.0,107.2,30,40,100,0.0,40.0,0.0,5.0
23.1,57.4,69.4,30,40,100,6.9,0.0,30.6,1.5
24.3,36.0,89.5,30,40,100,5.7,4.0,10.5,0.9
37.6,59.2,16.9,30,40,100,0.0,0.0,83.1,4.2
19.4,17.0,89.1,30,40,100,10.6,23.0,10.9,2.9
65.6,3.5,162.6,30,40,100,0.0,36.5,0.0,4.6
49.9,42.1,27.7,30,40,100,0.0,0.0,72.3,3.6
50.8,102.8,147.3,30,40,100,0.0,0.0,0.0,0.0
0.0,71.1,69.3,30,40,100,30.0,0.0,30.7,5.0
23.7,16.0,132.7,30,40,100,6.3,24.0,0.0,3.0
17.4,0.0,83.9,30,40,100,12.6,40.0,16.1,5.0
0.0,0.0,70.8,30,40,100,30.0,40.0,29.2,5.0
36.2,89.4,101.7,30,40,100,0.0,0.0,0.0,0.0
10.6,0.0,171.4,30,40,100,19.4,40.0,0.0,5.0
44.6,23.3,92.5,30,40,100,0.0,16.7,7.5,2.1
0.0,89.6,112.1,30,40,100,30.0,0.0,0.0,5.0
74.9,0.0,43.8,30,40,100,0.0,40.0,56.2,5.0
0.4,96.5,200.2,30,40,100,29.6,0.0,0.0,4.9
32.2,26.2,125.1,30,40,100,0.0,13.8,0.0,1.7
48.5,0.0,79.8,30,40,100,0.0,40.0,20.2,5.0
9.7,26.5,63.6,30,40,100,20.3,13.5,36.4,3.4
50.2,7.4,152.4,30,40,100,0.0,32.6,0.0,4.1
0.0,54.2,24.6,30,40,100,30.0,0.0,75.4,5.0
67.3,10.4,0.0,30,40,100,0.0,29.6,100.0,5.0
26.4,0.0,79.3,30,40,100,3.6,40.0,20.7,5.0
9.0,27.6,169.5,30,40,100,21.0,12.4,0.0,3.5
17.4,0.0,201.8,30,40,100,12.6,40.0,0.0,5.0
49.0,44.7,64.8,30,40,100,0.0,0.0,35.2,1.8
9.3,0.0,77.0,30,40,100,20.7,40.0,23.0,5.0
4.6,16.8,115.4,30,40,100,25.4,23.2,0.0,4.2
19.6,43.8,52.2,30,40,100,10.4,0.0,47.8,2.4
0.0,27.9,115.1,30,40,100,30.0,12.1,0.0,5.0
77.8,46.5,66.6,30,40,100,0.0,0.0,33.4,1.7
9.8,63.8,155.1,30,40,100,20.2,0.0,0.0,3.4
49.6,0.0,131.8,30,40,100,0.0,40.0,0.0,5.0
31.9,33.9,138.8,30,40,100,0.0,6.1,0.0,0.8
0.0,0.0,56.9,30,40,100,30.0,40.0,43.1,5.0
25.8,46.4,228.8,30,40,100,4.2,0.0,0.0,0.7
48.3,24.3,112.5,30,40,100,0.0,15.7,0.0,2.0
20.6,0.0,93.4,30,40,100,9.4,40.0,6.6,5.0
59.9,49.2,12.1,30,40,100,0.0,0.0,87.9,4.4
55.0,83.6,65.7,30,40,100,0.0,0.0,34.3,1.7
52.1,17.3,82.7,30,40,100,0.0,22.7,17.3,2.8
12.9,0.0,10.0,30,40,100,17.1,40.0,90.0,5.0
0.0,43.1,49.9,30,40,100,30.0,0.0,50.1,5.0
8.5,0.0,60.1,30,40,100,21.5,40.0,39.9,5.0
31.5,9.9,78.0,30,40,100,0.0,30.1,22.0,3.8
41.5,85.6,0.0,30,40,100,0.0,0.0,100.0,5.0
0.0,38.9,62.6,30,40,100,30.0,1.1,37.4,5.0
25.7,0.0,43.1,30,40,100,4.3,40.0,56.9,5.0
30.5,0.0,71.8,30,40,100,0.0,40.0,28.2,5.0
18.0,43.0,157.0,30,40,100,12.0,0.0,0.0,2.0
62.7,71.2,239.0,30,40,100,0.0,0.0,0.0,0.0
38.0,0.0,128.2,30,40,100,0.0,40.0,0.0,5.0
63.3,54.5,0.0,30,40,100,0.0,0.0,100.0,5.0
19.8,90.0,45.6,30,40,100,10.2,0.0,54.4,2.7
52.6,112.4,121.6,30,40,100,0.0,0.0,0.0,0.0
72.5,49.8,112.5,30,40,100,0.0,0.0,0.0,0.0
63.3,56.8,153.1,30,40,100,0.0,0.0,0.0,0.0
0.0,0.0,65.6,30,40,100,30.0,40.0,34.4,5.0
18.7,121.0,44.2,30,40,100,11.3,0.0,55.8,2.8
16.1,13.3,214.8,30,40,100,13.9,26.7,0.0,3.3
39.9,0.0,78.2,30,40,100,0.0,40.0,21.8,5.0
45.5,26.2,0.0,30,40,100,0.0,13.8,100.0,5.0
2.1,97.3,192.5,30,40,100,27.9,0.0,0.0,4.6
27.9,125.3,0.0,30,40,100,2.1,0.0,100.0,5.0
0.0,41.5,0.0,30,40,100,30.0,0.0,100.0,5.0
67.0,76.6,135.5,30,40,100,0.0,0.0,0.0,0.0
11.4,38.2,146.9,30,40,100,18.6,1.8,0.0,3.1
27.5,0.0,106.9,30,40,100,2.5,40.0,0.0,5.0
17.1,95.9,0.0,30,40,100,12.9,0.0,100.0,5.0
58.6,11.4,68.7,30,40,100,0.0,28.6,31.3,3.6
0.0,98.2,51.1,30,40,100,30.0,0.0,48.9,5.0
25.5,88.7,30.2,30,40,100,4.5,0.0,69.8,3.5
22.9,61.2,187.4,30,40,100,7.1,0.0,0.0,1.2
13.0,110.1,0.0,30,40,100,17.0,0.0,100.0,5.0
75.1,126.3,99.0,30,40,100,0.0,0.0,1.0,0.0
0.7,29.4,169.8,30,40,100,29.3,10.6,0.0,4.9
47.9,3.9,104.3,30,40,100,0.0,36.1,0.0,4.5
36.1,0.0,173.6,30,40,100,0.0,40.0,0.0,5.0
61.9,126.8,119.0,30,40,100,0.0,0.0,0.0,0.0
7.0,18.8,108.1,30,40,100,23.0,21.2,0.0,3.8
5.1,82.1,103.1,30,40,100,24.9,0.0,0.0,4.1
57.2,6.6,123.0,30,40,100,0.0,33.4,0.0,4.2
38.1,98.4,42.4,30,40,100,0.0,0.0,57.6,2.9
0.0,8.3,0.0,30,40,100,30.0,31.7,100.0,5.0
10.6,0.0,150.4,30,40,100,19.4,40.0,0.0,5.0
37.0,28.1,167.2,30,40,100,0.0,11.9,0.0,1.5
49.8,15.0,93.8,30,40,100,0.0,25.0,6.2,3.1
6.6,60.4,29.3,30,40,100,23.4,0.0,70.7,3.9
0.0,34.4,0.0,30,40,100,30.0,5.6,100.0,5.0
40.9,61.7,80.4,30,40,100,0.0,0.0,19.6,1.0
0.0,24.7,0.0,30,40,100,30.0,15.3,100.0,5.0
0.0,9.7,0.0,30,40,100,30.0,30.3,100.0,5.0
0.0,13.0,71.8,30,40,100,30.0,27.0,28.2,5.0
49.1,118.7,11.9,30,40,100,0.0,0.0,88.1,4.4
29.6,45.5,101.3,30,40,100,0.4,0.0,0.0,0.1
19.5,0.0,60.6,30,40,100,10.5,40.0,39.4,5.0
65.5,15.5,24.6,30,40,100,0.0,24.5,75.4,3.8
44.1,40.3,0.0,30,40,100,0.0,0.0,100.0,5.0
72.0,110.7,4.7,30,40,100,0.0,0.0,95.3,4.8
0.0,77.8,7.7,30,40,100,30.0,0.0,92.3,5.0
25.0,0.0,0.0,30,40,100,5.0,40.0,100.0,5.0
0.0,133.8,47.0,30,40,100,30.0,0.0,53.0,5.0
19.4,35.2,0.0,30,40,100,10.6,4.8,100.0,5.0
18.9,86.6,60.3,30,40,100,11.1,0.0,39.7,2.0
43.8,0.0,92.9,30,40,100,0.0,40.0,7.1,5.0
27.2,0.0,6.9,30,40,100,2.8,40.0,93.1,5.0
43.7,0.0,107.8,30,40,100,0.0,40.0,0.0,5.0
46.0,0.0,0.0,30,40,100,0.0,40.0,100.0,5.0
87.3,121.4,0.0,30,40,100,0.0,0.0,100.0,5.0
17.0,45.1,64.4,30,40,100,13.0,0.0,35.6,2.2
0.0,0.0,128.9,30,40,100,30.0,40.0,0.0,5.0
33.0,54.7,143.4,30,40,100,0.0,0.0,0.0,0.0
3.1,44.1,203.5,30,40,100,26.9,0.0,0.0,4.5
68.2,61.4,43.1,30,40,100,0.0,0.0,56.9,2.8
17.9,85.1,63.2,30,40,100,12.1,0.0,36.8,2.0
9.8,24.8,0.0,30,40,100,20.2,15.2,100.0,5.0
12.5,1.0,0.0,30,40,100,17.5,39.0,100.0,5.0
46.4,69.8,91.9,30,40,100,0.0,0.0,8.1,0.4
21.5,68.7,10.9,30,40,100,8.5,0.0,89.1,4.5
7.7,40.5,172.9,30,40,100,22.3,0.0,0.0,3.7
73.4,124.1,0.0,30,40,100,0.0,0.0,100.0,5.0
1.6,18.8,112.7,30,40,100,28.4,21.2,0.0,4.7
27.0,0.2,0.0,30,40,100,3.0,39.8,100.0,5.0
44.5,53.3,7.3,30,40,100,0.0,0.0,92.7,4.6
0.0,9.3,117.0,30,40,100,30.0,30.7,0.0,5.0
39.6,56.4,19.0,30,40,100,0.0,0.0,81.0,4.1
0.0,2.9,31.9,30,40,100,30.0,37.1,68.1,5.0
49.4,20.3,8.0,30,40,100,0.0,19.7,92.0,4.6
0.0,112.5,217.4,30,40,100,30.0,0.0,0.0,5.0
45.7,20.1,23.7,30,40,100,0.0,19.9,76.3,3.8
57.4,4.3,77.7,30,40,100,0.0,35.7,22.3,4.5
50.5,83.6,57.2,30,40,100,0.0,0.0,42.8,2.1
33.1,0.0,91.4,30,40,100,0.0,40.0,8.6,5.0
19.4,8.6,23.9,30,40,100,10.6,31.4,76.1,3.9
9.5,59.7,57.3,30,40,100,20.5,0.0,42.7,3.4
67.8,74.2,105.3,30,40,100,0.0,0.0,0.0,0.0
6.0,85.6,3.9,30,40,100,24.0,0.0,96.1,4.8
0.0,6.4,161.3,30,40,100,30.0,33.6,0.0,5.0
44.9,60.4,169.1,30,40,100,0.0,0.0,0.0,0.0
3.3,17.7,122.4,30,40,100,26.7,22.3,0.0,4.4
0.0,12.1,79.1,30,40,100,30.0,27.9,20.9,5.0
0.0,84.9,0.0,30,40,100,30.0,0.0,100.0,5.0
12.2,14.3,107.7,30,40,100,17.8,25.7,0.0,3.2
23.6,47.6,41.9,30,40,100,6.4,0.0,58.1,2.9
32.9,42.7,53.6,30,40,100,0.0,0.0,46.4,2.3
53.0,0.0,0.0,30,40,100,0.0,40.0,100.0,5.0
41.0,75.3,113.3,30,40,100,0.0,0.0,0.0,0.0
20.5,59.0,0.0,30,40,100,9.5,0.0,100.0,5.0
20.3,0.0,83.0,30,40,100,9.7,40.0,17.0,5.0
40.5,47.6,146.5,30,40,100,0.0,0.0,0.0,0.0
62.2,5.3,35.6,30,40,100,0.0,34.7,64.4,4.3
29.5,80.6,171.6,30,40,100,0.5,0.0,0.0,0.1
12.6,0.0,13.3,30,40,100,17.4,40.0,86.7,5.0
0.0,22.1,121.9,30,40,100,30.0,17.9,0.0,5.0
0.0,51.0,0.0,30,40,100,30.0,0.0,100.0,5.0
44.9,38.6,156.7,30,40,100,0.0,1.4,0.0,0.2
42.4,67.2,144.1,30,40,100,0.0,0.0,0.0,0.0
42.4,0.0,111.3,30,40,100,0.0,40.0,0.0,5.0
22.3,102.9,41.8,30,40,100,7.7,0.0,58.2,2.9
66.0,57.6,0.0,30,40,100,0.0,0.0,100.0,5.0
12.2,91.2,42.0,30,40,100,17.8,0.0,58.0,3.0
53.2,71.6,163.0,30,40,100,0.0,0.0,0.0,0.0
24.8,36.0,84.0,30,40,100,5.2,4.0,16.0,0.9
8.6,0.0,0.0,30,40,100,21.4,40.0,100.0,5.0
42.8,13.8,0.0,30,40,100,0.0,26.2,100.0,5.0
37.6,100.4,174.6,30,40,100,0.0,0.0,0.0,0.0
36.1,92.2,112.8,30,40,100,0.0,0.0,0.0,0.0
28.3,11.5,0.0,30,40,100,1.7,28.5,100.0,5.0
24.9,0.0,0.0,30,40,100,5.1,40.0,100.0,5.0
94.0,27.9,23.1,30,40,100,0.0,12.1,76.9,3.8
59.7,24.9,0.0,30,40,100,0.0,15.1,100.0,5.0
46.5,26.4,60.9,30,40,100,0.0,13.6,39.1,2.0
29.1,57.7,271.2,30,40,100,0.9,0.0,0.0,0.1
54.6,71.7,0.0,30,40,100,0.0,0.0,100.0,5.0
40.7,76.3,58.5,30,40,100,0.0,0.0,41.5,2.1
26.7,54.4,179.3,30,40,100,3.3,0.0,0.0,0.6
17.3,0.0,133.9,30,40,100,12.7,40.0,0.0,5.0
23.6,22.7,61.5,30,40,100,6.4,17.3,38.5,2.2
0.0,129.2,61.7,30,40,100,30.0,0.0,38.3,5.0
31.9,51.5,0.0,30,40,100,0.0,0.0,100.0,5.0
12.0,51.3,51.9,30,40,100,18.0,0.0,48.1,3.0
71.3,50.9,93.1,30,40,100,0.0,0.0,6.9,0.3
26.5,53.2,162.6,30,40,100,3.5,0.0,0.0,0.6
0.0,0.0,23.5,30,40,100,30.0,40.0,76.5,5.0
24.5,26.8,58.2,30,40,100,5.5,13.2,41.8,2.1
0.0,34.9,0.0,30,40,100,30.0,5.1,100.0,5.0
39.4,88.0,91.7,30,40,100,0.0,0.0,8.3,0.4
34.2,38.4,136.7,30,40,100,0.0,1.6,0.0,0.2
53.2,0.0,124.3,30,40,100,0.0,40.0,0.0,5.0
3.4,53.8,0.0,30,40,100,26.6,0.0,100.0,5.0
26.9,4.1,85.3,30,40,100,3.1,35.9,14.7,4.5
0.0,0.0,18.9,30,40,100,30.0,40.0,81.1,5.0
45.9,2.9,155.0,30,40,100,0.0,37.1,0.0,4.6
40.7,58.3,60.5,30,40,100,0.0,0.0,39.5,2.0
40.1,87.1,0.0,30,40,100,0.0,0.0,100.0,5.0
26.0,55.9,55.8,30,40,100,4.0,0.0,44.2,2.2
37.8,61.9,110.5,30,40,100,0.0,0.0,0.0,0.0
71.6,55.5,93.2,30,40,100,0.0,0.0,6.8,0.3
17.8,40.5,32.2,30,40,100,12.2,0.0,67.8,3.4
29.9,64.5,26.3,30,40,100,0.1,0.0,73.7,3.7
0.0,0.0,0.0,30,40,100,30.0,40.0,100.0,5.0
1.2,40.9,41.7,30,40,100,28.8,0.0,58.3,4.8
28.7,0.0,4.5,30,40,100,1.3,40.0,95.5,5.0
57.4,83.2,151.7,30,40,100,0.0,0.0,0.0,0.0
18.7,30.5,0.8,30,40,100,11.3,9.5,99.2,5.0
19.2,37.7,83.4,30,40,100,10.8,2.3,16.6,1.8
14.4,0.0,77.9,30,40,100,15.6,40.0,22.1,5.0
10.7,77.4,149.8,30,40,100,19.3,0.0,0.0,3.2
34.4,61.7,161.3,30,40,100,0.0,0.0,0.0,0.0
0.0,58.9,129.6,30,40,100,30.0,0.0,0.0,5.0
62.4,3.7,102.0,30,40,100,0.0,36.3,0.0,4.5
7.0,5.3,0.0,30,40,100,23.0,34.7,100.0,5.0
46.5,45.4,0.0,30,40,100,0.0,0.0,100.0,5.0
0.0,8.5,5.3,30,40,100,30.0,31.5,94.7,5.0
45.0,53.9,134.1,30,40,100,0.0,0.0,0.0,0.0
45.1,0.0,79.4,30,40,100,0.0,40.0,20.6,5.0
36.9,16.8,143.5,30,40,100,0.0,23.2,0.0,2.9
0.0,108.8,154.4,30,40,100,30.0,0.0,0.0,5.0
33.1,54.1,15.0,30,40,100,0.0,0.0,85.0,4.2
0.0,43.2,76.1,30,40,100,30.0,0.0,23.9,5.0
18.8,116.3,72.4,30,40,100,11.2,0.0,27.6,1.9
55.3,0.0,47.1,30,40,100,0.0,40.0,52.9,5.0
48.6,3.6,30.4,30,40,100,0.0,36.4,69.6,4.6
26.4,20.3,169.0,30,40,100,3.6,19.7,0.0,2.5
0.0,71.0,77.7,30,40,100,30.0,0.0,22.3,5.0
44.3,71.7,74.6,30,40,100,0.0,0.0,25.4,1.3
26.5,1.6,8.8,30,40,100,3.5,38.4,91.2,4.8
0.0,76.6,127.9,30,40,100,30.0,0.0,0.0,5.0
48.2,20.2,0.0,30,40,100,0.0,19.8,100.0,5.0
25.3,85.2,110.2,30,40,100,4.7,0.0,0.0,0.8
60.2,0.0,112.4,30,40,100,0.0,40.0,0.0,5.0
0.0,31.5,40.2,30,40,100,30.0,8.5,59.8,5.0
0.0,16.7,99.1,30,40,100,30.0,23.3,0.9,5.0
33.9,78.9,88.5,30,40,100,0.0,0.0,11.5,0.6
34.3,15.4,70.3,30,40,100,0.0,24.6,29.7,3.1
0.0,34.7,74.5,30,40,100,30.0,5.3,25.5,5.0
0.0,56.8,78.5,30,40,100,30.0,0.0,21.5,5.0
104.4,58.4,84.0,30,40,100,0.0,0.0,16.0,0.8
17.2,72.1,78.4,30,40,100,12.8,0.0,21.6,2.1
46.8,44.9,0.0,30,40,100,0.0,0.0,100.0,5.0
7.4,19.6,61.2,30,40,100,22.6,20.4,38.8,3.8
0.0,22.4,94.9,30,40,100,30.0,17.6,5.1,5.0
21.1,37.5,81.3,30,40,100,8.9,2.5,18.7,1.5
18.4,46.5,150.4,30,40,100,11.6,0.0,0.0,1.9
14.6,30.5,123.5,30,40,100,15.4,9.5,0.0,2.6
22.7,37.2,3.3,30,40,100,7.3,2.8,96.7,4.8
33.5,0.0,60.1,30,40,100,0.0,40.0,39.9,5.0
21.7,63.3,48.4,30,40,100,8.3,0.0,51.6,2.6
0.0,43.7,73.1,30,40,100,30.0,0.0,26.9,5.0
39.8,76.8,73.3,30,40,100,0.0,0.0,26.7,1.3
0.0,36.5,122.8,30,40,100,30.0,3.5,0.0,5.0
0.0,0.0,87.8,30,40,100,30.0,40.0,12.2,5.0
47.0,22.0,172.7,30,40,100,0.0,18.0,0.0,2.2
40.4,28.4,92.9,30,40,100,0.0,11.6,7.1,1.5
24.3,66.3,6.5,30,40,100,5.7,0.0,93.5,4.7
0.0,0.0,35.8,30,40,100,30.0,40.0,64.2,5.0
5.8,38.1,122.2,30,40,100,24.2,1.9,0.0,4.0
18.5,57.1,0.0,30,40,100,11.5,0.0,100.0,5.0
0.0,9.8,0.0,30,40,100,30.0,30.2,100.0,5.0
4.9,39.5,74.4,30,40,100,25.1,0.5,25.6,4.2
44.5,11.2,150.2,30,40,100,0.0,28.8,0.0,3.6
66.6,7.1,178.9,30,40,100,0.0,32.9,0.0,4.1
14.0,20.0,56.0,30,40,100,16.0,20.0,44.0,2.7
47.5,7.8,159.0,30,40,100,0.0,32.2,0.0,4.0
0.0,64.0,79.3,30,40,100,30.0,0.0,20.7,5.0
44.7,6.9,0.0,30,40,100,0.0,33.1,100.0,5.0
3.1,0.1,72.8,30,40,100,26.9,39.9,27.2,5.0
34.7,107.6,23.6,30,40,100,0.0,0.0,76.4,3.8
18.9,75.1,147.5,30,40,100,11.1,0.0,0.0,1.9
63.6,0.0,71.4,30,40,100,0.0,40.0,28.6,5.0
1.0,5.7,0.0,30,40,100,29.0,34.3,100.0,5.0
43.8,46.2,0.0,30,40,100,0.0,0.0,100.0,5.0
18.0,49.5,71.8,30,40,100,12.0,0.0,28.2,2.0
21.4,0.0,0.0,30,40,100,8.6,40.0,100.0,5.0
20.7,83.1,31.7,30,40,100,9.3,0.0,68.3,3.4
1.9,69.7,92.1,30,40,100,28.1,0.0,7.9,4.7
25.6,55.8,0.0,30,40,100,4.4,0.0,100.0,5.0
24.2,91.0,153.7,30,40,100,5.8,0.0,0.0,1.0
32.8,54.6,169.5,30,40,100,0.0,0.0,0.0,0.0
28.4,54.5,0.0,30,40,100,1.6,0.0,100.0,5.0
48.7,99.1,49.5,30,40,100,0.0,0.0,50.5,2.5
52.3,80.8,153.7,30,40,100,0.0,0.0,0.0,0.0
0.0,2.6,73.4,30,40,100,30.0,37.4,26.6,5.0
50.7,61.9,0.0,30,40,100,0.0,0.0,100.0,5.0
0.0,9.7,61.9,30,40,100,30.0,30.3,38.1,5.0
42.7,56.7,4.7,30,40,100,0.0,0.0,95.3,4.8
43.6,55.6,162.9,30,40,100,0.0,0.0,0.0,0.0
0.0,0.0,122.4,30,40,100,30.0,40.0,0.0,5.0
28.6,31.5,48.2,30,40,100,1.4,8.5,51.8,2.6
12.6,47.1,85.0,30,40,100,17.4,0.0,15.0,2.9
4.3,18.9,0.0,30,40,100,25.7,21.1,100.0,5.0
64.4,49.1,12.7,30,40,100,0.0,0.0,87.3,4.4
7.3,68.9,198.8,30,40,100,22.7,0.0,0.0,3.8
3.0,35.2,77.8,30,40,100,27.0,4.8,22.2,4.5
28.1,45.5,148.5,30,40,100,1.9,0.0,0.0,0.3
45.5,92.1,92.2,30,40,100,0.0,0.0,7.8,0.4
21.9,55.5,179.5,30,40,100,8.1,0.0,0.0,1.4
59.2,44.5,0.0,30,40,100,0.0,0.0,100.0,5.0
41.1,0.0,58.3,30,40,100,0.0,40.0,41.7,5.0
0.0,63.5,206.1,30,40,100,30.0,0.0,0.0,5.0
10.9,49.7,150.6,30,40,100,19.1,0.0,0.0,3.2
10.0,88.1,180.4,30,40,100,20.0,0.0,0.0,3.3
39.6,38.3,72.9,30,40,100,0.0,1.7,27.1,1.4
0.0,0.0,30.2,30,40,100,30.0,40.0,69.8,5.0
98.5,0.0,0.0,30,40,100,0.0,40.0,100.0,5.0
41.1,66.1,0.0,30,40,100,0.0,0.0,100.0,5.0
30.2,13.5,138.6,30,40,100,0.0,26.5,0.0,3.3
59.6,54.0,114.9,30,40,100,0.0,0.0,0.0,0.0
92.7,41.0,68.1,30,40,100,0.0,0.0,31.9,1.6
50.7,29.7,114.5,30,40,100,0.0,10.3,0.0,1.3
53.0,32.6,85.0,30,40,100,0.0,7.4,15.0,0.9
29.7,1.6,151.1,30,40,100,0.3,38.4,0.0,4.8
21.9,35.8,150.3,30,40,100,8.1,4.2,0.0,1.4
12.4,12.9,0.0,30,40,100,17.6,27.1,100.0,5.0
2.4,21.5,95.6,30,40,100,27.6,18.5,4.4,4.6
6.4,23.4,0.0,30,40,100,23.6,16.6,100.0,5.0
0.0,27.3,84.2,30,40,100,30.0,12.7,15.8,5.0
23.8,73.6,122.2,30,40,100,6.2,0.0,0.0,1.0
0.0,31.2,0.0,30,40,100,30.0,8.8,100.0,5.0
31.4,77.6,39.9,30,40,100,0.0,0.0,60.1,3.0
24.9,98.3,74.3,30,40,100,5.1,0.0,25.7,1.3
30.1,70.9,92.4,30,40,100,0.0,0.0,7.6,0.4
11.1,58.0,51.0,30,40,100,18.9,0.0,49.0,3.2
113.6,49.6,0.0,30,40,100,0.0,0.0,100.0,5.0
64.7,71.3,69.1,30,40,100,0.0,0.0,30.9,1.5
0.0,40.0,0.0,30,40,100,30.0,0.0,100.0,5.0
32.6,76.1,54.7,30,40,100,0.0,0.0,45.3,2.3
8.6,61.2,37.9,30,40,100,21.4,0.0,62.1,3.6
0.0,22.0,62.7,30,40,100,30.0,18.0,37.3,5.0
0.0,72.5,28.4,30,40,100,30.0,0.0,71.6,5.0
38.3,40.1,0.0,30,40,100,0.0,0.0,100.0,5.0
6.5,32.2,44.0,30,40,100,23.5,7.8,56.0,3.9
53.5,17.3,148.6,30,40,100,0.0,22.7,0.0,2.8
54.3,43.1,175.2,30,40,100,0.0,0.0,0.0,0.0
65.1,76.5,270.2,30,40,100,0.0,0.0,0.0,0.0
1.7,72.2,209.9,30,40,100,28.3,0.0,0.0,4.7
39.5,50.7,0.0,30,40,100,0.0,0.0,100.0,5.0
44.0,60.6,40.6,30,40,100,0.0,0.0,59.4,3.0
12.4,87.6,71.7,30,40,100,17.6,0.0,28.3,2.9
4.0,30.4,66.6,30,40,100,26.0,9.6,33.4,4.3
71.8,0.0,79.1,30,40,100,0.0,40.0,20.9,5.0
32.4,88.8,267.7,30,40,100,0.0,0.0,0.0,0.0
44.1,15.1,0.0,30,40,100,0.0,24.9,100.0,5.0
2.5,8.7,16.0,30,40,100,27.5,31.3,84.0,4.6
0.0,0.0,206.1,30,40,100,30.0,40.0,0.0,5.0
9.7,59.4,23.8,30,40,100,20.3,0.0,76.2,3.8
22.4,0.0,105.2,30,40,100,7.6,40.0,0.0,5.0
0.0,6.3,156.9,30,40,100,30.0,33.7,0.0,5.0
25.7,60.1,112.7,30,40,100,4.3,0.0,0.0,0.7
0.0,65.5,89.0,30,40,100,30.0,0.0,11.0,5.0
0.0,10.2,149.2,30,40,100,30.0,29.8,0.0,5.0
45.1,31.0,1.5,30,40,100,0.0,9.0,98.5,4.9
43.1,1.3,33.5,30,40,100,0.0,38.7,66.5,4.8
14.8,14.4,116.7,30,40,100,15.2,25.6,0.0,3.2
0.0,47.2,0.0,30,40,100,30.0,0.0,100.0,5.0
0.0,16.3,187.7,30,40,100,30.0,23.7,0.0,5.0
15.3,26.6,98.0,30,40,100,14.7,13.4,2.0,2.4
44.3,0.0,85.8,30,40,100,0.0,40.0,14.2,5.0
52.4,82.0,0.0,30,40,100,0.0,0.0,100.0,5.0
11.8,57.0,0.0,30,40,100,18.2,0.0,100.0,5.0
0.0,68.4,41.4,30,40,100,30.0,0.0,58.6,5.0
33.6,88.4,138.6,30,40,100,0.0,0.0,0.0,0.0
2.5,3.2,0.0,30,40,100,27.5,36.8,100.0,5.0
11.2,22.0,137.1,30,40,100,18.8,18.0,0.0,3.1
63.7,0.0,44.5,30,40,100,0.0,40.0,55.5,5.0
49.5,162.8,55.5,30,40,100,0.0,0.0,44.5,2.2
30.5,30.4,93.9,30,40,100,0.0,9.6,6.1,1.2
0.0,78.3,95.2,30,40,100,30.0,0.0,4.8,5.0
32.0,0.0,16.0,30,40,100,0.0,40.0,84.0,5.0
56.2,76.5,123.9,30,40,100,0.0,0.0,0.0,0.0
15.3,111.2,0.0,30,40,100,14.7,0.0,100.0,5.0
64.4,34.0,37.2,30,40,100,0.0,6.0,62.8,3.1
62.8,0.0,85.9,30,40,100,0.0,40.0,14.1,5.0
73.3,30.9,45.7,30,40,100,0.0,9.1,54.3,2.7
34.6,0.0,0.0,30,40,100,0.0,40.0,100.0,5.0
42.7,34.9,134.6,30,40,100,0.0,5.1,0.0,0.6
66.2,69.5,0.0,30,40,100,0.0,0.0,100.0,5.0
38.7,35.0,68.1,30,40,100,0.0,5.0,31.9,1.6
11.7,25.0,85.8,30,40,100,18.3,15.0,14.2,3.0
13.2,57.7,75.1,30,40,100,16.8,0.0,24.9,2.8
32.7,60.8,167.8,30,40,100,0.0,0.0,0.0,0.0
0.0,0.0,69.2,30,40,100,30.0,40.0,30.8,5.0
21.9,40.0,108.0,30,40,100,8.1,0.0,0.0,1.4
57.2,134.5,69.0,30,40,100,0.0,0.0,31.0,1.6
0.0,0.0,122.9,30,40,100,30.0,40.0,0.0,5.0
69.7,33.0,185.9,30,40,100,0.0,7.0,0.0,0.9
57.9,114.6,84.6,30,40,100,0.0,0.0,15.4,0.8
12.9,80.9,136.5,30,40,100,17.1,0.0,0.0,2.9
41.4,15.8,190.9,30,40,100,0.0,24.2,0.0,3.0
26.0,44.7,182.9,30,40,100,4.0,0.0,0.0,0.7
61.0,36.4,42.4,30,40,100,0.0,3.6,57.6,2.9
53.9,6.3,157.1,30,40,100,0.0,33.7,0.0,4.2
0.0,33.5,93.6,30,40,100,30.0,6.5,6.4,5.0
42.7,25.2,163.6,30,40,100,0.0,14.8,0.0,1.8
20.1,41.0,119.4,30,40,100,9.9,0.0,0.0,1.6
28.3,6.3,95.7,30,40,100,1.7,33.7,4.3,4.2
5.2,0.0,108.5,30,40,100,24.8,40.0,0.0,5.0
75.7,34.8,94.1,30,40,100,0.0,5.2,5.9,0.7
55.6,105.5,97.2,30,40,100,0.0,0.0,2.8,0.1
4.9,39.8,60.7,30,40,100,25.1,0.2,39.3,4.2
0.0,23.1,53.2,30,40,100,30.0,16.9,46.8,5.0
15.0,66.8,215.7,30,40,100,15.0,0.0,0.0,2.5
38.3,30.1,112.0,30,40,100,0.0,9.9,0.0,1.2
32.8,111.6,27.3,30,40,100,0.0,0.0,72.7,3.6
61.6,36.3,51.1,30,40,100,0.0,3.7,48.9,2.4
48.4,64.6,158.7,30,40,100,0.0,0.0,0.0,0.0
53.6,6.1,14.1,30,40,100,0.0,33.9,85.9,4.3
35.3,56.7,0.0,30,40,100,0.0,0.0,100.0,5.0
0.0,47.5,0.0,30,40,100,30.0,0.0,100.0,5.0
20.4,34.2,0.0,30,40,100,9.6,5.8,100.0,5.0
56.1,16.3,0.0,30,40,100,0.0,23.7,100.0,5.0
24.5,10.8,0.0,30,40,100,5.5,29.2,100.0,5.0
40.3,47.8,185.2,30,40,100,0.0,0.0,0.0,0.0
16.9,61.8,69.8,30,40,100,13.1,0.0,30.2,2.2
0.0,31.3,44.2,30,40,100,30.0,8.7,55.8,5.0
22.4,48.0,0.0,30,40,100,7.6,0.0,100.0,5.0
34.8,34.9,62.0,30,40,100,0.0,5.1,38.0,1.9
7.3,40.4,0.0,30,40,100,22.7,0.0,100.0,5.0
19.2,28.4,43.7,30,40,100,10.8,11.6,56.3,2.8
0.0,37.2,240.0,30,40,100,30.0,2.8,0.0,5.0
57.8,145.0,127.0,30,40,100,0.0,0.0,0.0,0.0
17.6,49.0,56.6,30,40,100,12.4,0.0,43.4,2.2
67.3,62.4,129.8,30,40,100,0.0,0.0,0.0,0.0
69.5,54.1,31.4,30,40,100,0.0,0.0,68.6,3.4
23.6,25.9,8.9,30,40,100,6.4,14.1,91.1,4.6
0.0,88.5,210.9,30,40,100,30.0,0.0,0.0,5.0
0.0,24.7,0.0,30,40,100,30.0,15.3,100.0,5.0
0.0,78.9,44.9,30,40,100,30.0,0.0,55.1,5.0
0.0,23.0,98.2,30,40,100,30.0,17.0,1.8,5.0
65.2,0.0,0.0,30,40,100,0.0,40.0,100.0,5.0
29.3,51.2,126.0,30,40,100,0.7,0.0,0.0,0.1
37.0,0.0,48.8,30,40,100,0.0,40.0,51.2,5.0
0.0,58.0,127.0,30,40,100,30.0,0.0,0.0,5.0
0.0,0.0,120.8,30,40,100,30.0,40.0,0.0,5.0
51.2,23.6,53.9,30,40,100,0.0,16.4,46.1,2.3
34.1,0.0,211.5,30,40,100,0.0,40.0,0.0,5.0
21.8,150.1,19.8,30,40,100,8.2,0.0,80.2,4.0
42.0,0.0,182.3,30,40,100,0.0,40.0,0.0,5.0
72.5,36.8,168.2,30,40,100,0.0,3.2,0.0,0.4
19.7,82.5,216.3,30,40,100,10.3,0.0,0.0,1.7
27.9,78.2,87.5,30,40,100,2.1,0.0,12.5,0.6
31.4,70.7,9.9,30,40,100,0.0,0.0,90.1,4.5
94.1,23.7,241.0,30,40,100,0.0,16.3,0.0,2.0
0.0,90.8,46.5,30,40,100,30.0,0.0,53.5,5.0
45.4,73.2,7.9,30,40,100,0.0,0.0,92.1,4.6
22.7,45.0,58.2,30,40,100,7.3,0.0,41.8,2.1
42.1,46.1,0.0,30,40,100,0.0,0.0,100.0,5.0
7.2,24.2,115.9,30,40,100,22.8,15.8,0.0,3.8
24.6,0.0,24.7,30,40,100,5.4,40.0,75.3,5.0
46.2,86.2,50.3,30,40,100,0.0,0.0,49.7,2.5
114.6,89.3,151.5,30,40,100,0.0,0.0,0.0,0.0
49.0,0.9,123.8,30,40,100,0.0,39.1,0.0,4.9
1.8,30.3,74.8,30,40,100,28.2,9.7,25.2,4.7
13.9,30.7,87.3,30,40,100,16.1,9.3,12.7,2.7
13.0,35.1,74.5,30,40,100,17.0,4.9,25.5,2.8
0.0,39.0,38.7,30,40,100,30.0,1.0,61.3,5.0
16.6,74.6,73.3,30,40,100,13.4,0.0,26.7,2.2
46.8,6.4,113.1,30,40,100,0.0,33.6,0.0,4.2
0.0,2.4,63.3,30,40,100,30.0,37.6,36.7,5.0
55.8,86.2,107.3,30,40,100,0.0,0.0,0.0,0.0
39.8,17.8,6.0,30,40,100,0.0,22.2,94.0,4.7
5.0,0.0,24.8,30,40,100,25.0,40.0,75.2,5.0
21.9,16.9,14.3,30,40,100,8.1,23.1,85.7,4.3
71.5,23.2,27.9,30,40,100,0.0,16.8,72.1,3.6
46.8,99.0,177.3,30,40,100,0.0,0.0,0.0,0.0
26.2,73.7,132.0,30,40,100,3.8,0.0,0.0,0.6
19.2,82.6,0.0,30,40,100,10.8,0.0,100.0,5.0
28.1,69.4,108.8,30,40,100,1.9,0.0,0.0,0.3
11.4,74.5,42.0,30,40,100,18.6,0.0,58.0,3.1
0.0,8.8,18.5,30,40,100,30.0,31.2,81.5,5.0
84.1,28.5,0.0,30,40,100,0.0,11.5,100.0,5.0
30.4,0.0,151.9,30,40,100,0.0,40.0,0.0,5.0
37.3,28.0,0.0,30,40,100,0.0,12.0,100.0,5.0
24.3,64.0,69.3,30,40,100,5.7,0.0,30.7,1.5
5.0,41.9,0.0,30,40,100,25.0,0.0,100.0,5.0
20.7,89.2,136.1,30,40,100,9.3,0.0,0.0,1.6
0.0,0.0,46.5,30,40,100,30.0,40.0,53.5,5.0
90.8,56.6,62.7,30,40,100,0.0,0.0,37.3,1.9
0.0,0.0,65.4,30,40,100,30.0,40.0,34.6,5.0
0.0,40.2,97.9,30,40,100,30.0,0.0,2.1,5.0
13.4,66.2,74.5,30,40,100,16.6,0.0,25.5,2.8
62.6,27.8,70.0,30,40,100,0.0,12.2,30.0,1.5
26.4,58.6,31.7,30,40,100,3.6,0.0,68.3,3.4
0.0,0.0,0.0,30,40,100,30.0,40.0,100.0,5.0
61.7,0.0,0.0,30,40,100,0.0,40.0,100.0,5.0
46.8,58.9,131.4,30,40,100,0.0,0.0,0.0,0.0
41.3,106.6,48.8,30,40,100,0.0,0.0,51.2,2.6
46.3,0.0,19.9,30,40,100,0.0,40.0,80.1,5.0
94.1,85.6,0.0,30,40,100,0.0,0.0,100.0,5.0
88.2,38.2,0.0,30,40,100,0.0,1.8,100.0,5.0
6.4,0.0,16.8,30,40,100,23.6,40.0,83.2,5.0
72.2,0.0,145.1,30,40,100,0.0,40.0,0.0,5.0
36.9,37.1,28.6,30,40,100,0.0,2.9,71.4,3.6
40.2,20.2,105.8,30,40,100,0.0,19.8,0.0,2.5
0.0,0.0,24.9,30,40,100,30.0,40.0,75.1,5.0
21.1,0.0,125.0,30,40,100,8.9,40.0,0.0,5.0
2.8,2.4,45.1,30,40,100,27.2,37.6,54.9,4.7
49.5,44.2,0.0,30,40,100,0.0,0.0,100.0,5.0
56.5,36.2,51.8,30,40,100,0.0,3.8,48.2,2.4
0.0,16.3,221.4,30,40,100,30.0,23.7,0.0,5.0
25.3,44.6,217.8,30,40,100,4.7,0.0,0.0,0.8
57.9,78.3,112.7,30,40,100,0.0,0.0,0.0,0.0
20.6,52.3,62.4,30,40,100,9.4,0.0,37.6,1.9
46.7,31.6,98.0,30,40,100,0.0,8.4,2.0,1.0
36.0,73.8,99.0,30,40,100,0.0,0.0,1.0,0.0
35.7,0.0,70.3,30,40,100,0.0,40.0,29.7,5.0
18.2,27.4,109.1,30,40,100,11.8,12.6,0.0,2.0
0.0,28.4,90.3,30,40,100,30.0,11.6,9.7,5.0
0.0,0.0,48.0,30,40,100,30.0,40.0,52.0,5.0
46.2,19.5,0.0,30,40,100,0.0,20.5,100.0,5.0
26.5,0.0,36.4,30,40,100,3.5,40.0,63.6,5.0
22.0,113.4,138.0,30,40,100,8.0,0.0,0.0,1.3
13.9,0.0,71.0,30,40,100,16.1,40.0,29.0,5.0
17.3,100.3,97.7,30,40,100,12.7,0.0,2.3,2.1
55.8,38.0,50.7,30,40,100,0.0,2.0,49.3,2.5
16.4,59.2,0.0,30,40,100,13.6,0.0,100.0,5.0
0.0,16.8,54.3,30,40,100,30.0,23.2,45.7,5.0
47.1,44.8,0.0,30,40,100,0.0,0.0,100.0,5.0
20.1,62.6,0.0,30,40,100,9.9,0.0,100.0,5.0
26.8,63.2,170.7,30,40,100,3.2,0.0,0.0,0.5
71.7,67.6,39.6,30,40,100,0.0,0.0,60.4,3.0
25.4,21.6,13.7,30,40,100,4.6,18.4,86.3,4.3
34.2,17.1,204.0,30,40,100,0.0,22.9,0.0,2.9
0.0,0.0,139.2,30,40,100,30.0,40.0,0.0,5.0
19.7,57.5,43.5,30,40,100,10.3,0.0,56.5,2.8
43.3,80.0,108.0,30,40,100,0.0,0.0,0.0,0.0
0.0,101.5,54.5,30,40,100,30.0,0.0,45.5,5.0
31.7,48.7,17.6,30,40,100,0.0,0.0,82.4,4.1
28.8,5.6,111.8,30,40,100,1.2,34.4,0.0,4.3
27.1,0.0,47.3,30,40,100,2.9,40.0,52.7,5.0
55.5,78.4,79.6,30,40,100,0.0,0.0,20.4,1.0
35.5,0.0,155.9,30,40,100,0.0,40.0,0.0,5.0
68.0,22.7,147.0,30,40,100,0.0,17.3,0.0,2.2
0.0,27.4,29.1,30,40,100,30.0,12.6,70.9,5.0
29.8,33.7,112.7,30,40,100,0.2,6.3,0.0,0.8
28.4,37.9,0.0,30,40,100,1.6,2.1,100.0,5.0
0.0,42.0,109.8,30,40,100,30.0,0.0,0.0,5.0
53.2,0.0,85.5,30,40,100,0.0,40.0,14.5,5.0
92.2,37.0,104.1,30,40,100,0.0,3.0,0.0,0.4
25.5,0.0,49.5,30,40,100,4.5,40.0,50.5,5.0
40.3,65.9,241.6,30,40,100,0.0,0.0,0.0,0.0
28.4,14.1,0.8,30,40,100,1.6,25.9,99.2,5.0
5.6,0.0,151.8,30,40,100,24.4,40.0,0.0,5.0
0.0,3.7,0.0,30,40,100,30.0,36.3,100.0,5.0
5.9,13.5,114.2,30,40,100,24.1,26.5,0.0,4.0
0.0,84.4,119.9,30,40,100,30.0,0.0,0.0,5.0
74.5,44.4,77.9,30,40,100,0.0,0.0,22.1,1.1
22.7,50.3,33.6,30,40,100,7.3,0.0,66.4,3.3
16.1,84.0,84.9,30,40,100,13.9,0.0,15.1,2.3
51.3,32.6,95.0,30,40,100,0.0,7.4,5.0,0.9
0.0,66.8,217.8,30,40,100,30.0,0.0,0.0,5.0
4.1,64.0,3.1,30,40,100,25.9,0.0,96.9,4.8
27.9,0.0,28.7,30,40,100,2.1,40.0,71.3,5.0
55.2,95.7,96.5,30,40,100,0.0,0.0,3.5,0.2
40.2,0.0,52.8,30,40,100,0.0,40.0,47.2,5.0
33.0,73.4,65.4,30,40,100,0.0,0.0,34.6,1.7
28.2,0.0,159.8,30,40,100,1.8,40.0,0.0,5.0
37.3,60.6,0.0,30,40,100,0.0,0.0,100.0,5.0
31.7,111.4,25.3,30,40,100,0.0,0.0,74.7,3.7
0.0,27.9,0.0,30,40,100,30.0,12.1,100.0,5.0
27.3,26.1,0.0,30,40,100,2.7,13.9,100.0,5.0
0.0,61.0,267.4,30,40,100,30.0,0.0,0.0,5.0
28.3,23.2,121.7,30,40,100,1.7,16.8,0.0,2.1
12.3,109.6,150.2,30,40,100,17.7,0.0,0.0,2.9
98.3,44.2,67.0,30,40,100,0.0,0.0,33.0,1.6
24.8,23.6,134.7,30,40,100,5.2,16.4,0.0,2.0
0.0,14.7,0.0,30,40,100,30.0,25.3,100.0,5.0
22.1,0.0,157.2,30,40,100,7.9,40.0,0.0,5.0
40.7,11.2,7.4,30,40,100,0.0,28.8,92.6,4.6
73.6,22.3,30.6,30,40,100,0.0,17.7,69.4,3.5
9.2,16.8,114.2,30,40,100,20.8,23.2,0.0,3.5
0.0,10.0,99.0,30,40,100,30.0,30.0,1.0,5.0
49.2,120.9,80.3,30,40,100,0.0,0.0,19.7,1.0
0.0,0.0,0.0,30,40,100,30.0,40.0,100.0,5.0
13.5,42.3,81.5,30,40,100,16.5,0.0,18.5,2.8
18.6,60.3,151.0,30,40,100,11.4,0.0,0.0,1.9
24.0,61.8,30.6,30,40,100,6.0,0.0,69.4,3.5
45.6,34.1,179.5,30,40,100,0.0,5.9,0.0,0.7
6.5,26.8,3.1,30,40,100,23.5,13.2,96.9,4.8
18.2,54.6,74.0,30,40,100,11.8,0.0,26.0,2.0
25.5,47.2,197.3,30,40,100,4.5,0.0,0.0,0.8
30.2,26.0,18.5,30,40,100,0.0,14.0,81.5,4.1
28.7,0.0,158.5,30,40,100,1.3,40.0,0.0,5.0
38.4,17.6,232.7,30,40,100,0.0,22.4,0.0,2.8
50.0,0.0,87.3,30,40,100,0.0,40.0,12.7,5.0
37.1,9.6,31.0,30,40,100,0.0,30.4,69.0,3.8
38.9,37.8,11.2,30,40,100,0.0,2.2,88.8,4.4
0.0,50.9,178.7,30,40,100,30.0,0.0,0.0,5.0
27.4,108.1,176.5,30,40,100,2.6,0.0,0.0,0.4
39.6,14.8,190.4,30,40,100,0.0,25.2,0.0,3.2
46.7,67.6,70.8,30,40,100,0.0,0.0,29.2,1.5
6.2,48.8,157.2,30,40,100,23.8,0.0,0.0,4.0
7.2,88.6,69.6,30,40,100,22.8,0.0,30.4,3.8
9.6,59.6,2.3,30,40,100,20.4,0.0,97.7,4.9
41.2,0.0,164.2,30,40,100,0.0,40.0,0.0,5.0
55.4,0.0,205.3,30,40,100,0.0,40.0,0.0,5.0
14.3,49.0,0.0,30,40,100,15.7,0.0,100.0,5.0
51.8,15.2,0.0,30,40,100,0.0,24.8,100.0,5.0
29.5,0.0,76.7,30,40,100,0.5,40.0,23.3,5.0
22.4,0.0,150.6,30,40,100,7.6,40.0,0.0,5.0
19.9,42.9,0.0,30,40,100,10.1,0.0,100.0,5.0
47.2,97.1,91.8,30,40,100,0.0,0.0,8.2,0.4
35.2,20.0,25.9,30,40,100,0.0,20.0,74.1,3.7
90.8,60.2,130.0,30,40,100,0.0,0.0,0.0,0.0
1.7,32.3,9.1,30,40,100,28.3,7.7,90.9,4.7
40.7,0.0,135.7,30,40,100,0.0,40.0,0.0,5.0
10.9,66.0,60.7,30,40,100,19.1,0.0,39.3,3.2
1.2,0.0,0.0,30,40,100,28.8,40.0,100.0,5.0
25.6,37.3,78.6,30,40,100,4.4,2.7,21.4,1.1
29.9,22.7,0.0,30,40,100,0.1,17.3,100.0,5.0
109.1,72.4,28.4,30,40,100,0.0,0.0,71.6,3.6
20.7,0.0,100.7,30,40,100,9.3,40.0,0.0,5.0
0.0,52.2,0.0,30,40,100,30.0,0.0,100.0,5.0
33.7,2.6,0.0,30,40,100,0.0,37.4,100.0,5.0
0.0,15.9,0.0,30,40,100,30.0,24.1,100.0,5.0
23.3,0.0,180.5,30,40,100,6.7,40.0,0.0,5.0
26.4,120.6,67.3,30,40,100,3.6,0.0,32.7,1.6
48.6,58.6,30.6,30,40,100,0.0,0.0,69.4,3.5
53.7,5.6,149.7,30,40,100,0.0,34.4,0.0,4.3
11.6,0.0,40.9,30,40,100,18.4,40.0,59.1,5.0
21.7,16.5,95.1,30,40,100,8.3,23.5,4.9,2.9
4.1,65.3,75.6,30,40,100,25.9,0.0,24.4,4.3
0.0,0.0,35.5,30,40,100,30.0,40.0,64.5,5.0
34.8,30.7,97.2,30,40,100,0.0,9.3,2.8,1.2
0.0,107.7,135.9,30,40,100,30.0,0.0,0.0,5.0
14.1,0.0,58.6,30,40,100,15.9,40.0,41.4,5.0
0.0,39.7,36.4,30,40,100,30.0,0.3,63.6,5.0
41.6,125.1,45.9,30,40,100,0.0,0.0,54.1,2.7
77.3,61.9,0.0,30,40,100,0.0,0.0,100.0,5.0
0.0,41.5,96.3,30,40,100,30.0,0.0,3.7,5.0
0.0,56.8,0.0,30,40,100,30.0,0.0,100.0,5.0
22.4,20.3,124.3,30,40,100,7.6,19.7,0.0,2.5
26.4,88.8,66.2,30,40,100,3.6,0.0,33.8,1.7
32.2,20.4,82.0,30,40,100,0.0,19.6,18.0,2.4
13.2,0.0,130.0,30,40,100,16.8,40.0,0.0,5.0
20.2,20.7,0.0,30,40,100,9.8,19.3,100.0,5.0
36.4,0.0,103.3,30,40,100,0.0,40.0,0.0,5.0
55.6,25.1,95.1,30,40,100,0.0,14.9,4.9,1.9
0.0,26.0,58.6,30,40,100,30.0,14.0,41.4,5.0
15.4,84.6,0.0,30,40,100,14.6,0.0,100.0,5.0
32.0,64.4,121.5,30,40,100,0.0,0.0,0.0,0.0
0.0,47.0,130.2,30,40,100,30.0,0.0,0.0,5.0
75.3,36.3,82.7,30,40,100,0.0,3.7,17.3,0.9
7.9,0.0,0.0,30,40,100,22.1,40.0,100.0,5.0
24.8,0.0,31.0,30,40,100,5.2,40.0,69.0,5.0
41.8,41.0,68.6,30,40,100,0.0,0.0,31.4,1.6
9.1,68.4,129.0,30,40,100,20.9,0.0,0.0,3.5
0.0,32.1,0.0,30,40,100,30.0,7.9,100.0,5.0
13.7,14.9,28.0,30,40,100,16.3,25.1,72.0,3.6
55.3,55.1,41.0,30,40,100,0.0,0.0,59.0,2.9
16.4,33.1,66.8,30,40,100,13.6,6.9,33.2,2.3
1.8,104.3,0.0,30,40,100,28.2,0.0,100.0,5.0
52.3,86.1,56.0,30,40,100,0.0,0.0,44.0,2.2
16.5,75.1,48.5,30,40,100,13.5,0.0,51.5,2.6
11.4,66.9,0.0,30,40,100,18.6,0.0,100.0,5.0
30.2,0.0,64.0,30,40,100,0.0,40.0,36.0,5.0
47.9,63.1,29.9,30,40,100,0.0,0.0,70.1,3.5
93.8,51.6,113.5,30,40,100,0.0,0.0,0.0,0.0
49.5,60.9,2.1,30,40,100,0.0,0.0,97.9,4.9
59.0,56.3,80.7,30,40,100,0.0,0.0,19.3,1.0
11.5,54.7,8.3,30,40,100,18.5,0.0,91.7,4.6
0.0,145.1,25.1,30,40,100,30.0,0.0,74.9,5.0
27.7,33.4,97.5,30,40,100,2.3,6.6,2.5,0.8
29.0,74.1,92.4,30,40,100,1.0,0.0,7.6,0.4
0.0,17.5,39.9,30,40,100,30.0,22.5,60.1,5.0
21.0,68.3,51.8,30,40,100,9.0,0.0,48.2,2.4
37.3,74.3,0.0,30,40,100,0.0,0.0,100.0,5.0
36.2,51.1,186.6,30,40,100,0.0,0.0,0.0,0.0
40.3,103.6,128.9,30,40,100,0.0,0.0,0.0,0.0
34.2,0.9,126.0,30,40,100,0.0,39.1,0.0,4.9
11.5,16.8,0.0,30,40,100,18.5,23.2,100.0,5.0
11.3,45.0,25.5,30,40,100,18.7,0.0,74.5,3.7
0.0,71.9,46.5,30,40,100,30.0,0.0,53.5,5.0
76.8,43.7,0.0,30,40,100,0.0,0.0,100.0,5.0
26.3,88.2,145.3,30,40,100,3.7,0.0,0.0,0.6
19.5,9.8,190.7,30,40,100,10.5,30.2,0.0,3.8
0.0,0.0,239.8,30,40,100,30.0,40.0,0.0,5.0
109.6,48.8,0.0,30,40,100,0.0,0.0,100.0,5.0
0.0,33.3,83.0,30,40,100,30.0,6.7,17.0,5.0
13.7,58.3,180.2,30,40,100,16.3,0.0,0.0,2.7
37.8,35.3,53.0,30,40,100,0.0,4.7,47.0,2.3
43.0,22.8,27.8,30,40,100,0.0,17.2,72.2,3.6
53.2,33.4,0.0,30,40,100,0.0,6.6,100.0,5.0
77.4,37.6,164.8,30,40,100,0.0,2.4,0.0,0.3
40.4,24.2,71.9,30,40,100,0.0,15.8,28.1,2.0
0.0,28.3,14.7,30,40,100,30.0,11.7,85.3,5.0
18.6,20.2,96.4,30,40,100,11.4,19.8,3.6,2.5
34.7,70.9,85.8,30,40,100,0.0,0.0,14.2,0.7
84.9,44.3,87.1,30,40,100,0.0,0.0,12.9,0.6
0.0,127.3,56.0,30,40,100,30.0,0.0,44.0,5.0
60.2,42.9,204.3,30,40,100,0.0,0.0,0.0,0.0
31.1,14.3,62.7,30,40,100,0.0,25.7,37.3,3.2
49.8,143.9,204.1,30,40,100,0.0,0.0,0.0,0.0
23.0,53.1,119.0,30,40,100,7.0,0.0,0.0,1.2
2.0,76.3,101.8,30,40,100,28.0,0.0,0.0,4.7
47.3,60.3,64.4,30,40,100,0.0,0.0,35.6,1.8
44.6,61.5,152.0,30,40,100,0.0,0.0,0.0,0.0
53.6,58.0,82.6,30,40,100,0.0,0.0,17.4,0.9
25.6,0.0,0.0,30,40,100,4.4,40.0,100.0,5.0
8.9,51.2,0.0,30,40,100,21.1,0.0,100.0,5.0
0.0,0.0,107.6,30,40,100,30.0,40.0,0.0,5.0
49.3,29.4,0.3,30,40,100,0.0,10.6,99.7,5.0
38.0,7.2,68.5,30,40,100,0.0,32.8,31.5,4.1
0.0,50.8,158.8,30,40,100,30.0,0.0,0.0,5.0
10.6,49.9,98.0,30,40,100,19.4,0.0,2.0,3.2
12.7,55.8,15.3,30,40,100,17.3,0.0,84.7,4.2
0.0,48.0,187.2,30,40,100,30.0,0.0,0.0,5.0
2.7,12.0,117.7,30,40,100,27.3,28.0,0.0,4.6
0.0,25.9,155.6,30,40,100,30.0,14.1,0.0,5.0
14.2,73.5,0.0,30,40,100,15.8,0.0,100.0,5.0
4.9,79.4,100.2,30,40,100,25.1,0.0,0.0,4.2
0.0,0.0,141.4,30,40,100,30.0,40.0,0.0,5.0
83.6,0.0,210.6,30,40,100,0.0,40.0,0.0,5.0
61.6,7.2,0.0,30,40,100,0.0,32.8,100.0,5.0
3.8,78.5,170.8,30,40,100,26.2,0.0,0.0,4.4
33.7,85.3,206.1,30,40,100,0.0,0.0,0.0,0.0
37.8,0.0,0.0,30,40,100,0.0,40.0,100.0,5.0
59.9,48.8,112.1,30,40,100,0.0,0.0,0.0,0.0
2.6,110.3,123.3,30,40,100,27.4,0.0,0.0,4.6
57.1,53.2,47.1,30,40,100,0.0,0.0,52.9,2.6
10.3,93.7,34.0,30,40,100,19.7,0.0,66.0,3.3
0.0,76.6,127.4,30,40,100,30.0,0.0,0.0,5.0
46.6,0.0,23.9,30,40,100,0.0,40.0,76.1,5.0
62.7,28.8,56.0,30,40,100,0.0,11.2,44.0,2.2
99.7,37.8,139.0,30,40,100,0.0,2.2,0.0,0.3
0.0,40.6,215.0,30,40,100,30.0,0.0,0.0,5.0
45.9,73.3,116.9,30,40,100,0.0,0.0,0.0,0.0
14.3,52.9,84.3,30,40,100,15.7,0.0,15.7,2.6
48.3,0.0,31.9,30,40,100,0.0,40.0,68.1,5.0
0.0,0.0,0.0,30,40,100,30.0,40.0,100.0,5.0
0.0,0.0,163.0,30,40,100,30.0,40.0,0.0,5.0
3.9,43.5,61.1,30,40,100,26.1,0.0,38.9,4.4
28.2,46.1,166.3,30,40,100,1.8,0.0,0.0,0.3
7.7,47.8,46.9,30,40,100,22.3,0.0,53.1,3.7
44.7,0.0,21.1,30,40,100,0.0,40.0,78.9,5.0
55.2,63.6,107.4,30,40,100,0.0,0.0,0.0,0.0
43.0,65.3,67.3,30,40,100,0.0,0.0,32.7,1.6
72.1,0.0,0.0,30,40,100,0.0,40.0,100.0,5.0
37.8,0.0,220.1,30,40,100,0.0,40.0,0.0,5.0
0.0,36.4,22.9,30,40,100,30.0,3.6,77.1,5.0
64.8,108.6,148.3,30,40,100,0.0,0.0,0.0,0.0
8.7,104.9,141.4,30,40,100,21.3,0.0,0.0,3.6
51.9,59.1,0.0,30,40,100,0.0,0.0,100.0,5.0
70.8,7.1,0.0,30,40,100,0.0,32.9,100.0,5.0
39.0,72.1,49.2,30,40,100,0.0,0.0,50.8,2.5
0.0,18.2,3.7,30,40,100,30.0,21.8,96.3,5.0
0.0,5.6,212.7,30,40,100,30.0,34.4,0.0,5.0
63.6,0.0,57.4,30,40,100,0.0,40.0,42.6,5.0
21.1,40.6,145.2,30,40,100,8.9,0.0,0.0,1.5
28.2,11.1,114.9,30,40,100,1.8,28.9,0.0,3.6
47.6,40.3,94.8,30,40,100,0.0,0.0,5.2,0.3
45.8,0.0,76.7,30,40,100,0.0,40.0,23.3,5.0
33.9,43.3,173.3,30,40,100,0.0,0.0,0.0,0.0
20.0,0.0,7.0,30,40,100,10.0,40.0,93.0,5.0
17.0,80.2,212.7,30,40,100,13.0,0.0,0.0,2.2
50.4,57.5,0.0,30,40,100,0.0,0.0,100.0,5.0
41.7,25.2,136.5,30,40,100,0.0,14.8,0.0,1.8
18.6,59.1,0.0,30,40,100,11.4,0.0,100.0,5.0
56.8,0.0,48.0,30,40,100,0.0,40.0,52.0,5.0
22.3,39.4,81.0,30,40,100,7.7,0.6,19.0,1.3
1.7,68.4,34.2,30,40,100,28.3,0.0,65.8,4.7
4.3,0.0,58.8,30,40,100,25.7,40.0,41.2,5.0
0.0,18.4,0.0,30,40,100,30.0,21.6,100.0,5.0
18.2,35.5,0.0,30,40,100,11.8,4.5,100.0,5.0
61.1,28.5,113.7,30,40,100,0.0,11.5,0.0,1.4
3.0,95.1,75.9,30,40,100,27.0,0.0,24.1,4.5
31.3,0.0,17.8,30,40,100,0.0,40.0,82.2,5.0
7.3,11.4,180.3,30,40,100,22.7,28.6,0.0,3.8
18.5,0.0,0.0,30,40,100,11.5,40.0,100.0,5.0
0.0,97.2,44.3,30,40,100,30.0,0.0,55.7,5.0
19.7,26.5,32.7,30,40,100,10.3,13.5,67.3,3.4
20.4,18.8,123.1,30,40,100,9.6,21.2,0.0,2.7
41.3,34.3,77.4,30,40,100,0.0,5.7,22.6,1.1
32.3,62.1,64.8,30,40,100,0.0,0.0,35.2,1.8
0.0,50.4,0.0,30,40,100,30.0,0.0,100.0,5.0
56.8,143.0,143.3,30,40,100,0.0,0.0,0.0,0.0
31.9,54.7,55.9,30,40,100,0.0,0.0,44.1,2.2
31.6,17.7,82.8,30,40,100,0.0,22.3,17.2,2.8
25.7,13.9,13.1,30,40,100,4.3,26.1,86.9,4.3
11.2,20.6,0.4,30,40,100,18.8,19.4,99.6,5.0
32.2,0.0,194.4,30,40,100,0.0,40.0,0.0,5.0
39.5,38.1,0.0,30,40,100,0.0,1.9,100.0,5.0
0.0,68.0,0.0,30,40,100,30.0,0.0,100.0,5.0
10.6,11.8,192.9,30,40,100,19.4,28.2,0.0,3.5
18.7,4.0,125.2,30,40,100,11.3,36.0,0.0,4.5
33.2,97.5,47.2,30,40,100,0.0,0.0,52.8,2.6
59.9,0.0,174.0,30,40,100,0.0,40.0,0.0,5.0
4.0,0.0,109.5,30,40,100,26.0,40.0,0.0,5.0
11.8,0.0,92.3,30,40,100,18.2,40.0,7.7,5.0
11.4,0.0,91.7,30,40,100,18.6,40.0,8.3,5.0
3.1,52.0,111.0,30,40,100,26.9,0.0,0.0,4.5
16.1,21.9,114.3,30,40,100,13.9,18.1,0.0,2.3
47.9,27.6,250.6,30,40,100,0.0,12.4,0.0,1.5
0.0,82.8,57.8,30,40,100,30.0,0.0,42.2,5.0
38.1,8.6,60.3,30,40,100,0.0,31.4,39.7,3.9
0.0,67.6,0.0,30,40,100,30.0,0.0,100.0,5.0
10.0,97.3,69.3,30,40,100,20.0,0.0,30.7,3.3
16.6,18.1,223.7,30,40,100,13.4,21.9,0.0,2.7
73.6,66.1,152.9,30,40,100,0.0,0.0,0.0,0.0
18.1,26.7,29.7,30,40,100,11.9,13.3,70.3,3.5
0.0,73.6,75.9,30,40,100,30.0,0.0,24.1,5.0
0.0,0.0,0.0,30,40,100,30.0,40.0,100.0,5.0
26.9,0.0,0.0,30,40,100,3.1,40.0,100.0,5.0
43.4,20.7,85.5,30,40,100,0.0,19.3,14.5,2.4
36.6,0.7,33.6,30,40,100,0.0,39.3,66.4,4.9
30.7,15.7,0.0,30,40,100,0.0,24.3,100.0,5.0
59.1,27.6,113.0,30,40,100,0.0,12.4,0.0,1.5
10.6,65.4,66.9,30,40,100,19.4,0.0,33.1,3.2
51.4,20.0,0.0,30,40,100,0.0,20.0,100.0,5.0
0.0,3.3,0.0,30,40,100,30.0,36.7,100.0,5.0
0.2,22.3,27.5,30,40,100,29.8,17.7,72.5,5.0
0.0,5.5,0.0,30,40,100,30.0,34.5,100.0,5.0
18.1,0.0,0.0,30,40,100,11.9,40.0,100.0,5.0
24.6,0.0,164.5,30,40,100,5.4,40.0,0.0,5.0
29.2,39.2,65.6,30,40,100,0.8,0.8,34.4,1.7
27.7,13.6,52.1,30,40,100,2.3,26.4,47.9,3.3
0.0,75.3,58.3,30,40,100,30.0,0.0,41.7,5.0
20.5,0.0,0.0,30,40,100,9.5,40.0,100.0,5.0
0.0,14.6,106.6,30,40,100,30.0,25.4,0.0,5.0
64.8,109.4,63.0,30,40,100,0.0,0.0,37.0,1.8
17.3,0.0,12.4,30,40,100,12.7,40.0,87.6,5.0
12.0,26.9,24.5,30,40,100,18.0,13.1,75.5,3.8
71.2,0.0,0.0,30,40,100,0.0,40.0,100.0,5.0
0.0,0.0,40.7,30,40,100,30.0,40.0,59.3,5.0
0.0,98.7,54.2,30,40,100,30.0,0.0,45.8,5.0
0.0,43.3,38.6,30,40,100,30.0,0.0,61.4,5.0
24.0,41.8,77.9,30,40,100,6.0,0.0,22.1,1.1
38.2,0.0,67.2,30,40,100,0.0,40.0,32.8,5.0
47.0,50.9,92.1,30,40,100,0.0,0.0,7.9,0.4
99.2,83.0,149.6,30,40,100,0.0,0.0,0.0,0.0
0.0,82.7,121.3,30,40,100,30.0,0.0,0.0,5.0
43.3,63.3,150.5,30,40,100,0.0,0.0,0.0,0.0
10.1,0.0,5.1,30,40,100,19.9,40.0,94.9,5.0
9.3,49.0,32.5,30,40,100,20.7,0.0,67.5,3.4
8.3,63.3,126.2,30,40,100,21.7,0.0,0.0,3.6
0.1,0.0,127.6,30,40,100,29.9,40.0,0.0,5.0
73.9,0.0,18.8,30,40,100,0.0,40.0,81.2,5.0
49.9,72.2,122.8,30,40,100,0.0,0.0,0.0,0.0
26.6,71.7,0.0,30,40,100,3.4,0.0,100.0,5.0
64.4,0.0,112.3,30,40,100,0.0,40.0,0.0,5.0
0.0,68.4,71.4,30,40,100,30.0,0.0,28.6,5.0
0.0,40.3,0.0,30,40,100,30.0,0.0,100.0,5.0
0.0,67.9,38.5,30,40,100,30.0,0.0,61.5,5.0
6.0,10.9,249.5,30,40,100,24.0,29.1,0.0,4.0
30.6,62.4,89.8,30,40,100,0.0,0.0,10.2,0.5
28.9,70.4,259.0,30,40,100,1.1,0.0,0.0,0.2
30.2,22.3,0.0,30,40,100,0.0,17.7,100.0,5.0
0.0,37.2,134.0,30,40,100,30.0,2.8,0.0,5.0
48.8,10.3,0.0,30,40,100,0.0,29.7,100.0,5.0
32.8,102.9,73.5,30,40,100,0.0,0.0,26.5,1.3
46.8,31.6,124.4,30,40,100,0.0,8.4,0.0,1.0
0.0,0.0,141.1,30,40,100,30.0,40.0,0.0,5.0
34.8,7.6,9.0,30,40,100,0.0,32.4,91.0,4.6
0.0,41.5,157.3,30,40,100,30.0,0.0,0.0,5.0
14.6,66.8,30.5,30,40,100,15.4,0.0,69.5,3.5
41.2,0.0,60.3,30,40,100,0.0,40.0,39.7,5.0
28.5,110.8,38.6,30,40,100,1.5,0.0,61.4,3.1
1.7,48.9,0.0,30,40,100,28.3,0.0,100.0,5.0
26.1,55.2,200.1,30,40,100,3.9,0.0,0.0,0.6
0.0,32.5,77.4,30,40,100,30.0,7.5,22.6,5.0
58.7,37.2,161.2,30,40,100,0.0,2.8,0.0,0.3
20.1,30.5,157.7,30,40,100,9.9,9.5,0.0,1.6
57.8,77.4,0.0,30,40,100,0.0,0.0,100.0,5.0
11.0,36.1,171.6,30,40,100,19.0,3.9,0.0,3.2
11.0,67.3,114.1,30,40,100,19.0,0.0,0.0,3.2
4.2,19.0,0.0,30,40,100,25.8,21.0,100.0,5.0
50.9,44.3,109.7,30,40,100,0.0,0.0,0.0,0.0
5.7,4.1,0.0,30,40,100,24.3,35.9,100.0,5.0
44.3,85.4,203.0,30,40,100,0.0,0.0,0.0,0.0
15.1,2.9,139.1,30,40,100,14.9,37.1,0.0,4.6
0.0,23.4,67.8,30,40,100,30.0,16.6,32.2,5.0
9.7,23.8,175.5,30,40,100,20.3,16.2,0.0,3.4
0.0,22.2,0.0,30,40,100,30.0,17.8,100.0,5.0
26.9,65.5,13.1,30,40,100,3.1,0.0,86.9,4.3
0.0,23.7,53.1,30,40,100,30.0,16.3,46.9,5.0
52.3,92.5,253.8,30,40,100,0.0,0.0,0.0,0.0
23.4,3.5,0.0,30,40,100,6.6,36.5,100.0,5.0
20.9,43.3,0.0,30,40,100,9.1,0.0,100.0,5.0
44.6,5.2,0.0,30,40,100,0.0,34.8,100.0,5.0
53.4,53.4,146.6,30,40,100,0.0,0.0,0.0,0.0
25.4,35.8,25.6,30,40,100,4.6,4.2,74.4,3.7
4.0,30.2,60.7,30,40,100,26.0,9.8,39.3,4.3
0.0,84.3,135.0,30,40,100,30.0,0.0,0.0,5.0
6.4,10.1,60.7,30,40,100,23.6,29.9,39.3,3.9
8.4,60.1,90.0,30,40,100,21.6,0.0,10.0,3.6
29.0,5.5,116.7,30,40,100,1.0,34.5,0.0,4.3
16.1,41.0,38.8,30,40,100,13.9,0.0,61.2,3.1
45.5,0.0,60.1,30,40,100,0.0,40.0,39.9,5.0
8.5,9.8,93.0,30,40,100,21.5,30.2,7.0,3.8
24.3,33.1,143.5,30,40,100,5.7,6.9,0.0,0.9
59.7,109.5,9.6,30,40,100,0.0,0.0,90.4,4.5
35.7,40.5,0.0,30,40,100,0.0,0.0,100.0,5.0
24.2,103.0,128.3,30,40,100,5.8,0.0,0.0,1.0
8.8,45.3,148.3,30,40,100,21.2,0.0,0.0,3.5
7.9,20.9,89.6,30,40,100,22.1,19.1,10.4,3.7
1.7,98.4,95.1,30,40,100,28.3,0.0,4.9,4.7
10.5,54.0,28.0,30,40,100,19.5,0.0,72.0,3.6
47.5,10.6,113.8,30,40,100,0.0,29.4,0.0,3.7
19.6,55.4,142.3,30,40,100,10.4,0.0,0.0,1.7
0.0,24.7,78.1,30,40,100,30.0,15.3,21.9,5.0
76.3,0.0,274.4,30,40,100,0.0,40.0,0.0,5.0
35.1,74.1,0.0,30,40,100,0.0,0.0,100.0,5.0
0.0,80.5,86.6,30,40,100,30.0,0.0,13.4,5.0
13.4,110.4,0.0,30,40,100,16.6,0.0,100.0,5.0
29.1,53.4,144.5,30,40,100,0.9,0.0,0.0,0.1
74.5,26.4,0.0,30,40,100,0.0,13.6,100.0,5.0
0.0,70.1,0.0,30,40,100,30.0,0.0,100.0,5.0
53.7,70.6,22.4,30,40,100,0.0,0.0,77.6,3.9
65.8,102.4,94.9,30,40,100,0.0,0.0,5.1,0.3
8.0,34.7,25.5,30,40,100,22.0,5.3,74.5,3.7
18.0,29.8,26.3,30,40,100,12.0,10.2,73.7,3.7
0.0,7.7,58.9,30,40,100,30.0,32.3,41.1,5.0
20.2,58.1,54.0,30,40,100,9.8,0.0,46.0,2.3
24.9,0.0,193.5,30,40,100,5.1,40.0,0.0,5.0
44.7,67.7,128.8,30,40,100,0.0,0.0,0.0,0.0
57.0,60.1,47.3,30,40,100,0.0,0.0,52.7,2.6
4.6,60.0,242.6,30,40,100,25.4,0.0,0.0,4.2
0.0,42.0,113.1,30,40,100,30.0,0.0,0.0,5.0
25.3,98.1,0.0,30,40,100,4.7,0.0,100.0,5.0
34.3,71.5,94.2,30,40,100,0.0,0.0,5.8,0.3
33.1,12.0,116.7,30,40,100,0.0,28.0,0.0,3.5
16.6,12.7,18.0,30,40,100,13.4,27.3,82.0,4.1
29.5,1.0,0.0,30,40,100,0.5,39.0,100.0,5.0
69.1,58.6,80.5,30,40,100,0.0,0.0,19.5,1.0
36.8,0.0,44.4,30,40,100,0.0,40.0,55.6,5.0
15.3,80.0,192.8,30,40,100,14.7,0.0,0.0,2.4
11.7,89.7,133.3,30,40,100,18.3,0.0,0.0,3.0
21.1,1.1,21.8,30,40,100,8.9,38.9,78.2,4.9
72.6,29.0,107.8,30,40,100,0.0,11.0,0.0,1.4
20.7,37.1,175.7,30,40,100,9.3,2.9,0.0,1.6
25.4,72.0,0.0,30,40,100,4.6,0.0,100.0,5.0
12.2,101.2,0.0,30,40,100,17.8,0.0,100.0,5.0
57.2,0.0,72.6,30,40,100,0.0,40.0,27.4,5.0
81.8,23.6,76.4,30,40,100,0.0,16.4,23.6,2.0
38.8,25.7,69.3,30,40,100,0.0,14.3,30.7,1.8
28.3,0.0,48.4,30,40,100,1.7,40.0,51.6,5.0
27.0,16.9,47.2,30,40,100,3.0,23.1,52.8,2.9
0.0,53.7,104.5,30,40,100,30.0,0.0,0.0,5.0
47.2,25.2,164.9,30,40,100,0.0,14.8,0.0,1.8
29.8,0.0,34.7,30,40,100,0.2,40.0,65.3,5.0
38.2,152.1,270.1,30,40,100,0.0,0.0,0.0,0.0
5.7,47.2,231.6,30,40,100,24.3,0.0,0.0,4.1
15.0,40.9,180.7,30,40,100,15.0,0.0,0.0,2.5
14.2,0.0,123.7,30,40,100,15.8,40.0,0.0,5.0
55.0,46.9,235.4,30,40,100,0.0,0.0,0.0,0.0
15.2,29.8,50.1,30,40,100,14.8,10.2,49.9,2.5
85.3,0.0,6.4,30,40,100,0.0,40.0,93.6,5.0
38.2,0.0,31.1,30,40,100,0.0,40.0,68.9,5.0
0.0,68.4,0.0,30,40,100,30.0,0.0,100.0,5.0
22.3,114.7,83.3,30,40,100,7.7,0.0,16.7,1.3
7.4,51.2,97.7,30,40,100,22.6,0.0,2.3,3.8
0.0,80.8,89.7,30,40,100,30.0,0.0,10.3,5.0
71.5,30.2,72.5,30,40,100,0.0,9.8,27.5,1.4
46.0,33.0,84.2,30,40,100,0.0,7.0,15.8,0.9
41.1,80.4,213.5,30,40,100,0.0,0.0,0.0,0.0
30.7,103.4,123.5,30,40,100,0.0,0.0,0.0,0.0
0.0,88.8,147.9,30,40,100,30.0,0.0,0.0,5.0
12.2,0.0,88.9,30,40,100,17.8,40.0,11.1,5.0
49.9,33.8,0.0,30,40,100,0.0,6.2,100.0,5.0
0.0,47.6,0.0,30,40,100,30.0,0.0,100.0,5.0
0.0,26.0,241.5,30,40,100,30.0,14.0,0.0,5.0
19.5,52.1,30.6,30,40,100,10.5,0.0,69.4,3.5
21.9,69.5,23.8,30,40,100,8.1,0.0,76.2,3.8
29.8,76.8,93.3,30,40,100,0.2,0.0,6.7,0.3
46.7,104.3,117.9,30,40,100,0.0,0.0,0.0,0.0
44.1,23.2,128.1,30,40,100,0.0,16.8,0.0,2.1
33.3,0.0,216.6,30,40,100,0.0,40.0,0.0,5.0
60.0,50.9,194.5,30,40,100,0.0,0.0,0.0,0.0
0.0,112.3,8.1,30,40,100,30.0,0.0,91.9,5.0
40.3,17.3,151.6,30,40,100,0.0,22.7,0.0,2.8
43.8,64.1,42.5,30,40,100,0.0,0.0,57.5,2.9
0.0,64.4,62.4,30,40,100,30.0,0.0,37.6,5.0
0.0,44.2,0.0,30,40,100,30.0,0.0,100.0,5.0
4.7,36.7,0.0,30,40,100,25.3,3.3,100.0,5.0
7.1,0.0,71.0,30,40,100,22.9,40.0,29.0,5.0
47.4,0.0,0.0,30,40,100,0.0,40.0,100.0,5.0
8.5,0.0,148.3,30,40,100,21.5,40.0,0.0,5.0
1.6,20.7,50.8,30,40,100,28.4,19.3,49.2,4.7
8.5,80.6,98.4,30,40,100,21.5,0.0,1.6,3.6
57.8,32.3,183.8,30,40,100,0.0,7.7,0.0,1.0
26.3,15.6,0.0,30,40,100,3.7,24.4,100.0,5.0
20.8,0.6,15.1,30,40,100,9.2,39.4,84.9,4.9
22.8,62.9,88.1,30,40,100,7.2,0.0,11.9,1.2
62.7,91.1,98.7,30,40,100,0.0,0.0,1.3,0.1
4.6,79.2,162.5,30,40,100,25.4,0.0,0.0,4.2
63.4,60.8,143.4,30,40,100,0.0,0.0,0.0,0.0
31.9,0.0,81.3,30,40,100,0.0,40.0,18.7,5.0
21.4,22.3,98.0,30,40,100,8.6,17.7,2.0,2.2
97.2,114.8,100.2,30,40,100,0.0,0.0,0.0,0.0
0.0,81.6,0.0,30,40,100,30.0,0.0,100.0,5.0
15.9,0.0,60.9,30,40,100,14.1,40.0,39.1,5.0
0.0,34.2,93.5,30,40,100,30.0,5.8,6.5,5.0
53.1,51.1,110.5,30,40,100,0.0,0.0,0.0,0.0
74.1,5.8,0.0,30,40,100,0.0,34.2,100.0,5.0
73.5,0.0,0.0,30,40,100,0.0,40.0,100.0,5.0
60.8,40.4,54.6,30,40,100,0.0,0.0,45.4,2.3
20.3,4.7,232.2,30,40,100,9.7,35.3,0.0,4.4
15.6,4.9,7.4,30,40,100,14.4,35.1,92.6,4.6
0.0,22.2,168.2,30,40,100,30.0,17.8,0.0,5.0
83.9,31.1,201.3,30,40,100,0.0,8.9,0.0,1.1
39.3,36.1,77.2,30,40,100,0.0,3.9,22.8,1.1
11.9,0.9,18.7,30,40,100,18.1,39.1,81.3,4.9
63.8,27.6,114.9,30,40,100,0.0,12.4,0.0,1.5
0.0,0.0,89.2,30,40,100,30.0,40.0,10.8,5.0
37.5,49.0,4.2,30,40,100,0.0,0.0,95.8,4.8
21.0,0.0,20.4,30,40,100,9.0,40.0,79.6,5.0
44.1,24.8,110.1,30,40,100,0.0,15.2,0.0,1.9
24.1,73.4,148.8,30,40,100,5.9,0.0,0.0,1.0
0.0,0.0,47.5,30,40,100,30.0,40.0,52.5,5.0
28.1,65.3,67.9,30,40,100,1.9,0.0,32.1,1.6
55.8,83.0,127.4,30,40,100,0.0,0.0,0.0,0.0
25.1,0.0,59.6,30,40,100,4.9,40.0,40.4,5.0
48.0,30.4,49.4,30,40,100,0.0,9.6,50.6,2.5
0.0,0.0,12.6,30,40,100,30.0,40.0,87.4,5.0
25.2,31.7,11.2,30,40,100,4.8,8.3,88.8,4.4
8.2,36.2,288.7,30,40,100,21.8,3.8,0.0,3.6
47.2,0.0,57.7,30,40,100,0.0,40.0,42.3,5.0
26.8,113.9,183.6,30,40,100,3.2,0.0,0.0,0.5
45.6,48.0,209.3,30,40,100,0.0,0.0,0.0,0.0
56.9,2.3,58.7,30,40,100,0.0,37.7,41.3,4.7
45.6,95.4,103.2,30,40,100,0.0,0.0,0.0,0.0
33.7,0.0,81.8,30,40,100,0.0,40.0,18.2,5.0
0.0,0.0,0.0,30,40,100,30.0,40.0,100.0,5.0
25.9,0.0,0.0,30,40,100,4.1,40.0,100.0,5.0
10.8,108.9,77.4,30,40,100,19.2,0.0,22.6,3.2
16.2,49.8,39.2,30,40,100,13.8,0.0,60.8,3.0
15.3,63.0,226.0,30,40,100,14.7,0.0,0.0,2.4
0.0,48.6,54.4,30,40,100,30.0,0.0,45.6,5.0
0.0,59.5,230.8,30,40,100,30.0,0.0,0.0,5.0
6.9,39.6,35.1,30,40,100,23.1,0.4,64.9,3.8
31.5,47.4,227.7,30,40,100,0.0,0.0,0.0,0.0
0.0,40.8,114.3,30,40,100,30.0,0.0,0.0,5.0
26.4,12.0,118.9,30,40,100,3.6,28.0,0.0,3.5
80.1,34.6,32.2,30,40,100,0.0,5.4,67.8,3.4
55.1,47.5,120.0,30,40,100,0.0,0.0,0.0,0.0
72.8,40.9,210.0,30,40,100,0.0,0.0,0.0,0.0
37.1,0.0,61.8,30,40,100,0.0,40.0,38.2,5.0
59.2,0.0,46.1,30,40,100,0.0,40.0,53.9,5.0
5.3,80.0,53.6,30,40,100,24.7,0.0,46.4,4.1
7.6,24.1,204.1,30,40,100,22.4,15.9,0.0,3.7
0.0,60.0,142.5,30,40,100,30.0,0.0,0.0,5.0
59.7,0.0,190.2,30,40,100,0.0,40.0,0.0,5.0
69.8,0.0,98.8,30,40,100,0.0,40.0,1.2,5.0
10.2,2.5,76.7,30,40,100,19.8,37.5,23.3,4.7
18.7,27.5,107.7,30,40,100,11.3,12.5,0.0,1.9
4.5,9.7,159.8,30,40,100,25.5,30.3,0.0,4.2
36.8,88.5,53.6,30,40,100,0.0,0.0,46.4,2.3
58.0,43.7,183.9,30,40,100,0.0,0.0,0.0,0.0
0.0,110.9,103.0,30,40,100,30.0,0.0,0.0,5.0
37.6,52.7,0.0,30,40,100,0.0,0.0,100.0,5.0
18.1,0.0,144.7,30,40,100,11.9,40.0,0.0,5.0
29.2,78.9,0.0,30,40,100,0.8,0.0,100.0,5.0
39.0,0.0,142.8,30,40,100,0.0,40.0,0.0,5.0
20.6,45.7,146.2,30,40,100,9.4,0.0,0.0,1.6
23.0,5.3,100.1,30,40,100,7.0,34.7,0.0,4.3
19.9,122.7,117.3,30,40,100,10.1,0.0,0.0,1.7
53.6,94.4,162.1,30,40,100,0.0,0.0,0.0,0.0
37.9,6.6,33.5,30,40,100,0.0,33.4,66.5,4.2
32.2,31.3,137.5,30,40,100,0.0,8.7,0.0,1.1
0.0,46.3,167.3,30,40,100,30.0,0.0,0.0,5.0
15.2,71.2,215.4,30,40,100,14.8,0.0,0.0,2.5
51.5,37.6,0.0,30,40,100,0.0,2.4,100.0,5.0
27.0,0.0,106.4,30,40,100,3.0,40.0,0.0,5.0
44.7,7.6,0.0,30,40,100,0.0,32.4,100.0,5.0
76.3,36.3,0.0,30,40,100,0.0,3.7,100.0,5.0
55.5,86.1,102.4,30,40,100,0.0,0.0,0.0,0.0
28.6,53.7,79.7,30,40,100,1.4,0.0,20.3,1.0
11.4,5.3,165.8,30,40,100,18.6,34.7,0.0,4.3
0.0,62.5,45.6,30,40,100,30.0,0.0,54.4,5.0
21.2,20.9,62.7,30,40,100,8.8,19.1,37.3,2.4
16.7,72.3,90.6,30,40,100,13.3,0.0,9.4,2.2
37.1,138.1,4.0,30,40,100,0.0,0.0,96.0,4.8
21.6,22.0,15.2,30,40,100,8.4,18.0,84.8,4.2
16.8,68.7,163.5,30,40,100,13.2,0.0,0.0,2.2
0.0,6.4,29.2,30,40,100,30.0,33.6,70.8,5.0
0.0,31.9,168.9,30,40,100,30.0,8.1,0.0,5.0
39.5,37.6,122.5,30,40,100,0.0,2.4,0.0,0.3
74.8,28.7,0.0,30,40,100,0.0,11.3,100.0,5.0
23.2,135.6,116.3,30,40,100,6.8,0.0,0.0,1.1
35.3,24.1,115.6,30,40,100,0.0,15.9,0.0,2.0
53.1,60.1,107.6,30,40,100,0.0,0.0,0.0,0.0
2.9,0.0,62.1,30,40,100,27.1,40.0,37.9,5.0
36.4,53.8,0.0,30,40,100,0.0,0.0,100.0,5.0
4.9,82.4,182.1,30,40,100,25.1,0.0,0.0,4.2
50.6,15.2,65.3,30,40,100,0.0,24.8,34.7,3.1
30.3,0.0,2.3,30,40,100,0.0,40.0,97.7,5.0
34.5,34.9,110.4,30,40,100,0.0,5.1,0.0,0.6
3.7,37.1,13.6,30,40,100,26.3,2.9,86.4,4.4
46.1,65.6,0.0,30,40,100,0.0,0.0,100.0,5.0
85.3,117.4,43.2,30,40,100,0.0,0.0,56.8,2.8
0.0,21.2,19.8,30,40,100,30.0,18.8,80.2,5.0
16.3,2.0,0.0,30,40,100,13.7,38.0,100.0,5.0
32.5,0.0,138.5,30,40,100,0.0,40.0,0.0,5.0
48.3,44.4,64.3,30,40,100,0.0,0.0,35.7,1.8
10.0,55.7,174.5,30,40,100,20.0,0.0,0.0,3.3
0.0,14.5,4.6,30,40,100,30.0,25.5,95.4,5.0
64.7,67.8,0.0,30,40,100,0.0,0.0,100.0,5.0
47.6,55.2,85.5,30,40,100,0.0,0.0,14.5,0.7
0.0,38.2,223.2,30,40,100,30.0,1.8,0.0,5.0
8.6,0.1,116.3,30,40,100,21.4,39.9,0.0,5.0
70.6,17.1,332.8,30,40,100,0.0,22.9,0.0,2.9
67.2,0.0,100.3,30,40,100,0.0,40.0,0.0,5.0
52.7,45.9,92.5,30,40,100,0.0,0.0,7.5,0.4
20.9,37.5,0.0,30,40,100,9.1,2.5,100.0,5.0
28.3,44.0,108.0,30,40,100,1.7,0.0,0.0,0.3
22.2,56.7,87.1,30,40,100,7.8,0.0,12.9,1.3
58.1,52.0,40.6,30,40,100,0.0,0.0,59.4,3.0
1.0,32.0,62.5,30,40,100,29.0,8.0,37.5,4.8
3.0,38.4,68.0,30,40,100,27.0,1.6,32.0,4.5
54.7,0.0,59.0,30,40,100,0.0,40.0,41.0,5.0
24.7,13.0,242.0,30,40,100,5.3,27.0,0.0,3.4
65.2,38.5,43.6,30,40,100,0.0,1.5,56.4,2.8
6.8,6.8,87.1,30,40,100,23.2,33.2,12.9,4.2
24.4,71.1,40.9,30,40,100,5.6,0.0,59.1,3.0
0.0,9.9,136.7,30,40,100,30.0,30.1,0.0,5.0
26.2,45.2,87.8,30,40,100,3.8,0.0,12.2,0.6
0.0,41.1,50.9,30,40,100,30.0,0.0,49.1,5.0
12.1,66.5,0.0,30,40,100,17.9,0.0,100.0,5.0
0.0,72.7,93.1,30,40,100,30.0,0.0,6.9,5.0
45.7,64.4,48.5,30,40,100,0.0,0.0,51.5,2.6
46.4,0.0,68.6,30,40,100,0.0,40.0,31.4,5.0
0.0,84.5,0.0,30,40,100,30.0,0.0,100.0,5.0
63.9,97.9,189.1,30,40,100,0.0,0.0,0.0,0.0
97.1,17.0,142.6,30,40,100,0.0,23.0,0.0,2.9
27.3,46.0,188.9,30,40,100,2.7,0.0,0.0,0.4
7.7,0.6,166.0,30,40,100,22.3,39.4,0.0,4.9
106.4,0.0,121.3,30,40,100,0.0,40.0,0.0,5.0
0.0,6.7,0.0,30,40,100,30.0,33.3,100.0,5.0
26.5,14.7,222.2,30,40,100,3.5,25.3,0.0,3.2
31.1,22.2,0.0,30,40,100,0.0,17.8,100.0,5.0
64.3,0.0,51.8,30,40,100,0.0,40.0,48.2,5.0
36.2,6.9,130.5,30,40,100,0.0,33.1,0.0,4.1
11.8,36.0,134.5,30,40,100,18.2,4.0,0.0,3.0
0.0,5.4,119.6,30,40,100,30.0,34.6,0.0,5.0
16.2,58.3,41.2,30,40,100,13.8,0.0,58.8,2.9
0.0,63.9,24.5,30,40,100,30.0,0.0,75.5,5.0
27.3,132.2,277.9,30,40,100,2.7,0.0,0.0,0.4
9.9,81.8,70.3,30,40,100,20.1,0.0,29.7,3.4
0.0,46.2,60.4,30,40,100,30.0,0.0,39.6,5.0
61.7,11.5,16.0,30,40,100,0.0,28.5,84.0,4.2
11.8,48.3,93.2,30,40,100,18.2,0.0,6.8,3.0
0.0,49.6,89.5,30,40,100,30.0,0.0,10.5,5.0
21.2,15.8,72.2,30,40,100,8.8,24.2,27.8,3.0
27.9,68.0,104.3,30,40,100,2.1,0.0,0.0,0.4
0.0,0.0,215.7,30,40,100,30.0,40.0,0.0,5.0
35.4,26.6,25.5,30,40,100,0.0,13.4,74.5,3.7
0.0,58.8,77.0,30,40,100,30.0,0.0,23.0,5.0
74.7,24.9,21.2,30,40,100,0.0,15.1,78.8,3.9
40.9,28.1,97.3,30,40,100,0.0,11.9,2.7,1.5
14.6,30.9,27.7,30,40,100,15.4,9.1,72.3,3.6
4.7,2.8,31.1,30,40,100,25.3,37.2,68.9,4.6
23.0,83.7,0.0,30,40,100,7.0,0.0,100.0,5.0
43.4,0.0,81.4,30,40,100,0.0,40.0,18.6,5.0
25.2,49.3,108.2,30,40,100,4.8,0.0,0.0,0.8
19.8,53.1,223.5,30,40,100,10.2,0.0,0.0,1.7
27.6,0.0,111.4,30,40,100,2.4,40.0,0.0,5.0
8.8,39.4,37.2,30,40,100,21.2,0.6,62.8,3.5
16.2,0.0,0.0,30,40,100,13.8,40.0,100.0,5.0
0.0,92.4,0.0,30,40,100,30.0,0.0,100.0,5.0
53.7,0.0,0.0,30,40,100,0.0,40.0,100.0,5.0
34.5,10.1,225.0,30,40,100,0.0,29.9,0.0,3.7
3.9,0.0,96.7,30,40,100,26.1,40.0,3.3,5.0
80.0,0.0,26.5,30,40,100,0.0,40.0,73.5,5.0
28.4,100.5,0.0,30,40,100,1.6,0.0,100.0,5.0
0.0,58.3,4.5,30,40,100,30.0,0.0,95.5,5.0
50.4,42.1,24.4,30,40,100,0.0,0.0,75.6,3.8
37.3,10.0,179.6,30,40,100,0.0,30.0,0.0,3.8
37.2,73.0,71.1,30,40,100,0.0,0.0,28.9,1.4
13.8,3.3,0.0,30,40,100,16.2,36.7,100.0,5.0
38.8,68.4,259.8,30,40,100,0.0,0.0,0.0,0.0
18.5,1.3,0.0,30,40,100,11.5,38.7,100.0,5.0
41.8,10.5,25.8,30,40,100,0.0,29.5,74.2,3.7
0.0,67.0,179.2,30,40,100,30.0,0.0,0.0,5.0
13.6,71.2,107.0,30,40,100,16.4,0.0,0.0,2.7
75.0,60.5,35.6,30,40,100,0.0,0.0,64.4,3.2
4.1,0.0,0.0,30,40,100,25.9,40.0,100.0,5.0
8.8,18.5,0.0,30,40,100,21.2,21.5,100.0,5.0
13.2,42.8,0.4,30,40,100,16.8,0.0,99.6,5.0
0.0,2.3,74.1,30,40,100,30.0,37.7,25.9,5.0
0.0,91.6,88.9,30,40,100,30.0,0.0,11.1,5.0
19.4,0.0,61.5,30,40,100,10.6,40.0,38.5,5.0
29.8,5.1,70.3,30,40,100,0.2,34.9,29.7,4.4
24.5,15.9,0.0,30,40,100,5.5,24.1,100.0,5.0
21.8,0.0,97.1,30,40,100,8.2,40.0,2.9,5.0
27.2,0.0,176.8,30,40,100,2.8,40.0,0.0,5.0
55.1,61.6,60.4,30,40,100,0.0,0.0,39.6,2.0
20.5,37.7,58.8,30,40,100,9.5,2.3,41.2,2.1
9.6,99.8,80.2,30,40,100,20.4,0.0,19.8,3.4
17.9,98.6,163.7,30,40,100,12.1,0.0,0.0,2.0
42.5,53.9,1.3,30,40,100,0.0,0.0,98.7,4.9
66.2,49.1,190.5,30,40,100,0.0,0.0,0.0,0.0
8.1,39.1,107.5,30,40,100,21.9,0.9,0.0,3.6
28.8,0.0,75.8,30,40,100,1.2,40.0,24.2,5.0
35.6,0.0,171.3,30,40,100,0.0,40.0,0.0,5.0
0.0,40.5,0.0,30,40,100,30.0,0.0,100.0,5.0
26.5,61.2,115.6,30,40,100,3.5,0.0,0.0,0.6
0.0,48.1,108.2,30,40,100,30.0,0.0,0.0,5.0
0.0,0.5,0.0,30,40,100,30.0,39.5,100.0,5.0
36.4,74.2,110.6,30,40,100,0.0,0.0,0.0,0.0
15.0,96.1,96.3,30,40,100,15.0,0.0,3.7,2.5
31.7,74.2,59.1,30,40,100,0.0,0.0,40.9,2.0
25.4,76.3,143.1,30,40,100,4.6,0.0,0.0,0.8
0.0,13.9,27.4,30,40,100,30.0,26.1,72.6,5.0
24.7,79.7,95.3,30,40,100,5.3,0.0,4.7,0.9
0.0,42.3,62.9,30,40,100,30.0,0.0,37.1,5.0
65.6,57.0,23.9,30,40,100,0.0,0.0,76.1,3.8
0.0,51.2,114.1,30,40,100,30.0,0.0,0.0,5.0
20.4,31.6,56.7,30,40,100,9.6,8.4,43.3,2.2
0.0,1.8,0.0,30,40,100,30.0,38.2,100.0,5.0
42.2,33.1,0.0,30,40,100,0.0,6.9,100.0,5.0
16.5,76.2,137.1,30,40,100,13.5,0.0,0.0,2.2
11.2,18.7,0.0,30,40,100,18.8,21.3,100.0,5.0
50.2,72.4,96.0,30,40,100,0.0,0.0,4.0,0.2
26.8,66.1,77.9,30,40,100,3.2,0.0,22.1,1.1
40.7,24.4,43.8,30,40,100,0.0,15.6,56.2,2.8
0.0,92.3,231.3,30,40,100,30.0,0.0,0.0,5.0
0.0,22.1,88.0,30,40,100,30.0,17.9,12.0,5.0
29.0,97.2,134.4,30,40,100,1.0,0.0,0.0,0.2
16.9,53.9,96.5,30,40,100,13.1,0.0,3.5,2.2
43.8,35.8,54.8,30,40,100,0.0,4.2,45.2,2.3
23.7,0.7,72.0,30,40,100,6.3,39.3,28.0,4.9
31.8,32.9,191.1,30,40,100,0.0,7.1,0.0,0.9
0.0,28.2,161.2,30,40,100,30.0,11.8,0.0,5.0
79.7,0.0,230.9,30,40,100,0.0,40.0,0.0,5.0
21.3,27.7,91.4,30,40,100,8.7,12.3,8.6,1.5
45.8,4.1,2.8,30,40,100,0.0,35.9,97.2,4.9
2.1,60.0,38.0,30,40,100,27.9,0.0,62.0,4.6
34.7,89.0,0.0,30,40,100,0.0,0.0,100.0,5.0
0.0,0.0,135.4,30,40,100,30.0,40.0,0.0,5.0
38.8,105.4,26.2,30,40,100,0.0,0.0,73.8,3.7
15.8,31.3,0.0,30,40,100,14.2,8.7,100.0,5.0
26.8,0.0,272.2,30,40,100,3.2,40.0,0.0,5.0
45.8,66.9,27.5,30,40,100,0.0,0.0,72.5,3.6
0.0,18.5,27.0,30,40,100,30.0,21.5,73.0,5.0
6.5,33.2,208.3,30,40,100,23.5,6.8,0.0,3.9
39.0,20.2,0.0,30,40,100,0.0,19.8,100.0,5.0
85.7,3.6,165.2,30,40,100,0.0,36.4,0.0,4.6
22.0,65.6,26.1,30,40,100,8.0,0.0,73.9,3.7
42.8,24.9,0.0,30,40,100,0.0,15.1,100.0,5.0
22.9,0.0,211.1,30,40,100,7.1,40.0,0.0,5.0
81.3,58.6,147.9,30,40,100,0.0,0.0,0.0,0.0
0.0,0.0,147.7,30,40,100,30.0,40.0,0.0,5.0
28.6,0.0,103.1,30,40,100,1.4,40.0,0.0,5.0
0.0,84.4,121.8,30,40,100,30.0,0.0,0.0,5.0
0.0,0.0,0.0,30,40,100,30.0,40.0,100.0,5.0
34.4,0.0,82.5,30,40,100,0.0,40.0,17.5,5.0
29.9,61.5,0.0,30,40,100,0.1,0.0,100.0,5.0
17.8,24.2,0.0,30,40,100,12.2,15.8,100.0,5.0
22.9,27.7,106.6,30,40,100,7.1,12.3,0.0,1.5
114.2,23.8,166.9,30,40,100,0.0,16.2,0.0,2.0
18.6,45.8,42.6,30,40,100,11.4,0.0,57.4,2.9
40.5,6.2,56.4,30,40,100,0.0,33.8,43.6,4.2
7.5,95.9,0.0,30,40,100,22.5,0.0,100.0,5.0
34.4,0.0,74.1,30,40,100,0.0,40.0,25.9,5.0
19.2,54.4,134.8,30,40,100,10.8,0.0,0.0,1.8
14.3,62.3,137.3,30,40,100,15.7,0.0,0.0,2.6
77.8,5.9,117.5,30,40,100,0.0,34.1,0.0,4.3
59.5,0.0,23.6,30,40,100,0.0,40.0,76.4,5.0
29.8,77.4,21.1,30,40,100,0.2,0.0,78.9,3.9
0.0,0.0,137.6,30,40,100,30.0,40.0,0.0,5.0
15.7,12.0,139.0,30,40,100,14.3,28.0,0.0,3.5
102.9,72.2,59.6,30,40,100,0.0,0.0,40.4,2.0
19.4,37.8,39.1,30,40,100,10.6,2.2,60.9,3.0
57.4,0.0,167.6,30,40,100,0.0,40.0,0.0,5.0
67.0,106.8,44.5,30,40,100,0.0,0.0,55.5,2.8
32.2,15.1,133.7,30,40,100,0.0,24.9,0.0,3.1
2.0,20.2,62.5,30,40,100,28.0,19.8,37.5,4.7
0.0,46.7,0.0,30,40,100,30.0,0.0,100.0,5.0
45.4,61.6,203.5,30,40,100,0.0,0.0,0.0,0.0
2.7,115.4,83.2,30,40,100,27.3,0.0,16.8,4.6
31.0,0.0,16.2,30,40,100,0.0,40.0,83.8,5.0
0.0,69.7,0.0,30,40,100,30.0,0.0,100.0,5.0
18.4,66.3,0.0,30,40,100,11.6,0.0,100.0,5.0
26.9,30.9,43.4,30,40,100,3.1,9.1,56.6,2.8
33.6,68.1,228.7,30,40,100,0.0,0.0,0.0,0.0
0.0,74.0,26.3,30,40,100,30.0,0.0,73.7,5.0
60.0,0.0,190.2,30,40,100,0.0,40.0,0.0,5.0
9.0,106.9,63.0,30,40,100,21.0,0.0,37.0,3.5
0.0,0.0,0.0,30,40,100,30.0,40.0,100.0,5.0
22.8,0.0,35.3,30,40,100,7.2,40.0,64.7,5.0
26.9,25.9,0.0,30,40,100,3.1,14.1,100.0,5.0
30.5,113.9,4.5,30,40,100,0.0,0.0,95.5,4.8
64.7,24.0,2.1,30,40,100,0.0,16.0,97.9,4.9
19.2,35.2,0.0,30,40,100,10.8,4.8,100.0,5.0
22.5,94.1,195.5,30,40,100,7.5,0.0,0.0,1.2
0.0,24.4,90.5,30,40,100,30.0,15.6,9.5,5.0
49.3,0.0,18.2,30,40,100,0.0,40.0,81.8,5.0
31.2,19.7,91.4,30,40,100,0.0,20.3,8.6,2.5
14.0,91.6,6.1,30,40,100,16.0,0.0,93.9,4.7
0.0,39.3,0.0,30,40,100,30.0,0.7,100.0,5.0
67.1,114.1,311.9,30,40,100,0.0,0.0,0.0,0.0
0.0,66.1,88.8,30,40,100,30.0,0.0,11.2,5.0
9.1,10.5,26.0,30,40,100,20.9,29.5,74.0,3.7
36.2,38.5,0.0,30,40,100,0.0,1.5,100.0,5.0
0.0,2.1,0.0,30,40,100,30.0,37.9,100.0,5.0
0.0,9.5,206.9,30,40,100,30.0,30.5,0.0,5.0
0.0,216.7,194.6,30,40,100,30.0,0.0,0.0,5.0
46.5,77.4,134.2,30,40,100,0.0,0.0,0.0,0.0
10.4,71.1,0.0,30,40,100,19.6,0.0,100.0,5.0
109.3,11.4,195.3,30,40,100,0.0,28.6,0.0,3.6
0.0,99.6,109.8,30,40,100,30.0,0.0,0.0,5.0
0.0,80.7,126.3,30,40,100,30.0,0.0,0.0,5.0
9.9,112.2,109.5,30,40,100,20.1,0.0,0.0,3.4
32.9,110.2,0.0,30,40,100,0.0,0.0,100.0,5.0
12.6,0.0,0.0,30,40,100,17.4,40.0,100.0,5.0
43.4,0.0,32.3,30,40,100,0.0,40.0,67.7,5.0
0.0,0.0,125.4,30,40,100,30.0,40.0,0.0,5.0
0.0,0.0,0.0,30,40,100,30.0,40.0,100.0,5.0
0.0,49.5,59.4,30,40,100,30.0,0.0,40.6,5.0
0.0,13.6,59.3,30,40,100,30.0,26.4,40.7,5.0
11.2,119.9,137.4,30,40,100,18.8,0.0,0.0,3.1
17.4,113.1,127.9,30,40,100,12.6,0.0,0.0,2.1
8.0,36.2,0.0,30,40,100,22.0,3.8,100.0,5.0
61.4,115.1,190.2,30,40,100,0.0,0.0,0.0,0.0
60.9,96.3,0.0,30,40,100,0.0,0.0,100.0,5.0
16.4,18.3,161.6,30,40,100,13.6,21.7,0.0,2.7
0.0,0.0,29.1,30,40,100,30.0,40.0,70.9,5.0
9.8,27.7,86.7,30,40,100,20.2,12.3,13.3,3.4
8.9,10.5,91.7,30,40,100,21.1,29.5,8.3,3.7
7.2,44.8,89.4,30,40,100,22.8,0.0,10.6,3.8
6.1,40.0,127.9,30,40,100,23.9,0.0,0.0,4.0
7.3,39.0,105.1,30,40,100,22.7,1.0,0.0,3.8
14.9,57.5,136.7,30,40,100,15.1,0.0,0.0,2.5
7.9,0.0,111.0,30,40,100,22.1,40.0,0.0,5.0
31.9,53.0,0.0,30,40,100,0.0,0.0,100.0,5.0
36.2,18.8,95.3,30,40,100,0.0,21.2,4.7,2.7
0.0,44.5,28.0,30,40,100,30.0,0.0,72.0,5.0
62.1,75.0,0.0,30,40,100,0.0,0.0,100.0,5.0
0.0,0.0,50.1,30,40,100,30.0,40.0,49.9,5.0
0.0,25.1,88.3,30,40,100,30.0,14.9,11.7,5.0
36.8,31.7,93.6,30,40,100,0.0,8.3,6.4,1.0
2.7,15.8,158.7,30,40,100,27.3,24.2,0.0,4.6
35.1,72.7,178.9,30,40,100,0.0,0.0,0.0,0.0
0.0,7.5,100.6,30,40,100,30.0,32.5,0.0,5.0
65.6,14.1,115.2,30,40,100,0.0,25.9,0.0,3.2
45.1,7.9,81.2,30,40,100,0.0,32.1,18.8,4.0
0.0,80.4,135.4,30,40,100,30.0,0.0,0.0,5.0
0.0,16.6,112.8,30,40,100,30.0,23.4,0.0,5.0
73.6,55.0,69.1,30,40,100,0.0,0.0,30.9,1.5
5.0,116.0,247.0,30,40,100,25.0,0.0,0.0,4.2
2.2,33.4,29.4,30,40,100,27.8,6.6,70.6,4.6
0.0,81.2,190.8,30,40,100,30.0,0.0,0.0,5.0
16.0,103.7,0.0,30,40,100,14.0,0.0,100.0,5.0
19.5,77.8,139.1,30,40,100,10.5,0.0,0.0,1.8
46.3,35.8,189.3,30,40,100,0.0,4.2,0.0,0.5
0.0,62.3,0.0,30,40,100,30.0,0.0,100.0,5.0
0.0,0.0,84.7,30,40,100,30.0,40.0,15.3,5.0
38.8,5.1,131.2,30,40,100,0.0,34.9,0.0,4.4
54.6,12.1,93.8,30,40,100,0.0,27.9,6.2,3.5
0.0,126.6,104.0,30,40,100,30.0,0.0,0.0,5.0
56.8,3.7,84.5,30,40,100,0.0,36.3,15.5,4.5
27.0,3.1,0.0,30,40,100,3.0,36.9,100.0,5.0
57.0,0.0,264.5,30,40,100,0.0,40.0,0.0,5.0
24.0,59.0,32.9,30,40,100,6.0,0.0,67.1,3.4
0.0,42.2,108.5,30,40,100,30.0,0.0,0.0,5.0
21.6,80.2,21.3,30,40,100,8.4,0.0,78.7,3.9
56.1,63.5,0.0,30,40,100,0.0,0.0,100.0,5.0
0.5,0.0,0.0,30,40,100,29.5,40.0,100.0,5.0
14.9,4.0,0.0,30,40,100,15.1,36.0,100.0,5.0
20.9,91.4,161.5,30,40,100,9.1,0.0,0.0,1.5
0.0,28.3,24.6,30,40,100,30.0,11.7,75.4,5.0
73.5,84.2,32.0,30,40,100,0.0,0.0,68.0,3.4
0.3,30.4,0.0,30,40,100,29.7,9.6,100.0,5.0
40.4,0.0,81.1,30,40,100,0.0,40.0,18.9,5.0
23.5,24.2,15.7,30,40,100,6.5,15.8,84.3,4.2
61.8,0.0,153.5,30,40,100,0.0,40.0,0.0,5.0
37.5,13.7,97.9,30,40,100,0.0,26.3,2.1,3.3
19.3,44.5,27.4,30,40,100,10.7,0.0,72.6,3.6
0.5,57.0,142.1,30,40,100,29.5,0.0,0.0,4.9
48.7,0.0,74.1,30,40,100,0.0,40.0,25.9,5.0
0.0,35.7,75.2,30,40,100,30.0,4.3,24.8,5.0
44.3,12.8,0.0,30,40,100,0.0,27.2,100.0,5.0
0.0,10.4,67.8,30,40,100,30.0,29.6,32.2,5.0
61.6,41.8,99.4,30,40,100,0.0,0.0,0.6,0.0
30.5,14.3,181.0,30,40,100,0.0,25.7,0.0,3.2
44.3,92.1,12.9,30,40,100,0.0,0.0,87.1,4.4
28.3,84.3,257.2,30,40,100,1.7,0.0,0.0,0.3
0.0,84.0,118.4,30,40,100,30.0,0.0,0.0,5.0
1.4,16.5,0.0,30,40,100,28.6,23.5,100.0,5.0
45.1,0.0,5.3,30,40,100,0.0,40.0,94.7,5.0
30.7,39.7,188.1,30,40,100,0.0,0.3,0.0,0.0
59.6,30.4,173.8,30,40,100,0.0,9.6,0.0,1.2
37.4,11.9,75.0,30,40,100,0.0,28.1,25.0,3.5
0.0,0.0,85.6,30,40,100,30.0,40.0,14.4,5.0
3.3,34.8,0.0,30,40,100,26.7,5.2,100.0,5.0
28.9,20.2,180.1,30,40,100,1.1,19.8,0.0,2.5
0.0,64.1,0.0,30,40,100,30.0,0.0,100.0,5.0
73.6,63.2,141.6,30,40,100,0.0,0.0,0.0,0.0
38.5,80.7,182.5,30,40,100,0.0,0.0,0.0,0.0
60.9,0.0,77.4,30,40,100,0.0,40.0,22.6,5.0
0.0,52.6,151.5,30,40,100,30.0,0.0,0.0,5.0
61.4,7.2,222.5,30,40,100,0.0,32.8,0.0,4.1
89.5,0.0,95.1,30,40,100,0.0,40.0,4.9,5.0
0.0,19.2,59.4,30,40,100,30.0,20.8,40.6,5.0
47.9,79.5,68.1,30,40,100,0.0,0.0,31.9,1.6
26.0,21.5,13.6,30,40,100,4.0,18.5,86.4,4.3
0.0,99.4,11.8,30,40,100,30.0,0.0,88.2,5.0
40.0,58.5,109.2,30,40,100,0.0,0.0,0.0,0.0
49.7,20.6,60.3,30,40,100,0.0,19.4,39.7,2.4
8.8,83.1,99.9,30,40,100,21.2,0.0,0.1,3.5
59.2,54.4,0.0,30,40,100,0.0,0.0,100.0,5.0
0.0,0.0,66.0,30,40,100,30.0,40.0,34.0,5.0
0.0,111.3,156.6,30,40,100,30.0,0.0,0.0,5.0
29.8,46.9,0.0,30,40,100,0.2,0.0,100.0,5.0
26.7,37.2,74.8,30,40,100,3.3,2.8,25.2,1.3
5.5,2.0,0.0,30,40,100,24.5,38.0,100.0,5.0
49.0,83.9,0.0,30,40,100,0.0,0.0,100.0,5.0
41.1,57.3,138.6,30,40,100,0.0,0.0,0.0,0.0
50.4,61.8,48.6,30,40,100,0.0,0.0,51.4,2.6
22.4,16.0,220.4,30,40,100,7.6,24.0,0.0,3.0
43.1,70.0,108.4,30,40,100,0.0,0.0,0.0,0.0
13.3,73.1,116.3,30,40,100,16.7,0.0,0.0,2.8
84.4,9.5,0.0,30,40,100,0.0,30.5,100.0,5.0
2.8,0.0,42.4,30,40,100,27.2,40.0,57.6,5.0
85.9,59.8,14.4,30,40,100,0.0,0.0,85.6,4.3
26.9,0.0,0.0,30,40,100,3.1,40.0,100.0,5.0
0.0,42.6,127.0,30,40,100,30.0,0.0,0.0,5.0
64.9,18.4,143.2,30,40,100,0.0,21.6,0.0,2.7
29.5,85.5,105.7,30,40,100,0.5,0.0,0.0,0.1
50.2,20.6,6.7,30,40,100,0.0,19.4,93.3,4.7
60.8,81.0,100.2,30,40,100,0.0,0.0,0.0,0.0
35.6,15.8,0.0,30,40,100,0.0,24.2,100.0,5.0
9.1,76.7,180.2,30,40,100,20.9,0.0,0.0,3.5
53.7,119.4,0.0,30,40,100,0.0,0.0,100.0,5.0
26.0,0.0,0.0,30,40,100,4.0,40.0,100.0,5.0
45.5,48.2,82.8,30,40,100,0.0,0.0,17.2,0.9
0.0,147.1,90.0,30,40,100,30.0,0.0,10.0,5.0
38.7,39.1,67.6,30,40,100,0.0,0.9,32.4,1.6
7.8,38.9,0.0,30,40,100,22.2,1.1,100.0,5.0
73.0,68.2,164.9,30,40,100,0.0,0.0,0.0,0.0
43.7,38.1,0.0,30,40,100,0.0,1.9,100.0,5.0
32.8,0.0,0.0,30,40,100,0.0,40.0,100.0,5.0
39.8,82.0,64.9,30,40,100,0.0,0.0,35.1,1.8
0.0,0.0,0.0,30,40,100,30.0,40.0,100.0,5.0
72.2,19.7,172.1,30,40,100,0.0,20.3,0.0,2.5
82.7,85.0,0.0,30,40,100,0.0,0.0,100.0,5.0
37.1,22.1,199.1,30,40,100,0.0,17.9,0.0,2.2
71.2,8.5,157.0,30,40,100,0.0,31.5,0.0,3.9
9.7,71.8,173.1,30,40,100,20.3,0.0,0.0,3.4
3.3,2.2,225.7,30,40,100,26.7,37.8,0.0,4.7
27.1,0.0,80.0,30,40,100,2.9,40.0,20.0,5.0
38.3,47.5,0.0,30,40,100,0.0,0.0,100.0,5.0
14.7,29.1,65.2,30,40,100,15.3,10.9,34.8,2.6
41.3,0.0,27.8,30,40,100,0.0,40.0,72.2,5.0
34.7,62.1,16.3,30,40,100,0.0,0.0,83.7,4.2
0.0,55.1,85.7,30,40,100,30.0,0.0,14.3,5.0
40.7,22.0,48.4,30,40,100,0.0,18.0,51.6,2.6
50.5,24.7,12.8,30,40,100,0.0,15.3,87.2,4.4
30.8,55.4,53.7,30,40,100,0.0,0.0,46.3,2.3
58.8,84.4,117.8,30,40,100,0.0,0.0,0.0,0.0
0.0,25.1,150.6,30,40,100,30.0,14.9,0.0,5.0
39.3,62.8,0.0,30,40,100,0.0,0.0,100.0,5.0
0.0,59.2,49.0,30,40,100,30.0,0.0,51.0,5.0
0.0,71.8,62.1,30,40,100,30.0,0.0,37.9,5.0
8.0,38.0,0.0,30,40,100,22.0,2.0,100.0,5.0
0.0,0.0,63.8,30,40,100,30.0,40.0,36.2,5.0
10.3,17.8,85.4,30,40,100,19.7,22.2,14.6,3.3
19.9,50.2,115.3,30,40,100,10.1,0.0,0.0,1.7
49.8,109.6,79.7,30,40,100,0.0,0.0,20.3,1.0
16.8,17.0,2.5,30,40,100,13.2,23.0,97.5,4.9
0.0,68.8,235.8,30,40,100,30.0,0.0,0.0,5.0
58.4,23.2,140.4,30,40,100,0.0,16.8,0.0,2.1
2.1,40.9,118.1,30,40,100,27.9,0.0,0.0,4.6
24.3,97.4,154.5,30,40,100,5.7,0.0,0.0,0.9
38.7,67.2,93.2,30,40,100,0.0,0.0,6.8,0.3
31.6,0.0,177.2,30,40,100,0.0,40.0,0.0,5.0
57.1,13.4,78.1,30,40,100,0.0,26.6,21.9,3.3
39.6,87.0,73.6,30,40,100,0.0,0.0,26.4,1.3
1.4,42.2,124.7,30,40,100,28.6,0.0,0.0,4.8
88.0,0.0,200.6,30,40,100,0.0,40.0,0.0,5.0
31.5,3.5,195.4,30,40,100,0.0,36.5,0.0,4.6
21.8,64.8,121.3,30,40,100,8.2,0.0,0.0,1.4
53.4,76.5,115.2,30,40,100,0.0,0.0,0.0,0.0
33.1,37.2,129.6,30,40,100,0.0,2.8,0.0,0.3
37.3,136.1,153.0,30,40,100,0.0,0.0,0.0,0.0
96.9,69.6,178.2,30,40,100,0.0,0.0,0.0,0.0
18.1,26.6,54.4,30,40,100,11.9,13.4,45.6,2.3
16.9,3.6,179.8,30,40,100,13.1,36.4,0.0,4.6
29.3,0.0,101.2,30,40,100,0.7,40.0,0.0,5.0
56.5,49.9,126.0,30,40,100,0.0,0.0,0.0,0.0
0.0,16.8,184.9,30,40,100,30.0,23.2,0.0,5.0
0.0,103.8,133.7,30,40,100,30.0,0.0,0.0,5.0
9.2,95.5,147.4,30,40,100,20.8,0.0,0.0,3.5
0.0,61.9,42.1,30,40,100,30.0,0.0,57.9,5.0
13.9,0.0,194.3,30,40,100,16.1,40.0,0.0,5.0
40.3,9.4,129.6,30,40,100,0.0,30.6,0.0,3.8
0.6,87.0,83.7,30,40,100,29.4,0.0,16.3,4.9
0.0,13.8,162.3,30,40,100,30.0,26.2,0.0,5.0
27.9,81.6,282.2,30,40,100,2.1,0.0,0.0,0.4
50.5,55.5,0.0,30,40,100,0.0,0.0,100.0,5.0
0.0,38.5,8.7,30,40,100,30.0,1.5,91.3,5.0
49.3,8.2,290.1,30,40,100,0.0,31.8,0.0,4.0
49.2,32.7,107.9,30,40,100,0.0,7.3,0.0,0.9
53.1,44.1,88.9,30,40,100,0.0,0.0,11.1,0.6
60.7,78.0,64.2,30,40,100,0.0,0.0,35.8,1.8
88.7,0.8,170.9,30,40,100,0.0,39.2,0.0,4.9
15.8,25.9,284.1,30,40,100,14.2,14.1,0.0,2.4
29.1,38.3,19.9,30,40,100,0.9,1.7,80.1,4.0
14.1,63.1,65.7,30,40,100,15.9,0.0,34.3,2.7
26.0,0.0,45.2,30,40,100,4.0,40.0,54.8,5.0
69.6,0.0,132.6,30,40,100,0.0,40.0,0.0,5.0
0.0,63.6,172.1,30,40,100,30.0,0.0,0.0,5.0
1.4,0.0,204.2,30,40,100,28.6,40.0,0.0,5.0
65.2,88.2,135.3,30,40,100,0.0,0.0,0.0,0.0
55.0,30.2,276.7,30,40,100,0.0,9.8,0.0,1.2
15.6,0.0,27.1,30,40,100,14.4,40.0,72.9,5.0
50.3,17.1,6.2,30,40,100,0.0,22.9,93.8,4.7
35.7,51.7,192.0,30,40,100,0.0,0.0,0.0,0.0
68.7,15.0,83.4,30,40,100,0.0,25.0,16.6,3.1
28.1,37.3,0.0,30,40,100,1.9,2.7,100.0,5.0
55.2,66.2,48.0,30,40,100,0.0,0.0,52.0,2.6
101.2,28.3,94.1,30,40,100,0.0,11.7,5.9,1.5
43.0,0.0,21.4,30,40,100,0.0,40.0,78.6,5.0
27.4,24.4,0.0,30,40,100,2.6,15.6,100.0,5.0
46.5,93.4,56.8,30,40,100,0.0,0.0,43.2,2.2
15.5,104.3,0.0,30,40,100,14.5,0.0,100.0,5.0
94.0,0.0,124.7,30,40,100,0.0,40.0,0.0,5.0
31.1,80.4,0.0,30,40,100,0.0,0.0,100.0,5.0
18.2,46.5,80.8,30,40,100,11.8,0.0,19.2,2.0
2.2,73.6,115.4,30,40,100,27.8,0.0,0.0,4.6
57.2,14.3,66.2,30,40,100,0.0,25.7,33.8,3.2
50.6,0.0,161.7,30,40,100,0.0,40.0,0.0,5.0
11.8,60.0,0.0,30,40,100,18.2,0.0,100.0,5.0
42.4,0.0,17.0,30,40,100,0.0,40.0,83.0,5.0
0.0,0.0,46.9,30,40,100,30.0,40.0,53.1,5.0
31.2,0.0,131.0,30,40,100,0.0,40.0,0.0,5.0
38.8,60.6,91.1,30,40,100,0.0,0.0,8.9,0.4
74.6,42.1,246.3,30,40,100,0.0,0.0,0.0,0.0
4.0,67.9,8.5,30,40,100,26.0,0.0,91.5,4.6
0.0,63.4,0.0,30,40,100,30.0,0.0,100.0,5.0
0.5,19.5,217.8,30,40,100,29.5,20.5,0.0,4.9
0.0,33.6,0.0,30,40,100,30.0,6.4,100.0,5.0
64.0,15.9,128.6,30,40,100,0.0,24.1,0.0,3.0
70.1,28.0,0.0,30,40,100,0.0,12.0,100.0,5.0
35.1,0.0,0.0,30,40,100,0.0,40.0,100.0,5.0
60.7,52.2,43.3,30,40,100,0.0,0.0,56.7,2.8
29.8,79.7,146.0,30,40,100,0.2,0.0,0.0,0.0
23.2,3.6,0.0,30,40,100,6.8,36.4,100.0,5.0
16.5,88.0,120.0,30,40,100,13.5,0.0,0.0,2.2
17.1,41.0,135.0,30,40,100,12.9,0.0,0.0,2.1
0.0,46.1,0.0,30,40,100,30.0,0.0,100.0,5.0
33.5,0.0,55.1,30,40,100,0.0,40.0,44.9,5.0
24.8,0.0,200.7,30,40,100,5.2,40.0,0.0,5.0
47.2,42.2,126.0,30,40,100,0.0,0.0,0.0,0.0
28.6,68.2,52.4,30,40,100,1.4,0.0,47.6,2.4
21.3,9.4,107.0,30,40,100,8.7,30.6,0.0,3.8
1.1,103.7,18.2,30,40,100,28.9,0.0,81.8,4.8
28.0,66.0,163.3,30,40,100,2.0,0.0,0.0,0.3
47.0,0.0,163.3,30,40,100,0.0,40.0,0.0,5.0
0.0,37.7,83.2,30,40,100,30.0,2.3,16.8,5.0
28.4,136.1,92.1,30,40,100,1.6,0.0,7.9,0.4
32.6,0.0,0.0,30,40,100,0.0,40.0,100.0,5.0
5.5,57.7,0.0,30,40,100,24.5,0.0,100.0,5.0
9.2,23.5,43.1,30,40,100,20.8,16.5,56.9,3.5
32.5,64.9,66.4,30,40,100,0.0,0.0,33.6,1.7
0.0,87.4,159.2,30,40,100,30.0,0.0,0.0,5.0
35.9,20.9,147.9,30,40,100,0.0,19.1,0.0,2.4
0.5,81.5,88.4,30,40,100,29.5,0.0,11.6,4.9
56.2,125.8,169.5,30,40,100,0.0,0.0,0.0,0.0
92.5,39.1,0.0,30,40,100,0.0,0.9,100.0,5.0
1.4,68.0,160.4,30,40,100,28.6,0.0,0.0,4.8
41.2,12.7,9.8,30,40,100,0.0,27.3,90.2,4.5
5.3,37.2,173.5,30,40,100,24.7,2.8,0.0,4.1
55.6,29.3,72.4,30,40,100,0.0,10.7,27.6,1.4
0.0,68.5,0.0,30,40,100,30.0,0.0,100.0,5.0
39.6,84.9,132.4,30,40,100,0.0,0.0,0.0,0.0
1.1,32.0,138.8,30,40,100,28.9,8.0,0.0,4.8
20.1,98.2,36.7,30,40,100,9.9,0.0,63.3,3.2
0.0,98.0,43.6,30,40,100,30.0,0.0,56.4,5.0
49.4,70.5,60.6,30,40,100,0.0,0.0,39.4,2.0
2.1,15.7,0.0,30,40,100,27.9,24.3,100.0,5.0
41.7,11.8,0.0,30,40,100,0.0,28.2,100.0,5.0
16.2,3.8,178.5,30,40,100,13.8,36.2,0.0,4.5
22.7,74.6,7.0,30,40,100,7.3,0.0,93.0,4.6
30.2,0.0,223.1,30,40,100,0.0,40.0,0.0,5.0
4.3,63.7,184.0,30,40,100,25.7,0.0,0.0,4.3
31.9,0.0,199.9,30,40,100,0.0,40.0,0.0,5.0
69.5,69.6,21.1,30,40,100,0.0,0.0,78.9,3.9
3.8,37.1,0.0,30,40,100,26.2,2.9,100.0,5.0
59.3,90.1,0.0,30,40,100,0.0,0.0,100.0,5.0
68.6,82.4,37.5,30,40,100,0.0,0.0,62.5,3.1
2.7,94.2,0.0,30,40,100,27.3,0.0,100.0,5.0
0.0,95.2,35.2,30,40,100,30.0,0.0,64.8,5.0
34.6,42.2,57.2,30,40,100,0.0,0.0,42.8,2.1
10.4,0.0,0.0,30,40,100,19.6,40.0,100.0,5.0
79.2,0.0,0.0,30,40,100,0.0,40.0,100.0,5.0
26.9,0.0,55.7,30,40,100,3.1,40.0,44.3,5.0
3.1,0.0,102.2,30,40,100,26.9,40.0,0.0,5.0
0.0,39.2,1.7,30,40,100,30.0,0.8,98.3,5.0
57.0,13.9,97.1,30,40,100,0.0,26.1,2.9,3.3
9.7,29.2,84.5,30,40,100,20.3,10.8,15.5,3.4
27.2,56.3,77.3,30,40,100,2.8,0.0,22.7,1.1
53.2,24.2,20.9,30,40,100,0.0,15.8,79.1,4.0
12.2,0.0,0.0,30,40,100,17.8,40.0,100.0,5.0
24.6,34.3,210.3,30,40,100,5.4,5.7,0.0,0.9
25.5,0.3,124.3,30,40,100,4.5,39.7,0.0,5.0
45.4,25.5,154.6,30,40,100,0.0,14.5,0.0,1.8
42.8,90.5,66.8,30,40,100,0.0,0.0,33.2,1.7
19.7,25.6,60.3,30,40,100,10.3,14.4,39.7,2.0
27.8,107.7,113.1,30,40,100,2.2,0.0,0.0,0.4
15.4,94.1,0.0,30,40,100,14.6,0.0,100.0,5.0
0.0,13.1,0.0,30,40,100,30.0,26.9,100.0,5.0
33.3,0.0,9.2,30,40,100,0.0,40.0,90.8,5.0
79.8,34.3,36.8,30,40,100,0.0,5.7,63.2,3.2
0.8,82.9,2.6,30,40,100,29.2,0.0,97.4,4.9
3.9,16.7,100.3,30,40,100,26.1,23.3,0.0,4.4
1.2,73.0,80.1,30,40,100,28.8,0.0,19.9,4.8
46.6,85.1,185.8,30,40,100,0.0,0.0,0.0,0.0
38.7,5.3,273.0,30,40,100,0.0,34.7,0.0,4.3
21.4,9.2,0.0,30,40,100,8.6,30.8,100.0,5.0
0.0,65.1,85.4,30,40,100,30.0,0.0,14.6,5.0
28.6,42.6,85.2,30,40,100,1.4,0.0,14.8,0.7
0.0,8.8,72.4,30,40,100,30.0,31.2,27.6,5.0
30.0,22.3,0.0,30,40,100,0.0,17.7,100.0,5.0
50.8,33.6,0.0,30,40,100,0.0,6.4,100.0,5.0
0.0,0.0,92.9,30,40,100,30.0,40.0,7.1,5.0
0.0,67.3,0.0,30,40,100,30.0,0.0,100.0,5.0
70.9,17.2,86.3,30,40,100,0.0,22.8,13.7,2.9
8.5,0.0,53.7,30,40,100,21.5,40.0,46.3,5.0
58.3,35.5,84.9,30,40,100,0.0,4.5,15.1,0.8
21.6,6.6,0.0,30,40,100,8.4,33.4,100.0,5.0
21.3,104.4,86.2,30,40,100,8.7,0.0,13.8,1.4
38.4,12.9,2.5,30,40,100,0.0,27.1,97.5,4.9
0.8,0.0,86.5,30,40,100,29.2,40.0,13.5,5.0
29.7,56.9,181.5,30,40,100,0.3,0.0,0.0,0.1
15.1,9.9,94.5,30,40,100,14.9,30.1,5.5,3.8
0.0,5.1,99.5,30,40,100,30.0,34.9,0.5,5.0
35.6,57.0,139.4,30,40,100,0.0,0.0,0.0,0.0
18.5,0.0,0.0,30,40,100,11.5,40.0,100.0,5.0
21.5,0.0,212.1,30,40,100,8.5,40.0,0.0,5.0
0.0,105.9,0.0,30,40,100,30.0,0.0,100.0,5.0
71.3,59.8,144.4,30,40,100,0.0,0.0,0.0,0.0
50.9,25.8,133.7,30,40,100,0.0,14.2,0.0,1.8
53.4,36.3,0.7,30,40,100,0.0,3.7,99.3,5.0
17.3,56.8,154.9,30,40,100,12.7,0.0,0.0,2.1
0.0,75.6,113.6,30,40,100,30.0,0.0,0.0,5.0
81.6,6.0,225.9,30,40,100,0.0,34.0,0.0,4.2
24.2,51.2,89.1,30,40,100,5.8,0.0,10.9,1.0
4.6,16.1,64.7,30,40,100,25.4,23.9,35.3,4.2
37.8,28.8,32.0,30,40,100,0.0,11.2,68.0,3.4
59.2,42.9,0.0,30,40,100,0.0,0.0,100.0,5.0
25.3,36.2,47.8,30,40,100,4.7,3.8,52.2,2.6
62.4,66.0,51.2,30,40,100,0.0,0.0,48.8,2.4
56.8,56.0,94.6,30,40,100,0.0,0.0,5.4,0.3
0.0,0.0,0.0,30,40,100,30.0,40.0,100.0,5.0
6.8,0.0,54.2,30,40,100,23.2,40.0,45.8,5.0
53.2,21.6,120.0,30,40,100,0.0,18.4,0.0,2.3
0.0,110.0,128.0,30,40,100,30.0,0.0,0.0,5.0
21.7,2.2,0.0,30,40,100,8.3,37.8,100.0,5.0
0.0,28.1,130.5,30,40,100,30.0,11.9,0.0,5.0
12.4,14.9,53.6,30,40,100,17.6,25.1,46.4,3.1
17.4,14.1,58.6,30,40,100,12.6,25.9,41.4,3.2
15.7,43.6,0.0,30,40,100,14.3,0.0,100.0,5.0
10.2,92.8,193.9,30,40,100,19.8,0.0,0.0,3.3
0.0,54.8,87.8,30,40,100,30.0,0.0,12.2,5.0
91.2,4.1,0.0,30,40,100,0.0,35.9,100.0,5.0
79.1,147.3,103.8,30,40,100,0.0,0.0,0.0,0.0
0.0,39.6,101.3,30,40,100,30.0,0.4,0.0,5.0
71.0,13.2,172.1,30,40,100,0.0,26.8,0.0,3.4
14.6,93.3,48.5,30,40,100,15.4,0.0,51.5,2.6
29.6,17.6,74.5,30,40,100,0.4,22.4,25.5,2.8
24.1,103.4,21.7,30,40,100,5.9,0.0,78.3,3.9
7.2,1.4,121.7,30,40,100,22.8,38.6,0.0,4.8
54.0,94.0,10.3,30,40,100,0.0,0.0,89.7,4.5
29.5,44.5,1.5,30,40,100,0.5,0.0,98.5,4.9
12.4,88.4,68.0,30,40,100,17.6,0.0,32.0,2.9
0.0,113.0,0.0,30,40,100,30.0,0.0,100.0,5.0
0.5,0.0,202.7,30,40,100,29.5,40.0,0.0,5.0
0.0,87.8,228.9,30,40,100,30.0,0.0,0.0,5.0
26.3,0.0,36.9,30,40,100,3.7,40.0,63.1,5.0
0.0,0.0,0.0,30,40,100,30.0,40.0,100.0,5.0
18.4,4.1,100.6,30,40,100,11.6,35.9,0.0,4.5
65.0,56.7,34.6,30,40,100,0.0,0.0,65.4,3.3
60.1,37.8,168.2,30,40,100,0.0,2.2,0.0,0.3
25.0,29.7,10.0,30,40,100,5.0,10.3,90.0,4.5
23.5,42.3,117.4,30,40,100,6.5,0.0,0.0,1.1
79.5,60.2,82.7,30,40,100,0.0,0.0,17.3,0.9
40.8,63.3,19.0,30,40,100,0.0,0.0,81.0,4.1
16.6,80.5,92.9,30,40,100,13.4,0.0,7.1,2.2
0.0,109.7,144.3,30,40,100,30.0,0.0,0.0,5.0
37.2,35.6,80.5,30,40,100,0.0,4.4,19.5,1.0
49.6,15.5,81.3,30,40,100,0.0,24.5,18.7,3.1
8.0,61.1,3.1,30,40,100,22.0,0.0,96.9,4.8
34.2,0.0,165.8,30,40,100,0.0,40.0,0.0,5.0
15.6,9.1,157.7,30,40,100,14.4,30.9,0.0,3.9
20.7,76.7,40.4,30,40,100,9.3,0.0,59.6,3.0
0.0,31.5,63.5,30,40,100,30.0,8.5,36.5,5.0
19.6,0.0,187.5,30,40,100,10.4,40.0,0.0,5.0
53.6,0.0,0.0,30,40,100,0.0,40.0,100.0,5.0
8.0,38.4,122.2,30,40,100,22.0,1.6,0.0,3.7
27.4,82.4,28.4,30,40,100,2.6,0.0,71.6,3.6
4.4,81.9,216.9,30,40,100,25.6,0.0,0.0,4.3
36.2,40.9,78.6,30,40,100,0.0,0.0,21.4,1.1
19.8,117.3,175.1,30,40,100,10.2,0.0,0.0,1.7
0.0,32.2,12.1,30,40,100,30.0,7.8,87.9,5.0
63.9,30.9,0.0,30,40,100,0.0,9.1,100.0,5.0
52.4,0.0,54.6,30,40,100,0.0,40.0,45.4,5.0
8.7,18.4,94.7,30,40,100,21.3,21.6,5.3,3.6
40.1,70.7,32.3,30,40,100,0.0,0.0,67.7,3.4
41.3,99.4,134.6,30,40,100,0.0,0.0,0.0,0.0
44.2,3.0,56.6,30,40,100,0.0,37.0,43.4,4.6
0.0,55.1,0.0,30,40,100,30.0,0.0,100.0,5.0
54.6,78.6,118.1,30,40,100,0.0,0.0,0.0,0.0
9.7,36.9,2.3,30,40,100,20.3,3.1,97.7,4.9
15.8,0.0,44.3,30,40,100,14.2,40.0,55.7,5.0
101.1,46.4,198.7,30,40,100,0.0,0.0,0.0,0.0
34.5,67.1,216.5,30,40,100,0.0,0.0,0.0,0.0
14.9,0.0,27.1,30,40,100,15.1,40.0,72.9,5.0
0.0,26.2,120.1,30,40,100,30.0,13.8,0.0,5.0
65.5,0.0,29.0,30,40,100,0.0,40.0,71.0,5.0
0.0,0.0,50.4,30,40,100,30.0,40.0,49.6,5.0
0.0,77.8,24.6,30,40,100,30.0,0.0,75.4,5.0
16.5,36.3,0.0,30,40,100,13.5,3.7,100.0,5.0
66.3,100.7,81.2,30,40,100,0.0,0.0,18.8,0.9
48.0,71.0,96.7,30,40,100,0.0,0.0,3.3,0.2
21.5,22.2,19.4,30,40,100,8.5,17.8,80.6,4.0
34.7,33.1,161.2,30,40,100,0.0,6.9,0.0,0.9
8.9,59.2,38.3,30,40,100,21.1,0.0,61.7,3.5
29.9,75.4,22.1,30,40,100,0.1,0.0,77.9,3.9
28.0,49.4,116.0,30,40,100,2.0,0.0,0.0,0.3
53.5,80.9,0.0,30,40,100,0.0,0.0,100.0,5.0
53.5,24.5,146.6,30,40,100,0.0,15.5,0.0,1.9
40.0,0.0,41.1,30,40,100,0.0,40.0,58.9,5.0
15.6,33.8,153.3,30,40,100,14.4,6.2,0.0,2.4
47.1,44.7,177.4,30,40,100,0.0,0.0,0.0,0.0
23.3,0.0,125.1,30,40,100,6.7,40.0,0.0,5.0
0.0,0.0,8.0,30,40,100,30.0,40.0,92.0,5.0
14.5,54.5,0.0,30,40,100,15.5,0.0,100.0,5.0
28.4,20.1,0.0,30,40,100,1.6,19.9,100.0,5.0
51.9,29.8,162.4,30,40,100,0.0,10.2,0.0,1.3
20.7,22.0,62.6,30,40,100,9.3,18.0,37.4,2.2
0.0,97.6,25.2,30,40,100,30.0,0.0,74.8,5.0
27.6,87.2,62.8,30,40,100,2.4,0.0,37.2,1.9
29.2,0.0,160.6,30,40,100,0.8,40.0,0.0,5.0
31.2,15.0,136.3,30,40,100,0.0,25.0,0.0,3.1
52.1,70.7,108.9,30,40,100,0.0,0.0,0.0,0.0
55.0,60.7,124.9,30,40,100,0.0,0.0,0.0,0.0
9.0,34.8,88.0,30,40,100,21.0,5.2,12.0,3.5
8.4,0.0,97.9,30,40,100,21.6,40.0,2.1,5.0
0.0,9.0,91.3,30,40,100,30.0,31.0,8.7,5.0
45.9,15.6,73.5,30,40,100,0.0,24.4,26.5,3.0
67.2,47.6,134.3,30,40,100,0.0,0.0,0.0,0.0
17.0,105.0,102.6,30,40,100,13.0,0.0,0.0,2.2
19.1,8.8,2.5,30,40,100,10.9,31.2,97.5,4.9
67.7,0.0,116.1,30,40,100,0.0,40.0,0.0,5.0
40.3,32.1,93.4,30,40,100,0.0,7.9,6.6,1.0
38.4,78.0,122.8,30,40,100,0.0,0.0,0.0,0.0
0.0,0.0,65.1,30,40,100,30.0,40.0,34.9,5.0
45.3,94.9,139.0,30,40,100,0.0,0.0,0.0,0.0
0.0,29.5,68.5,30,40,100,30.0,10.5,31.5,5.0
0.0,6.9,131.9,30,40,100,30.0,33.1,0.0,5.0
16.1,0.0,36.7,30,40,100,13.9,40.0,63.3,5.0
9.3,64.9,42.3,30,40,100,20.7,0.0,57.7,3.4
19.6,29.6,122.0,30,40,100,10.4,10.4,0.0,1.7
0.0,43.3,46.7,30,40,100,30.0,0.0,53.3,5.0
53.3,0.2,251.4,30,40,100,0.0,39.8,0.0,5.0
58.1,23.6,119.2,30,40,100,0.0,16.4,0.0,2.0
0.0,16.9,75.5,30,40,100,30.0,23.1,24.5,5.0
53.8,32.4,139.6,30,40,100,0.0,7.6,0.0,1.0
2.9,9.5,34.7,30,40,100,27.1,30.5,65.3,4.5
50.4,0.0,147.9,30,40,100,0.0,40.0,0.0,5.0
24.0,146.3,145.7,30,40,100,6.0,0.0,0.0,1.0
26.8,0.0,174.6,30,40,100,3.2,40.0,0.0,5.0
20.7,43.7,37.9,30,40,100,9.3,0.0,62.1,3.1
60.5,0.0,0.0,30,40,100,0.0,40.0,100.0,5.0
0.0,0.0,24.3,30,40,100,30.0,40.0,75.7,5.0
43.3,40.4,50.8,30,40,100,0.0,0.0,49.2,2.5
57.3,43.5,207.9,30,40,100,0.0,0.0,0.0,0.0
46.4,87.2,250.5,30,40,100,0.0,0.0,0.0,0.0
92.2,52.5,101.3,30,40,100,0.0,0.0,0.0,0.0
10.9,30.4,74.3,30,40,100,19.1,9.6,25.7,3.2
53.2,0.0,45.3,30,40,100,0.0,40.0,54.7,5.0
22.9,96.8,140.0,30,40,100,7.1,0.0,0.0,1.2
61.1,73.8,250.0,30,40,100,0.0,0.0,0.0,0.0
25.7,0.0,217.5,30,40,100,4.3,40.0,0.0,5.0
14.9,38.0,165.3,30,40,100,15.1,2.0,0.0,2.5
63.1,42.2,164.1,30,40,100,0.0,0.0,0.0,0.0
12.0,22.5,140.6,30,40,100,18.0,17.5,0.0,3.0
0.0,67.5,69.7,30,40,100,30.0,0.0,30.3,5.0
11.2,69.9,14.1,30,40,100,18.8,0.0,85.9,4.3
43.6,28.8,71.8,30,40,100,0.0,11.2,28.2,1.4
65.6,25.1,107.6,30,40,100,0.0,14.9,0.0,1.9
29.1,96.8,0.0,30,40,100,0.9,0.0,100.0,5.0
63.5,74.0,61.2,30,40,100,0.0,0.0,38.8,1.9
0.0,39.4,6.9,30,40,100,30.0,0.6,93.1,5.0
13.3,0.0,155.3,30,40,100,16.7,40.0,0.0,5.0
17.7,50.3,29.2,30,40,100,12.3,0.0,70.8,3.5
22.7,64.5,100.0,30,40,100,7.3,0.0,0.0,1.2
28.3,0.0,17.0,30,40,100,1.7,40.0,83.0,5.0
45.6,46.6,202.3,30,40,100,0.0,0.0,0.0,0.0
13.3,19.7,0.0,30,40,100,16.7,20.3,100.0,5.0
29.9,27.6,111.9,30,40,100,0.1,12.4,0.0,1.5
24.7,0.0,0.0,30,40,100,5.3,40.0,100.0,5.0
0.0,30.5,32.4,30,40,100,30.0,9.5,67.6,5.0
22.7,92.5,90.1,30,40,100,7.3,0.0,9.9,1.2
21.9,18.5,94.1,30,40,100,8.1,21.5,5.9,2.7
21.3,75.3,92.0,30,40,100,8.7,0.0,8.0,1.4
26.9,4.0,85.7,30,40,100,3.1,36.0,14.3,4.5
28.1,67.0,21.7,30,40,100,1.9,0.0,78.3,3.9
13.6,36.5,60.3,30,40,100,16.4,3.5,39.7,2.7
62.2,50.6,76.0,30,40,100,0.0,0.0,24.0,1.2
0.0,36.7,89.3,30,40,100,30.0,3.3,10.7,5.0
5.4,62.3,68.2,30,40,100,24.6,0.0,31.8,4.1
105.1,0.0,132.3,30,40,100,0.0,40.0,0.0,5.0
0.0,0.0,81.0,30,40,100,30.0,40.0,19.0,5.0
0.0,53.2,89.7,30,40,100,30.0,0.0,10.3,5.0
46.9,0.0,42.6,30,40,100,0.0,40.0,57.4,5.0
0.0,15.1,0.0,30,40,100,30.0,24.9,100.0,5.0
19.3,34.3,85.9,30,40,100,10.7,5.7,14.1,1.8
87.1,3.1,170.9,30,40,100,0.0,36.9,0.0,4.6
0.0,8.6,109.3,30,40,100,30.0,31.4,0.0,5.0
0.0,47.4,7.6,30,40,100,30.0,0.0,92.4,5.0
0.0,77.1,139.2,30,40,100,30.0,0.0,0.0,5.0
51.5,0.0,46.5,30,40,100,0.0,40.0,53.5,5.0
58.0,13.3,131.1,30,40,100,0.0,26.7,0.0,3.3
11.4,7.0,43.8,30,40,100,18.6,33.0,56.2,4.1
45.4,0.0,102.0,30,40,100,0.0,40.0,0.0,5.0
65.5,42.2,31.7,30,40,100,0.0,0.0,68.3,3.4
76.9,74.1,33.7,30,40,100,0.0,0.0,66.3,3.3
18.9,77.4,0.0,30,40,100,11.1,0.0,100.0,5.0
0.0,1.4,114.8,30,40,100,30.0,38.6,0.0,5.0
2.6,0.0,103.3,30,40,100,27.4,40.0,0.0,5.0
13.8,37.3,107.9,30,40,100,16.2,2.7,0.0,2.7
18.6,69.8,95.7,30,40,100,11.4,0.0,4.3,1.9
20.6,42.7,12.0,30,40,100,9.4,0.0,88.0,4.4
57.8,48.1,151.4,30,40,100,0.0,0.0,0.0,0.0
62.2,82.4,153.6,30,40,100,0.0,0.0,0.0,0.0
21.1,6.7,9.9,30,40,100,8.9,33.3,90.1,4.5
57.2,27.6,116.4,30,40,100,0.0,12.4,0.0,1.5
36.1,102.2,144.1,30,40,100,0.0,0.0,0.0,0.0
27.8,28.5,35.6,30,40,100,2.2,11.5,64.4,3.2
51.8,0.0,49.6,30,40,100,0.0,40.0,50.4,5.0
28.0,9.5,116.6,30,40,100,2.0,30.5,0.0,3.8
84.6,0.0,0.0,30,40,100,0.0,40.0,100.0,5.0
0.0,50.8,0.0,30,40,100,30.0,0.0,100.0,5.0
11.3,0.4,0.0,30,40,100,18.7,39.6,100.0,5.0
22.3,47.4,0.0,30,40,100,7.7,0.0,100.0,5.0
38.5,6.8,161.0,30,40,100,0.0,33.2,0.0,4.2
62.1,0.0,0.0,30,40,100,0.0,40.0,100.0,5.0
25.3,48.8,101.2,30,40,100,4.7,0.0,0.0,0.8
0.0,42.4,139.0,30,40,100,30.0,0.0,0.0,5.0
49.9,57.3,49.8,30,40,100,0.0,0.0,50.2,2.5
47.5,9.4,19.6,30,40,100,0.0,30.6,80.4,4.0
0.0,5.1,92.3,30,40,100,30.0,34.9,7.7,5.0
25.8,52.6,73.6,30,40,100,4.2,0.0,26.4,1.3
0.0,97.6,154.4,30,40,100,30.0,0.0,0.0,5.0
7.0,36.9,0.0,30,40,100,23.0,3.1,100.0,5.0
0.2,53.5,0.0,30,40,100,29.8,0.0,100.0,5.0
49.0,23.5,118.8,30,40,100,0.0,16.5,0.0,2.1
29.3,0.0,77.6,30,40,100,0.7,40.0,22.4,5.0
0.0,75.4,134.1,30,40,100,30.0,0.0,0.0,5.0
51.0,73.0,94.6,30,40,100,0.0,0.0,5.4,0.3
0.0,65.1,62.6,30,40,100,30.0,0.0,37.4,5.0
35.4,29.1,49.1,30,40,100,0.0,10.9,50.9,2.5
2.8,60.5,261.0,30,40,100,27.2,0.0,0.0,4.5
15.5,72.4,197.3,30,40,100,14.5,0.0,0.0,2.4
40.3,101.7,113.5,30,40,100,0.0,0.0,0.0,0.0
40.8,76.2,79.8,30,40,100,0.0,0.0,20.2,1.0
64.0,39.0,116.9,30,40,100,0.0,1.0,0.0,0.1
23.6,0.0,140.2,30,40,100,6.4,40.0,0.0,5.0
34.7,42.7,107.3,30,40,100,0.0,0.0,0.0,0.0
13.5,46.8,12.9,30,40,100,16.5,0.0,87.1,4.4
31.1,65.0,217.4,30,40,100,0.0,0.0,0.0,0.0
38.5,90.9,93.4,30,40,100,0.0,0.0,6.6,0.3
23.2,32.6,235.9,30,40,100,6.8,7.4,0.0,1.1
0.0,121.0,88.6,30,40,100,30.0,0.0,11.4,5.0
35.4,0.0,53.7,30,40,100,0.0,40.0,46.3,5.0
36.3,53.3,185.1,30,40,100,0.0,0.0,0.0,0.0
6.6,4.3,97.8,30,40,100,23.4,35.7,2.2,4.5
0.0,0.0,84.3,30,40,100,30.0,40.0,15.7,5.0
68.0,28.3,0.0,30,40,100,0.0,11.7,100.0,5.0
39.9,0.0,126.7,30,40,100,0.0,40.0,0.0,5.0
19.4,30.0,33.7,30,40,100,10.6,10.0,66.3,3.3
0.0,37.8,37.4,30,40,100,30.0,2.2,62.6,5.0
2.5,81.5,33.9,30,40,100,27.5,0.0,66.1,4.6
63.0,0.0,108.9,30,40,100,0.0,40.0,0.0,5.0
29.9,73.0,0.0,30,40,100,0.1,0.0,100.0,5.0
10.3,40.4,56.5,30,40,100,19.7,0.0,43.5,3.3
40.5,77.9,152.6,30,40,100,0.0,0.0,0.0,0.0
2.8,19.1,0.0,30,40,100,27.2,20.9,100.0,5.0
68.7,0.0,87.4,30,40,100,0.0,40.0,12.6,5.0
64.5,0.0,22.6,30,40,100,0.0,40.0,77.4,5.0
12.7,0.0,40.9,30,40,100,17.3,40.0,59.1,5.0
8.0,55.7,207.0,30,40,100,22.0,0.0,0.0,3.7
0.0,95.9,0.0,30,40,100,30.0,0.0,100.0,5.0
0.0,13.7,135.2,30,40,100,30.0,26.3,0.0,5.0
0.0,61.8,35.0,30,40,100,30.0,0.0,65.0,5.0
29.8,0.0,30.9,30,40,100,0.2,40.0,69.1,5.0
16.7,43.7,0.0,30,40,100,13.3,0.0,100.0,5.0
0.0,63.4,134.3,30,40,100,30.0,0.0,0.0,5.0
17.9,0.0,58.1,30,40,100,12.1,40.0,41.9,5.0
40.3,28.2,47.9,30,40,100,0.0,11.8,52.1,2.6
41.0,65.3,82.4,30,40,100,0.0,0.0,17.6,0.9
0.0,0.0,59.8,30,40,100,30.0,40.0,40.2,5.0
22.3,90.2,0.0,30,40,100,7.7,0.0,100.0,5.0
0.0,50.7,33.9,30,40,100,30.0,0.0,66.1,5.0
51.6,65.3,145.7,30,40,100,0.0,0.0,0.0,0.0
48.3,19.8,0.0,30,40,100,0.0,20.2,100.0,5.0
0.4,0.0,0.0,30,40,100,29.6,40.0,100.0,5.0
4.1,57.9,39.1,30,40,100,25.9,0.0,60.9,4.3
12.8,33.1,15.0,30,40,100,17.2,6.9,85.0,4.2
0.0,37.7,71.2,30,40,100,30.0,2.3,28.8,5.0
35.5,80.2,0.0,30,40,100,0.0,0.0,100.0,5.0
18.2,67.1,42.2,30,40,100,11.8,0.0,57.8,2.9
53.6,113.8,69.6,30,40,100,0.0,0.0,30.4,1.5
0.0,42.6,125.8,30,40,100,30.0,0.0,0.0,5.0
8.3,8.6,173.9,30,40,100,21.7,31.4,0.0,3.9
0.0,28.9,52.4,30,40,100,30.0,11.1,47.6,5.0
0.0,53.2,225.8,30,40,100,30.0,0.0,0.0,5.0
0.0,77.3,58.7,30,40,100,30.0,0.0,41.3,5.0
54.3,0.0,140.3,30,40,100,0.0,40.0,0.0,5.0
6.1,36.8,229.3,30,40,100,23.9,3.2,0.0,4.0
29.5,101.2,84.7,30,40,100,0.5,0.0,15.3,0.8
15.1,26.8,0.0,30,40,100,14.9,13.2,100.0,5.0
0.0,73.9,80.8,30,40,100,30.0,0.0,19.2,5.0
21.2,56.3,24.2,30,40,100,8.8,0.0,75.8,3.8
43.0,74.9,51.4,30,40,100,0.0,0.0,48.6,2.4
0.0,3.9,233.6,30,40,100,30.0,36.1,0.0,5.0
49.0,4.0,0.0,30,40,100,0.0,36.0,100.0,5.0
1.8,37.3,97.7,30,40,100,28.2,2.7,2.3,4.7
12.2,0.0,2.7,30,40,100,17.8,40.0,97.3,5.0
41.1,25.6,48.7,30,40,100,0.0,14.4,51.3,2.6
7.1,46.6,133.6,30,40,100,22.9,0.0,0.0,3.8
27.0,108.3,99.2,30,40,100,3.0,0.0,0.8,0.5
17.0,52.7,55.3,30,40,100,13.0,0.0,44.7,2.2
29.6,61.6,21.1,30,40,100,0.4,0.0,78.9,3.9
0.0,83.3,99.0,30,40,100,30.0,0.0,1.0,5.0
0.0,0.0,211.2,30,40,100,30.0,40.0,0.0,5.0
43.5,29.8,0.8,30,40,100,0.0,10.2,99.2,5.0
55.5,134.1,227.7,30,40,100,0.0,0.0,0.0,0.0
0.0,33.3,170.2,30,40,100,30.0,6.7,0.0,5.0
19.0,81.4,183.9,30,40,100,11.0,0.0,0.0,1.8
34.3,75.2,98.4,30,40,100,0.0,0.0,1.6,0.1
45.7,0.0,167.9,30,40,100,0.0,40.0,0.0,5.0
0.0,48.9,0.0,30,40,100,30.0,0.0,100.0,5.0
0.7,42.4,19.6,30,40,100,29.3,0.0,80.4,4.9
16.5,49.7,135.3,30,40,100,13.5,0.0,0.0,2.2
46.0,6.1,97.4,30,40,100,0.0,33.9,2.6,4.2
97.1,0.0,61.5,30,40,100,0.0,40.0,38.5,5.0
19.5,17.3,0.0,30,40,100,10.5,22.7,100.0,5.0
0.0,32.5,38.4,30,40,100,30.0,7.5,61.6,5.0
37.4,84.1,0.0,30,40,100,0.0,0.0,100.0,5.0
63.6,109.6,113.3,30,40,100,0.0,0.0,0.0,0.0
29.0,92.7,58.1,30,40,100,1.0,0.0,41.9,2.1
0.1,71.1,22.8,30,40,100,29.9,0.0,77.2,5.0
53.2,0.0,286.6,30,40,100,0.0,40.0,0.0,5.0
44.8,20.0,157.2,30,40,100,0.0,20.0,0.0,2.5
0.0,44.9,158.6,30,40,100,30.0,0.0,0.0,5.0
36.8,11.0,251.1,30,40,100,0.0,29.0,0.0,3.6
54.4,59.7,138.2,30,40,100,0.0,0.0,0.0,0.0
59.6,65.4,11.3,30,40,100,0.0,0.0,88.7,4.4
24.1,58.0,1.9,30,40,100,5.9,0.0,98.1,4.9
15.8,77.7,151.3,30,40,100,14.2,0.0,0.0,2.4
60.9,0.0,0.0,30,40,100,0.0,40.0,100.0,5.0
0.0,74.0,67.2,30,40,100,30.0,0.0,32.8,5.0
38.4,8.5,0.0,30,40,100,0.0,31.5,100.0,5.0
0.0,0.0,81.5,30,40,100,30.0,40.0,18.5,5.0
56.3,57.9,142.4,30,40,100,0.0,0.0,0.0,0.0
18.6,85.4,96.0,30,40,100,11.4,0.0,4.0,1.9
62.1,56.1,149.1,30,40,100,0.0,0.0,0.0,0.0
39.9,37.3,231.9,30,40,100,0.0,2.7,0.0,0.3
0.0,48.9,61.9,30,40,100,30.0,0.0,38.1,5.0
66.5,41.9,299.9,30,40,100,0.0,0.0,0.0,0.0
70.1,0.0,90.6,30,40,100,0.0,40.0,9.4,5.0
51.1,0.0,150.0,30,40,100,0.0,40.0,0.0,5.0
4.3,33.3,24.2,30,40,100,25.7,6.7,75.8,4.3
17.2,39.7,204.1,30,40,100,12.8,0.3,0.0,2.1
30.1,36.9,157.5,30,40,100,0.0,3.1,0.0,0.4
5.9,63.7,192.2,30,40,100,24.1,0.0,0.0,4.0
74.1,27.8,77.9,30,40,100,0.0,12.2,22.1,1.5
30.1,59.1,0.0,30,40,100,0.0,0.0,100.0,5.0
0.0,30.6,110.6,30,40,100,30.0,9.4,0.0,5.0
35.6,109.8,0.0,30,40,100,0.0,0.0,100.0,5.0
16.0,39.7,46.4,30,40,100,14.0,0.3,53.6,2.7
23.8,130.6,88.9,30,40,100,6.2,0.0,11.1,1.0
15.5,50.6,265.2,30,40,100,14.5,0.0,0.0,2.4
48.9,27.8,99.2,30,40,100,0.0,12.2,0.8,1.5
57.8,0.2,84.7,30,40,100,0.0,39.8,15.3,5.0
34.0,0.0,68.4,30,40,100,0.0,40.0,31.6,5.0
16.3,0.0,0.0,30,40,100,13.7,40.0,100.0,5.0
24.8,1.0,80.4,30,40,100,5.2,39.0,19.6,4.9
26.5,52.3,81.8,30,40,100,3.5,0.0,18.2,0.9
3.1,15.3,0.0,30,40,100,26.9,24.7,100.0,5.0
42.4,44.0,0.0,30,40,100,0.0,0.0,100.0,5.0
39.1,88.0,34.7,30,40,100,0.0,0.0,65.3,3.3
69.8,32.9,78.7,30,40,100,0.0,7.1,21.3,1.1
61.7,120.1,36.6,30,40,100,0.0,0.0,63.4,3.2
6.4,0.0,0.0,30,40,100,23.6,40.0,100.0,5.0
49.3,30.4,96.8,30,40,100,0.0,9.6,3.2,1.2
0.0,14.7,117.0,30,40,100,30.0,25.3,0.0,5.0
45.8,74.1,83.3,30,40,100,0.0,0.0,16.7,0.8
11.2,0.0,28.1,30,40,100,18.8,40.0,71.9,5.0
0.0,0.0,121.5,30,40,100,30.0,40.0,0.0,5.0
33.9,32.1,58.1,30,40,100,0.0,7.9,41.9,2.1
0.0,98.9,0.0,30,40,100,30.0,0.0,100.0,5.0
0.0,45.5,157.1,30,40,100,30.0,0.0,0.0,5.0
20.9,0.0,102.0,30,40,100,9.1,40.0,0.0,5.0
28.3,0.0,63.9,30,40,100,1.7,40.0,36.1,5.0
15.4,103.8,0.0,30,40,100,14.6,0.0,100.0,5.0
0.0,11.4,13.4,30,40,100,30.0,28.6,86.6,5.0
2.7,0.0,236.3,30,40,100,27.3,40.0,0.0,5.0
37.1,95.9,0.0,30,40,100,0.0,0.0,100.0,5.0
42.5,77.1,53.2,30,40,100,0.0,0.0,46.8,2.3
25.5,87.7,72.2,30,40,100,4.5,0.0,27.8,1.4
58.9,0.0,99.3,30,40,100,0.0,40.0,0.7,5.0
37.3,0.0,0.0,30,40,100,0.0,40.0,100.0,5.0
4.7,41.8,87.5,30,40,100,25.3,0.0,12.5,4.2
18.0,49.9,0.0,30,40,100,12.0,0.0,100.0,5.0
0.0,51.1,81.4,30,40,100,30.0,0.0,18.6,5.0
22.9,95.9,20.9,30,40,100,7.1,0.0,79.1,4.0
57.6,0.0,3.7,30,40,100,0.0,40.0,96.3,5.0
45.5,71.0,140.8,30,40,100,0.0,0.0,0.0,0.0
65.9,0.0,54.5,30,40,100,0.0,40.0,45.5,5.0
17.3,70.9,111.7,30,40,100,12.7,0.0,0.0,2.1
64.3,17.3,114.4,30,40,100,0.0,22.7,0.0,2.8
20.4,3.7,175.9,30,40,100,9.6,36.3,0.0,4.5
67.9,11.9,0.0,30,40,100,0.0,28.1,100.0,5.0
25.3,0.0,147.6,30,40,100,4.7,40.0,0.0,5.0
46.1,38.1,74.8,30,40,100,0.0,1.9,25.2,1.3
68.0,5.4,43.0,30,40,100,0.0,34.6,57.0,4.3
20.4,68.1,0.0,30,40,100,9.6,0.0,100.0,5.0
32.2,62.2,122.4,30,40,100,0.0,0.0,0.0,0.0
62.7,104.4,0.0,30,40,100,0.0,0.0,100.0,5.0
22.2,51.2,115.3,30,40,100,7.8,0.0,0.0,1.3
0.0,57.4,229.0,30,40,100,30.0,0.0,0.0,5.0
87.0,92.8,152.5,30,40,100,0.0,0.0,0.0,0.0
12.6,11.2,185.7,30,40,100,17.4,28.8,0.0,3.6
30.5,0.0,15.5,30,40,100,0.0,40.0,84.5,5.0
58.9,44.5,135.0,30,40,100,0.0,0.0,0.0,0.0
8.6,0.0,0.0,30,40,100,21.4,40.0,100.0,5.0
0.0,135.2,54.7,30,40,100,30.0,0.0,45.3,5.0
33.2,95.0,213.9,30,40,100,0.0,0.0,0.0,0.0
0.0,123.5,24.5,30,40,100,30.0,0.0,75.5,5.0
17.8,39.0,163.1,30,40,100,12.2,1.0,0.0,2.0
32.9,58.6,155.4,30,40,100,0.0,0.0,0.0,0.0
18.3,18.0,160.2,30,40,100,11.7,22.0,0.0,2.8
0.0,72.0,0.0,30,40,100,30.0,0.0,100.0,5.0
71.4,0.0,115.9,30,40,100,0.0,40.0,0.0,5.0
28.9,0.0,60.9,30,40,100,1.1,40.0,39.1,5.0
66.7,4.6,161.3,30,40,100,0.0,35.4,0.0,4.4
18.5,0.0,0.0,30,40,100,11.5,40.0,100.0,5.0
0.9,95.9,103.2,30,40,100,29.1,0.0,0.0,4.9
33.6,109.5,91.8,30,40,100,0.0,0.0,8.2,0.4
19.8,0.0,0.0,30,40,100,10.2,40.0,100.0,5.0
0.0,88.4,2.1,30,40,100,30.0,0.0,97.9,5.0
67.8,74.7,0.0,30,40,100,0.0,0.0,100.0,5.0
8.2,0.0,14.9,30,40,100,21.8,40.0,85.1,5.0
0.0,20.7,117.8,30,40,100,30.0,19.3,0.0,5.0
63.8,13.1,89.3,30,40,100,0.0,26.9,10.7,3.4
11.6,66.6,87.2,30,40,100,18.4,0.0,12.8,3.1
8.6,0.0,0.0,30,40,100,21.4,40.0,100.0,5.0
0.0,32.5,163.9,30,40,100,30.0,7.5,0.0,5.0
75.5,8.8,72.0,30,40,100,0.0,31.2,28.0,3.9
0.0,55.5,76.2,30,40,100,30.0,0.0,23.8,5.0
27.6,27.7,149.3,30,40,100,2.4,12.3,0.0,1.5
51.9,14.9,0.0,30,40,100,0.0,25.1,100.0,5.0
38.0,27.9,91.9,30,40,100,0.0,12.1,8.1,1.5
24.3,118.4,107.6,30,40,100,5.7,0.0,0.0,0.9
0.0,19.7,29.5,30,40,100,30.0,20.3,70.5,5.0
2.9,0.0,126.1,30,40,100,27.1,40.0,0.0,5.0
31.3,59.9,112.0,30,40,100,0.0,0.0,0.0,0.0
3.5,30.7,65.3,30,40,100,26.5,9.3,34.7,4.4
31.7,0.0,62.8,30,40,100,0.0,40.0,37.2,5.0
45.4,126.3,115.7,30,40,100,0.0,0.0,0.0,0.0
53.4,22.3,137.1,30,40,100,0.0,17.7,0.0,2.2
0.0,21.2,78.6,30,40,100,30.0,18.8,21.4,5.0
88.5,42.9,163.8,30,40,100,0.0,0.0,0.0,0.0
47.8,106.1,126.6,30,40,100,0.0,0.0,0.0,0.0
25.9,0.0,0.0,30,40,100,4.1,40.0,100.0,5.0
57.0,47.6,0.0,30,40,100,0.0,0.0,100.0,5.0
93.3,120.4,168.8,30,40,100,0.0,0.0,0.0,0.0
0.0,41.6,53.6,30,40,100,30.0,0.0,46.4,5.0
19.5,0.0,86.7,30,40,100,10.5,40.0,13.3,5.0
0.0,11.6,165.4,30,40,100,30.0,28.4,0.0,5.0
31.4,44.8,73.0,30,40,100,0.0,0.0,27.0,1.4
36.4,90.0,76.5,30,40,100,0.0,0.0,23.5,1.2
24.8,22.8,3.4,30,40,100,5.2,17.2,96.6,4.8
7.3,69.7,103.3,30,40,100,22.7,0.0,0.0,3.8
0.0,0.0,120.8,30,40,100,30.0,40.0,0.0,5.0
36.6,0.0,26.9,30,40,100,0.0,40.0,73.1,5.0
67.4,17.0,0.0,30,40,100,0.0,23.0,100.0,5.0
9.1,94.3,285.3,30,40,100,20.9,0.0,0.0,3.5
38.5,39.2,66.0,30,40,100,0.0,0.8,34.0,1.7
0.0,48.1,18.4,30,40,100,30.0,0.0,81.6,5.0
39.0,47.6,130.5,30,40,100,0.0,0.0,0.0,0.0
14.7,81.1,69.4,30,40,100,15.3,0.0,30.6,2.6
4.2,11.9,0.0,30,40,100,25.8,28.1,100.0,5.0
4.3,64.1,112.5,30,40,100,25.7,0.0,0.0,4.3
14.7,3.0,4.7,30,40,100,15.3,37.0,95.3,4.8
36.8,116.3,200.6,30,40,100,0.0,0.0,0.0,0.0
0.0,4.2,113.4,30,40,100,30.0,35.8,0.0,5.0
14.6,0.9,51.2,30,40,100,15.4,39.1,48.8,4.9
24.8,58.6,82.3,30,40,100,5.2,0.0,17.7,0.9
0.0,39.7,146.3,30,40,100,30.0,0.3,0.0,5.0
77.1,49.6,88.5,30,40,100,0.0,0.0,11.5,0.6
1.6,45.6,244.6,30,40,100,28.4,0.0,0.0,4.7
6.9,0.0,165.1,30,40,100,23.1,40.0,0.0,5.0
0.0,101.4,112.8,30,40,100,30.0,0.0,0.0,5.0
77.2,72.4,0.0,30,40,100,0.0,0.0,100.0,5.0
41.7,91.1,61.6,30,40,100,0.0,0.0,38.4,1.9
0.0,15.2,112.1,30,40,100,30.0,24.8,0.0,5.0
57.5,53.2,7.1,30,40,100,0.0,0.0,92.9,4.6
31.7,44.4,177.8,30,40,100,0.0,0.0,0.0,0.0
33.3,81.8,0.0,30,40,100,0.0,0.0,100.0,5.0
16.1,83.1,22.1,30,40,100,13.9,0.0,77.9,3.9
4.6,44.2,28.1,30,40,100,25.4,0.0,71.9,4.2
35.6,0.0,133.5,30,40,100,0.0,40.0,0.0,5.0
10.4,108.1,8.6,30,40,100,19.6,0.0,91.4,4.6
77.7,58.8,0.0,30,40,100,0.0,0.0,100.0,5.0
0.0,12.0,161.2,30,40,100,30.0,28.0,0.0,5.0
69.7,52.8,37.7,30,40,100,0.0,0.0,62.3,3.1
22.8,0.0,0.0,30,40,100,7.2,40.0,100.0,5.0
34.5,78.9,12.6,30,40,100,0.0,0.0,87.4,4.4
49.7,0.0,211.9,30,40,100,0.0,40.0,0.0,5.0
8.0,27.6,20.5,30,40,100,22.0,12.4,79.5,4.0
50.6,46.3,63.5,30,40,100,0.0,0.0,36.5,1.8
0.0,78.3,37.5,30,40,100,30.0,0.0,62.5,5.0
5.4,40.7,0.0,30,40,100,24.6,0.0,100.0,5.0
0.0,62.0,13.6,30,40,100,30.0,0.0,86.4,5.0
0.0,35.3,0.0,30,40,100,30.0,4.7,100.0,5.0
19.8,35.2,150.6,30,40,100,10.2,4.8,0.0,1.7
36.9,39.9,81.6,30,40,100,0.0,0.1,18.4,0.9
46.0,28.8,273.7,30,40,100,0.0,11.2,0.0,1.4
32.8,0.0,16.3,30,40,100,0.0,40.0,83.7,5.0
7.0,5.5,4.2,30,40,100,23.0,34.5,95.8,4.8
36.5,46.3,197.2,30,40,100,0.0,0.0,0.0,0.0
29.5,26.4,158.8,30,40,100,0.5,13.6,0.0,1.7
52.6,30.2,104.5,30,40,100,0.0,9.8,0.0,1.2
48.1,23.4,0.0,30,40,100,0.0,16.6,100.0,5.0
26.8,1.7,214.2,30,40,100,3.2,38.3,0.0,4.8
0.4,16.6,67.7,30,40,100,29.6,23.4,32.3,4.9
7.4,24.1,38.8,30,40,100,22.6,15.9,61.2,3.8
10.3,36.7,165.7,30,40,100,19.7,3.3,0.0,3.3
17.0,52.3,71.7,30,40,100,13.0,0.0,28.3,2.2
33.6,29.2,0.0,30,40,100,0.0,10.8,100.0,5.0
46.3,0.0,76.7,30,40,100,0.0,40.0,23.3,5.0
24.5,0.0,10.5,30,40,100,5.5,40.0,89.5,5.0
26.4,141.0,0.0,30,40,100,3.6,0.0,100.0,5.0
30.0,0.0,2.4,30,40,100,0.0,40.0,97.6,5.0
11.3,15.6,30.9,30,40,100,18.7,24.4,69.1,3.5
0.0,57.3,0.0,30,40,100,30.0,0.0,100.0,5.0
0.0,51.0,119.9,30,40,100,30.0,0.0,0.0,5.0
6.2,57.4,10.8,30,40,100,23.8,0.0,89.2,4.5
39.4,18.6,112.1,30,40,100,0.0,21.4,0.0,2.7
5.9,46.0,0.0,30,40,100,24.1,0.0,100.0,5.0
19.2,38.9,146.8,30,40,100,10.8,1.1,0.0,1.8
39.2,23.9,0.0,30,40,100,0.0,16.1,100.0,5.0
40.8,46.3,0.0,30,40,100,0.0,0.0,100.0,5.0
0.0,78.9,173.3,30,40,100,30.0,0.0,0.0,5.0
54.3,35.6,4.5,30,40,100,0.0,4.4,95.5,4.8
58.1,35.8,215.2,30,40,100,0.0,4.2,0.0,0.5
0.0,79.4,119.0,30,40,100,30.0,0.0,0.0,5.0
2.5,75.1,137.2,30,40,100,27.5,0.0,0.0,4.6
59.9,100.2,157.8,30,40,100,0.0,0.0,0.0,0.0
21.8,0.0,82.6,30,40,100,8.2,40.0,17.4,5.0
0.0,72.9,83.5,30,40,100,30.0,0.0,16.5,5.0
0.0,60.7,176.8,30,40,100,30.0,0.0,0.0,5.0
18.9,0.8,82.5,30,40,100,11.1,39.2,17.5,4.9
0.0,46.6,14.8,30,40,100,30.0,0.0,85.2,5.0
14.2,78.7,120.7,30,40,100,15.8,0.0,0.0,2.6
26.9,3.1,0.0,30,40,100,3.1,36.9,100.0,5.0
67.6,54.3,179.9,30,40,100,0.0,0.0,0.0,0.0
17.7,71.5,181.6,30,40,100,12.3,0.0,0.0,2.1
56.5,0.0,170.1,30,40,100,0.0,40.0,0.0,5.0
66.6,30.7,167.0,30,40,100,0.0,9.3,0.0,1.2
66.8,48.6,66.7,30,40,100,0.0,0.0,33.3,1.7
34.1,4.4,64.9,30,40,100,0.0,35.6,35.1,4.4
0.0,1.1,0.0,30,40,100,30.0,38.9,100.0,5.0
39.1,31.0,214.5,30,40,100,0.0,9.0,0.0,1.1
55.8,68.7,34.4,30,40,100,0.0,0.0,65.6,3.3
23.6,62.4,100.9,30,40,100,6.4,0.0,0.0,1.1
75.6,1.8,94.0,30,40,100,0.0,38.2,6.0,4.8
50.4,62.7,0.0,30,40,100,0.0,0.0,100.0,5.0
42.1,2.8,0.0,30,40,100,0.0,37.2,100.0,5.0
56.9,0.0,73.9,30,40,100,0.0,40.0,26.1,5.0
35.4,21.7,36.9,30,40,100,0.0,18.3,63.1,3.2
0.0,81.6,66.3,30,40,100,30.0,0.0,33.7,5.0
11.7,62.8,159.4,30,40,100,18.3,0.0,0.0,3.0
60.0,36.4,91.6,30,40,100,0.0,3.6,8.4,0.5
3.0,19.7,134.7,30,40,100,27.0,20.3,0.0,4.5
19.6,20.8,109.4,30,40,100,10.4,19.2,0.0,2.4
0.0,40.8,48.0,30,40,100,30.0,0.0,52.0,5.0
76.8,0.0,0.0,30,40,100,0.0,40.0,100.0,5.0
73.8,22.4,94.8,30,40,100,0.0,17.6,5.2,2.2
0.8,27.8,80.3,30,40,100,29.2,12.2,19.7,4.9
30.1,0.0,147.3,30,40,100,0.0,40.0,0.0,5.0
6.6,2.7,61.3,30,40,100,23.4,37.3,38.7,4.7
43.5,53.0,49.5,30,40,100,0.0,0.0,50.5,2.5
40.5,36.8,55.0,30,40,100,0.0,3.2,45.0,2.2
49.1,24.0,0.0,30,40,100,0.0,16.0,100.0,5.0
35.4,0.0,190.2,30,40,100,0.0,40.0,0.0,5.0
109.5,99.9,165.4,30,40,100,0.0,0.0,0.0,0.0
0.0,2.7,0.0,30,40,100,30.0,37.3,100.0,5.0
0.0,46.6,138.3,30,40,100,30.0,0.0,0.0,5.0
14.8,16.8,0.0,30,40,100,15.2,23.2,100.0,5.0
0.0,37.9,153.0,30,40,100,30.0,2.1,0.0,5.0
0.0,54.9,17.3,30,40,100,30.0,0.0,82.7,5.0
0.0,0.0,102.5,30,40,100,30.0,40.0,0.0,5.0
0.0,36.2,0.0,30,40,100,30.0,3.8,100.0,5.0
0.0,84.4,0.0,30,40,100,30.0,0.0,100.0,5.0
40.7,107.3,111.3,30,40,100,0.0,0.0,0.0,0.0
11.5,31.2,17.0,30,40,100,18.5,8.8,83.0,4.1
20.8,38.1,5.8,30,40,100,9.2,1.9,94.2,4.7
51.4,125.4,186.1,30,40,100,0.0,0.0,0.0,0.0
4.1,82.1,251.8,30,40,100,25.9,0.0,0.0,4.3
18.4,11.6,149.1,30,40,100,11.6,28.4,0.0,3.6
36.4,11.5,0.0,30,40,100,0.0,28.5,100.0,5.0
0.0,74.9,215.7,30,40,100,30.0,0.0,0.0,5.0
0.0,0.0,0.0,30,40,100,30.0,40.0,100.0,5.0
35.8,80.2,48.9,30,40,100,0.0,0.0,51.1,2.6
40.0,49.9,77.9,30,40,100,0.0,0.0,22.1,1.1
84.7,57.3,228.7,30,40,100,0.0,0.0,0.0,0.0
30.5,26.1,147.1,30,40,100,0.0,13.9,0.0,1.7
49.3,11.1,36.1,30,40,100,0.0,28.9,63.9,3.6
20.4,95.3,0.0,30,40,100,9.6,0.0,100.0,5.0
34.4,26.5,154.3,30,40,100,0.0,13.5,0.0,1.7
73.4,19.9,30.5,30,40,100,0.0,20.1,69.5,3.5
0.0,33.2,91.0,30,40,100,30.0,6.8,9.0,5.0
37.7,44.2,0.0,30,40,100,0.0,0.0,100.0,5.0
86.8,0.0,119.4,30,40,100,0.0,40.0,0.0,5.0
34.0,13.7,112.9,30,40,100,0.0,26.3,0.0,3.3
73.0,11.6,0.0,30,40,100,0.0,28.4,100.0,5.0
8.0,70.5,156.7,30,40,100,22.0,0.0,0.0,3.7
25.0,0.8,118.2,30,40,100,5.0,39.2,0.0,4.9
26.9,0.0,133.2,30,40,100,3.1,40.0,0.0,5.0
0.0,0.0,43.0,30,40,100,30.0,40.0,57.0,5.0
0.0,0.0,87.9,30,40,100,30.0,40.0,12.1,5.0
0.0,91.2,78.6,30,40,100,30.0,0.0,21.4,5.0
49.4,37.1,61.5,30,40,100,0.0,2.9,38.5,1.9
50.8,56.6,87.2,30,40,100,0.0,0.0,12.8,0.6
35.2,58.0,174.8,30,40,100,0.0,0.0,0.0,0.0
49.4,38.7,160.2,30,40,100,0.0,1.3,0.0,0.2
21.3,33.4,0.0,30,40,100,8.7,6.6,100.0,5.0
60.2,78.5,153.0,30,40,100,0.0,0.0,0.0,0.0
26.2,42.3,169.6,30,40,100,3.8,0.0,0.0,0.6
27.6,92.8,61.3,30,40,100,2.4,0.0,38.7,1.9
18.4,61.4,114.5,30,40,100,11.6,0.0,0.0,1.9
45.4,11.6,113.3,30,40,100,0.0,28.4,0.0,3.6
14.0,16.4,4.9,30,40,100,16.0,23.6,95.1,4.8
53.8,7.2,42.7,30,40,100,0.0,32.8,57.3,4.1
0.0,85.4,134.0,30,40,100,30.0,0.0,0.0,5.0
0.0,20.1,33.5,30,40,100,30.0,19.9,66.5,5.0
45.5,4.3,152.2,30,40,100,0.0,35.7,0.0,4.5
23.4,49.3,178.7,30,40,100,6.6,0.0,0.0,1.1
13.0,32.5,165.7,30,40,100,17.0,7.5,0.0,2.8
51.3,48.3,233.2,30,40,100,0.0,0.0,0.0,0.0
8.7,112.5,66.2,30,40,100,21.3,0.0,33.8,3.6
20.3,73.2,87.8,30,40,100,9.7,0.0,12.2,1.6
65.8,37.5,99.4,30,40,100,0.0,2.5,0.6,0.3
69.8,0.0,68.6,30,40,100,0.0,40.0,31.4,5.0
70.7,16.3,117.2,30,40,100,0.0,23.7,0.0,3.0
17.9,65.1,0.0,30,40,100,12.1,0.0,100.0,5.0
61.0,0.0,90.0,30,40,100,0.0,40.0,10.0,5.0
0.0,122.6,0.0,30,40,100,30.0,0.0,100.0,5.0
0.1,37.0,0.0,30,40,100,29.9,3.0,100.0,5.0
0.0,38.4,132.6,30,40,100,30.0,1.6,0.0,5.0
73.6,9.6,57.4,30,40,100,0.0,30.4,42.6,3.8
1.3,56.4,129.8,30,40,100,28.7,0.0,0.0,4.8
22.3,0.0,55.7,30,40,100,7.7,40.0,44.3,5.0
0.0,123.6,162.7,30,40,100,30.0,0.0,0.0,5.0
45.7,89.5,54.2,30,40,100,0.0,0.0,45.8,2.3
15.3,76.1,0.0,30,40,100,14.7,0.0,100.0,5.0
0.0,0.0,91.7,30,40,100,30.0,40.0,8.3,5.0
38.5,44.7,0.0,30,40,100,0.0,0.0,100.0,5.0
0.0,85.1,0.0,30,40,100,30.0,0.0,100.0,5.0
2.1,60.3,2.3,30,40,100,27.9,0.0,97.7,4.9
0.0,0.0,0.0,30,40,100,30.0,40.0,100.0,5.0
0.0,10.3,29.5,30,40,100,30.0,29.7,70.5,5.0
31.0,18.3,0.0,30,40,100,0.0,21.7,100.0,5.0
0.0,12.2,0.0,30,40,100,30.0,27.8,100.0,5.0
0.0,98.0,197.8,30,40,100,30.0,0.0,0.0,5.0
25.9,0.0,18.8,30,40,100,4.1,40.0,81.2,5.0
10.5,62.8,0.0,30,40,100,19.5,0.0,100.0,5.0
82.7,0.0,44.4,30,40,100,0.0,40.0,55.6,5.0
78.2,0.0,0.0,30,40,100,0.0,40.0,100.0,5.0
1.2,0.0,2.1,30,40,100,28.8,40.0,97.9,5.0
41.8,14.4,130.8,30,40,100,0.0,25.6,0.0,3.2
47.3,97.2,37.4,30,40,100,0.0,0.0,62.6,3.1
8.9,47.1,0.0,30,40,100,21.1,0.0,100.0,5.0
0.0,0.0,109.5,30,40,100,30.0,40.0,0.0,5.0
25.6,77.4,166.2,30,40,100,4.4,0.0,0.0,0.7
21.0,86.0,116.8,30,40,100,9.0,0.0,0.0,1.5
13.5,40.6,0.0,30,40,100,16.5,0.0,100.0,5.0
38.5,118.3,0.0,30,40,100,0.0,0.0,100.0,5.0
4.6,69.5,77.3,30,40,100,25.4,0.0,22.7,4.2
0.0,63.9,53.8,30,40,100,30.0,0.0,46.2,5.0
29.1,4.1,47.1,30,40,100,0.9,35.9,52.9,4.5
36.9,61.7,0.0,30,40,100,0.0,0.0,100.0,5.0
0.0,45.2,0.0,30,40,100,30.0,0.0,100.0,5.0
52.4,57.4,235.4,30,40,100,0.0,0.0,0.0,0.0
0.0,8.9,75.7,30,40,100,30.0,31.1,24.3,5.0
9.5,41.6,125.3,30,40,100,20.5,0.0,0.0,3.4
18.6,3.6,74.0,30,40,100,11.4,36.4,26.0,4.6
7.8,0.0,77.2,30,40,100,22.2,40.0,22.8,5.0
9.9,76.6,68.5,30,40,100,20.1,0.0,31.5,3.4
79.2,0.0,0.0,30,40,100,0.0,40.0,100.0,5.0
1.7,40.8,0.0,30,40,100,28.3,0.0,100.0,5.0
95.5,49.8,104.6,30,40,100,0.0,0.0,0.0,0.0
38.4,49.6,88.6,30,40,100,0.0,0.0,11.4,0.6
28.6,25.1,149.2,30,40,100,1.4,14.9,0.0,1.9
39.5,47.4,132.8,30,40,100,0.0,0.0,0.0,0.0
98.0,55.4,8.3,30,40,100,0.0,0.0,91.7,4.6
0.0,66.0,164.8,30,40,100,30.0,0.0,0.0,5.0
0.0,106.2,135.2,30,40,100,30.0,0.0,0.0,5.0
4.5,45.9,129.2,30,40,100,25.5,0.0,0.0,4.2
26.9,39.0,254.9,30,40,100,3.1,1.0,0.0,0.5
0.0,0.0,238.3,30,40,100,30.0,40.0,0.0,5.0
26.6,54.0,129.1,30,40,100,3.4,0.0,0.0,0.6
74.2,63.3,119.1,30,40,100,0.0,0.0,0.0,0.0
30.3,28.7,160.7,30,40,100,0.0,11.3,0.0,1.4
17.6,58.4,26.4,30,40,100,12.4,0.0,73.6,3.7
8.3,24.7,27.5,30,40,100,21.7,15.3,72.5,3.6
51.5,63.5,127.8,30,40,100,0.0,0.0,0.0,0.0
2.4,73.2,4.4,30,40,100,27.6,0.0,95.6,4.8
78.5,72.6,121.3,30,40,100,0.0,0.0,0.0,0.0
81.0,41.2,86.1,30,40,100,0.0,0.0,13.9,0.7
33.3,0.0,4.4,30,40,100,0.0,40.0,95.6,5.0
25.6,11.8,75.6,30,40,100,4.4,28.2,24.4,3.5
55.3,60.4,178.7,30,40,100,0.0,0.0,0.0,0.0
57.1,135.0,80.1,30,40,100,0.0,0.0,19.9,1.0
3.0,22.7,80.5,30,40,100,27.0,17.3,19.5,4.5
11.0,54.8,100.0,30,40,100,19.0,0.0,0.0,3.2
0.0,14.1,110.5,30,40,100,30.0,25.9,0.0,5.0
37.6,0.0,46.8,30,40,100,0.0,40.0,53.2,5.0
44.9,9.2,101.7,30,40,100,0.0,30.8,0.0,3.8
0.0,0.0,0.0,30,40,100,30.0,40.0,100.0,5.0
13.0,90.9,9.1,30,40,100,17.0,0.0,90.9,4.5
0.0,0.0,19.4,30,40,100,30.0,40.0,80.6,5.0
0.4,25.8,111.4,30,40,100,29.6,14.2,0.0,4.9
41.6,0.0,86.4,30,40,100,0.0,40.0,13.6,5.0
5.1,0.9,62.7,30,40,100,24.9,39.1,37.3,4.9
17.4,91.8,129.2,30,40,100,12.6,0.0,0.0,2.1
0.0,44.5,104.0,30,40,100,30.0,0.0,0.0,5.0
31.3,0.0,50.1,30,40,100,0.0,40.0,49.9,5.0
24.7,12.7,0.0,30,40,100,5.3,27.3,100.0,5.0
5.2,5.6,7.4,30,40,100,24.8,34.4,92.6,4.6
20.6,34.7,0.0,30,40,100,9.4,5.3,100.0,5.0
31.1,43.4,84.8,30,40,100,0.0,0.0,15.2,0.8
2.7,112.7,4.0,30,40,100,27.3,0.0,96.0,4.8
0.0,0.0,33.6,30,40,100,30.0,40.0,66.4,5.0
77.4,35.0,63.2,30,40,100,0.0,5.0,36.8,1.8
7.9,23.7,157.7,30,40,100,22.1,16.3,0.0,3.7
23.2,74.5,148.4,30,40,100,6.8,0.0,0.0,1.1
54.7,50.7,69.1,30,40,100,0.0,0.0,30.9,1.5
126.5,60.2,175.6,30,40,100,0.0,0.0,0.0,0.0
0.0,50.3,0.0,30,40,100,30.0,0.0,100.0,5.0
38.8,0.0,224.9,30,40,100,0.0,40.0,0.0,5.0
5.8,85.2,129.3,30,40,100,24.2,0.0,0.0,4.0
10.6,68.6,81.8,30,40,100,19.4,0.0,18.2,3.2
5.4,73.3,1.6,30,40,100,24.6,0.0,98.4,4.9
0.0,87.3,38.2,30,40,100,30.0,0.0,61.8,5.0
24.8,53.3,122.6,30,40,100,5.2,0.0,0.0,0.9
0.0,96.0,124.5,30,40,100,30.0,0.0,0.0,5.0
52.9,51.6,127.4,30,40,100,0.0,0.0,0.0,0.0
27.5,27.6,14.7,30,40,100,2.5,12.4,85.3,4.3
38.0,36.2,0.0,30,40,100,0.0,3.8,100.0,5.0
12.7,35.5,89.2,30,40,100,17.3,4.5,10.8,2.9
15.5,15.5,135.6,30,40,100,14.5,24.5,0.0,3.1
34.1,102.1,73.8,30,40,100,0.0,0.0,26.2,1.3
0.0,48.4,193.0,30,40,100,30.0,0.0,0.0,5.0
15.8,40.3,76.2,30,40,100,14.2,0.0,23.8,2.4
1.5,52.1,73.4,30,40,100,28.5,0.0,26.6,4.8
0.6,156.4,127.6,30,40,100,29.4,0.0,0.0,4.9
0.0,0.0,171.8,30,40,100,30.0,40.0,0.0,5.0
64.1,2.4,0.0,30,40,100,0.0,37.6,100.0,5.0
6.4,0.0,0.0,30,40,100,23.6,40.0,100.0,5.0
59.1,27.1,48.2,30,40,100,0.0,12.9,51.8,2.6
56.4,46.3,328.2,30,40,100,0.0,0.0,0.0,0.0
0.0,17.7,52.4,30,40,100,30.0,22.3,47.6,5.0
0.0,14.7,63.7,30,40,100,30.0,25.3,36.3,5.0
98.9,42.2,123.4,30,40,100,0.0,0.0,0.0,0.0
75.8,16.2,152.3,30,40,100,0.0,23.8,0.0,3.0
25.1,48.9,87.2,30,40,100,4.9,0.0,12.8,0.8
33.3,81.3,167.4,30,40,100,0.0,0.0,0.0,0.0
8.0,63.7,0.0,30,40,100,22.0,0.0,100.0,5.0
38.3,71.9,11.7,30,40,100,0.0,0.0,88.3,4.4
5.5,80.1,167.2,30,40,100,24.5,0.0,0.0,4.1
0.0,47.8,74.4,30,40,100,30.0,0.0,25.6,5.0
0.0,30.1,0.0,30,40,100,30.0,9.9,100.0,5.0
26.6,5.4,0.0,30,40,100,3.4,34.6,100.0,5.0
0.0,20.7,8.1,30,40,100,30.0,19.3,91.9,5.0
24.0,15.4,73.7,30,40,100,6.0,24.6,26.3,3.1
0.0,65.9,111.2,30,40,100,30.0,0.0,0.0,5.0
3.7,50.4,47.0,30,40,100,26.3,0.0,53.0,4.4
50.2,64.5,104.5,30,40,100,0.0,0.0,0.0,0.0
33.0,0.0,38.2,30,40,100,0.0,40.0,61.8,5.0
25.7,94.1,172.2,30,40,100,4.3,0.0,0.0,0.7
51.0,19.3,279.3,30,40,100,0.0,20.7,0.0,2.6
39.6,0.0,41.8,30,40,100,0.0,40.0,58.2,5.0
67.1,18.8,112.2,30,40,100,0.0,21.2,0.0,2.7
12.9,136.4,105.6,30,40,100,17.1,0.0,0.0,2.9
13.7,20.8,84.7,30,40,100,16.3,19.2,15.3,2.7
0.0,23.4,126.2,30,40,100,30.0,16.6,0.0,5.0
13.7,28.7,112.1,30,40,100,16.3,11.3,0.0,2.7
53.4,30.5,35.5,30,40,100,0.0,9.5,64.5,3.2
63.0,5.0,179.7,30,40,100,0.0,35.0,0.0,4.4
53.3,42.2,89.8,30,40,100,0.0,0.0,10.2,0.5
0.0,79.7,42.5,30,40,100,30.0,0.0,57.5,5.0
56.8,49.1,270.5,30,40,100,0.0,0.0,0.0,0.0
0.0,0.0,64.1,30,40,100,30.0,40.0,35.9,5.0
51.5,22.6,94.1,30,40,100,0.0,17.4,5.9,2.2
15.5,14.3,87.6,30,40,100,14.5,25.7,12.4,3.2
46.0,38.6,63.0,30,40,100,0.0,1.4,37.0,1.8
0.0,90.0,109.7,30,40,100,30.0,0.0,0.0,5.0
59.3,30.5,5.4,30,40,100,0.0,9.5,94.6,4.7
0.0,32.9,121.6,30,40,100,30.0,7.1,0.0,5.0
6.9,108.0,0.0,30,40,100,23.1,0.0,100.0,5.0
0.0,71.7,0.0,30,40,100,30.0,0.0,100.0,5.0
0.0,59.6,220.7,30,40,100,30.0,0.0,0.0,5.0
28.6,115.3,0.0,30,40,100,1.4,0.0,100.0,5.0
77.4,56.2,0.0,30,40,100,0.0,0.0,100.0,5.0
101.9,0.0,0.0,30,40,100,0.0,40.0,100.0,5.0
28.7,70.0,213.8,30,40,100,1.3,0.0,0.0,0.2
57.8,0.0,0.0,30,40,100,0.0,40.0,100.0,5.0
32.6,54.6,0.0,30,40,100,0.0,0.0,100.0,5.0
40.2,0.0,0.0,30,40,100,0.0,40.0,100.0,5.0
16.2,17.7,51.4,30,40,100,13.8,22.3,48.6,2.8
31.5,21.8,38.3,30,40,100,0.0,18.2,61.7,3.1
41.3,5.5,34.7,30,40,100,0.0,34.5,65.3,4.3
9.5,22.4,223.2,30,40,100,20.5,17.6,0.0,3.4
23.7,78.0,0.0,30,40,100,6.3,0.0,100.0,5.0
24.3,7.7,65.3,30,40,100,5.7,32.3,34.7,4.0
49.5,58.4,100.8,30,40,100,0.0,0.0,0.0,0.0
0.0,0.0,0.0,30,40,100,30.0,40.0,100.0,5.0
24.5,28.8,112.7,30,40,100,5.5,11.2,0.0,1.4
80.4,49.5,41.3,30,40,100,0.0,0.0,58.7,2.9
59.1,0.0,103.7,30,40,100,0.0,40.0,0.0,5.0
64.4,0.0,64.8,30,40,100,0.0,40.0,35.2,5.0
26.6,56.2,0.0,30,40,100,3.4,0.0,100.0,5.0
35.1,81.6,178.8,30,40,100,0.0,0.0,0.0,0.0
54.5,33.3,240.5,30,40,100,0.0,6.7,0.0,0.8
70.4,18.0,59.2,30,40,100,0.0,22.0,40.8,2.8
0.0,42.7,1.1,30,40,100,30.0,0.0,98.9,5.0
0.0,38.7,194.9,30,40,100,30.0,1.3,0.0,5.0
63.2,46.2,225.9,30,40,100,0.0,0.0,0.0,0.0
18.1,0.0,59.9,30,40,100,11.9,40.0,40.1,5.0
6.8,0.0,55.9,30,40,100,23.2,40.0,44.1,5.0
0.0,2.4,67.1,30,40,100,30.0,37.6,32.9,5.0
10.1,42.5,0.0,30,40,100,19.9,0.0,100.0,5.0
0.0,43.9,50.0,30,40,100,30.0,0.0,50.0,5.0
85.5,62.1,211.8,30,40,100,0.0,0.0,0.0,0.0
25.3,46.8,59.9,30,40,100,4.7,0.0,40.1,2.0
24.3,0.0,0.0,30,40,100,5.7,40.0,100.0,5.0
42.7,94.7,113.6,30,40,100,0.0,0.0,0.0,0.0
53.4,87.6,19.7,30,40,100,0.0,0.0,80.3,4.0
52.9,0.0,68.1,30,40,100,0.0,40.0,31.9,5.0
56.5,49.8,0.0,30,40,100,0.0,0.0,100.0,5.0
8.0,12.5,0.0,30,40,100,22.0,27.5,100.0,5.0
17.5,42.0,133.0,30,40,100,12.5,0.0,0.0,2.1
47.9,78.8,82.8,30,40,100,0.0,0.0,17.2,0.9
10.9,122.2,10.9,30,40,100,19.1,0.0,89.1,4.5
25.8,66.7,83.1,30,40,100,4.2,0.0,16.9,0.8
37.3,48.3,24.5,30,40,100,0.0,0.0,75.5,3.8
48.3,22.8,10.3,30,40,100,0.0,17.2,89.7,4.5
0.0,43.8,167.4,30,40,100,30.0,0.0,0.0,5.0
46.3,91.2,136.6,30,40,100,0.0,0.0,0.0,0.0
19.3,34.6,71.8,30,40,100,10.7,5.4,28.2,1.8
46.1,0.8,85.1,30,40,100,0.0,39.2,14.9,4.9
48.1,0.0,72.8,30,40,100,0.0,40.0,27.2,5.0
71.7,57.1,112.8,30,40,100,0.0,0.0,0.0,0.0
64.5,46.4,9.0,30,40,100,0.0,0.0,91.0,4.6
64.3,10.5,143.1,30,40,100,0.0,29.5,0.0,3.7
67.1,77.7,102.0,30,40,100,0.0,0.0,0.0,0.0
34.2,19.5,52.3,30,40,100,0.0,20.5,47.7,2.6
26.9,31.0,34.2,30,40,100,3.1,9.0,65.8,3.3
50.8,35.8,141.3,30,40,100,0.0,4.2,0.0,0.5
46.8,22.3,61.4,30,40,100,0.0,17.7,38.6,2.2
17.2,45.9,17.1,30,40,100,12.8,0.0,82.9,4.1
37.5,82.8,42.5,30,40,100,0.0,0.0,57.5,2.9
25.0,0.0,135.5,30,40,100,5.0,40.0,0.0,5.0
1.6,56.1,0.0,30,40,100,28.4,0.0,100.0,5.0
62.7,43.4,44.8,30,40,100,0.0,0.0,55.2,2.8
27.5,42.6,159.8,30,40,100,2.5,0.0,0.0,0.4
84.3,71.5,59.9,30,40,100,0.0,0.0,40.1,2.0
0.0,38.4,95.5,30,40,100,30.0,1.6,4.5,5.0
10.1,55.8,161.1,30,40,100,19.9,0.0,0.0,3.3
26.9,65.3,145.5,30,40,100,3.1,0.0,0.0,0.5
58.3,16.1,38.0,30,40,100,0.0,23.9,62.0,3.1
37.3,48.5,63.0,30,40,100,0.0,0.0,37.0,1.8
34.8,26.4,146.5,30,40,100,0.0,13.6,0.0,1.7
0.0,31.1,149.3,30,40,100,30.0,8.9,0.0,5.0
0.0,23.5,66.4,30,40,100,30.0,16.5,33.6,5.0
35.1,55.4,69.2,30,40,100,0.0,0.0,30.8,1.5
0.0,39.7,95.1,30,40,100,30.0,0.3,4.9,5.0
10.8,52.3,183.7,30,40,100,19.2,0.0,0.0,3.2
40.2,35.7,159.6,30,40,100,0.0,4.3,0.0,0.5
0.0,0.0,129.4,30,40,100,30.0,40.0,0.0,5.0
71.7,37.7,0.0,30,40,100,0.0,2.3,100.0,5.0
60.8,39.0,51.3,30,40,100,0.0,1.0,48.7,2.4
0.0,46.2,55.6,30,40,100,30.0,0.0,44.4,5.0
0.0,12.6,187.9,30,40,100,30.0,27.4,0.0,5.0
0.0,0.0,54.2,30,40,100,30.0,40.0,45.8,5.0
3.7,61.6,174.6,30,40,100,26.3,0.0,0.0,4.4
47.8,25.4,27.5,30,40,100,0.0,14.6,72.5,3.6
14.2,43.3,33.9,30,40,100,15.8,0.0,66.1,3.3
39.1,25.1,112.3,30,40,100,0.0,14.9,0.0,1.9
0.0,36.2,200.0,30,40,100,30.0,3.8,0.0,5.0
48.7,18.4,56.4,30,40,100,0.0,21.6,43.6,2.7
10.1,0.0,0.0,30,40,100,19.9,40.0,100.0,5.0
26.3,55.5,0.0,30,40,100,3.7,0.0,100.0,5.0
23.3,12.2,97.5,30,40,100,6.7,27.8,2.5,3.5
0.0,43.0,0.0,30,40,100,30.0,0.0,100.0,5.0
0.0,53.0,3.7,30,40,100,30.0,0.0,96.3,5.0
53.5,12.8,74.5,30,40,100,0.0,27.2,25.5,3.4
37.3,0.0,0.0,30,40,100,0.0,40.0,100.0,5.0
55.9,134.1,42.9,30,40,100,0.0,0.0,57.1,2.9
35.2,15.2,0.0,30,40,100,0.0,24.8,100.0,5.0
30.0,61.5,0.0,30,40,100,0.0,0.0,100.0,5.0
0.0,114.5,8.8,30,40,100,30.0,0.0,91.2,5.0
18.3,68.2,0.0,30,40,100,11.7,0.0,100.0,5.0
25.2,24.4,111.4,30,40,100,4.8,15.6,0.0,2.0
81.6,33.7,170.0,30,40,100,0.0,6.3,0.0,0.8
45.5,2.9,44.1,30,40,100,0.0,37.1,55.9,4.6
69.7,71.9,25.4,30,40,100,0.0,0.0,74.6,3.7
43.0,59.2,40.1,30,40,100,0.0,0.0,59.9,3.0
5.7,15.7,0.0,30,40,100,24.3,24.3,100.0,5.0
29.3,0.0,0.0,30,40,100,0.7,40.0,100.0,5.0
32.7,0.0,0.0,30,40,100,0.0,40.0,100.0,5.0
0.0,76.1,0.0,30,40,100,30.0,0.0,100.0,5.0
15.0,41.3,205.1,30,40,100,15.0,0.0,0.0,2.5
20.1,45.1,17.8,30,40,100,9.9,0.0,82.2,4.1
71.7,3.3,0.0,30,40,100,0.0,36.7,100.0,5.0
0.0,0.0,26.2,30,40,100,30.0,40.0,73.8,5.0
60.3,75.2,0.0,30,40,100,0.0,0.0,100.0,5.0
0.0,38.1,78.3,30,40,100,30.0,1.9,21.7,5.0
0.0,73.0,69.6,30,40,100,30.0,0.0,30.4,5.0
59.6,20.9,78.0,30,40,100,0.0,19.1,22.0,2.4
46.8,26.9,70.2,30,40,100,0.0,13.1,29.8,1.6
61.7,65.2,43.4,30,40,100,0.0,0.0,56.6,2.8
48.8,65.9,0.0,30,40,100,0.0,0.0,100.0,5.0
84.6,68.5,67.5,30,40,100,0.0,0.0,32.5,1.6
41.9,24.6,155.7,30,40,100,0.0,15.4,0.0,1.9
21.5,61.2,219.8,30,40,100,8.5,0.0,0.0,1.4
35.7,81.1,54.3,30,40,100,0.0,0.0,45.7,2.3
61.4,32.2,63.0,30,40,100,0.0,7.8,37.0,1.8
3.8,15.8,113.9,30,40,100,26.2,24.2,0.0,4.4
7.4,90.5,193.9,30,40,100,22.6,0.0,0.0,3.8
17.2,10.1,34.3,30,40,100,12.8,29.9,65.7,3.7
0.0,61.8,129.4,30,40,100,30.0,0.0,0.0,5.0
29.9,34.1,7.1,30,40,100,0.1,5.9,92.9,4.6
0.0,0.0,100.1,30,40,100,30.0,40.0,0.0,5.0
27.5,81.9,151.8,30,40,100,2.5,0.0,0.0,0.4
50.6,0.0,0.0,30,40,100,0.0,40.0,100.0,5.0
12.4,0.0,31.1,30,40,100,17.6,40.0,68.9,5.0
73.7,57.7,150.5,30,40,100,0.0,0.0,0.0,0.0
0.0,57.7,123.2,30,40,100,30.0,0.0,0.0,5.0
59.9,10.8,157.0,30,40,100,0.0,29.2,0.0,3.6
45.2,42.4,141.9,30,40,100,0.0,0.0,0.0,0.0
0.0,0.0,46.0,30,40,100,30.0,40.0,54.0,5.0
103.2,64.9,250.8,30,40,100,0.0,0.0,0.0,0.0
24.1,46.5,84.5,30,40,100,5.9,0.0,15.5,1.0
1.0,34.6,0.0,30,40,100,29.0,5.4,100.0,5.0
0.0,37.3,50.7,30,40,100,30.0,2.7,49.3,5.0
19.7,56.3,35.7,30,40,100,10.3,0.0,64.3,3.2
22.3,35.3,137.6,30,40,100,7.7,4.7,0.0,1.3
28.9,0.0,37.1,30,40,100,1.1,40.0,62.9,5.0
17.5,124.8,162.1,30,40,100,12.5,0.0,0.0,2.1
44.0,84.8,118.5,30,40,100,0.0,0.0,0.0,0.0
14.9,0.0,0.0,30,40,100,15.1,40.0,100.0,5.0
0.0,22.6,62.2,30,40,100,30.0,17.4,37.8,5.0
21.7,26.9,11.0,30,40,100,8.3,13.1,89.0,4.4
0.0,79.9,88.4,30,40,100,30.0,0.0,11.6,5.0
36.0,0.0,10.5,30,40,100,0.0,40.0,89.5,5.0
0.0,16.4,79.5,30,40,100,30.0,23.6,20.5,5.0
30.6,0.0,51.5,30,40,100,0.0,40.0,48.5,5.0
63.4,25.0,61.2,30,40,100,0.0,15.0,38.8,1.9
0.0,17.4,238.9,30,40,100,30.0,22.6,0.0,5.0
56.2,39.7,44.4,30,40,100,0.0,0.3,55.6,2.8
13.6,12.1,0.0,30,40,100,16.4,27.9,100.0,5.0
75.9,6.2,155.4,30,40,100,0.0,33.8,0.0,4.2
15.6,61.4,154.8,30,40,100,14.4,0.0,0.0,2.4
2.0,54.7,0.0,30,40,100,28.0,0.0,100.0,5.0
45.5,58.6,17.0,30,40,100,0.0,0.0,83.0,4.1
13.5,29.3,108.6,30,40,100,16.5,10.7,0.0,2.8
2.0,13.4,115.8,30,40,100,28.0,26.6,0.0,4.7
12.3,31.7,73.1,30,40,100,17.7,8.3,26.9,2.9
24.7,56.6,74.9,30,40,100,5.3,0.0,25.1,1.3
64.2,0.0,0.0,30,40,100,0.0,40.0,100.0,5.0
0.0,52.3,0.0,30,40,100,30.0,0.0,100.0,5.0
26.6,48.9,238.8,30,40,100,3.4,0.0,0.0,0.6
43.7,38.9,0.0,30,40,100,0.0,1.1,100.0,5.0
31.5,30.4,87.7,30,40,100,0.0,9.6,12.3,1.2
63.3,0.0,60.7,30,40,100,0.0,40.0,39.3,5.0
23.8,18.7,145.8,30,40,100,6.2,21.3,0.0,2.7
20.7,108.5,82.8,30,40,100,9.3,0.0,17.2,1.6
42.8,37.0,85.9,30,40,100,0.0,3.0,14.1,0.7
28.8,24.1,0.0,30,40,100,1.2,15.9,100.0,5.0
14.8,37.1,6.3,30,40,100,15.2,2.9,93.7,4.7
40.7,50.7,133.5,30,40,100,0.0,0.0,0.0,0.0
7.4,63.0,126.3,30,40,100,22.6,0.0,0.0,3.8
8.5,27.2,0.0,30,40,100,21.5,12.8,100.0,5.0
10.9,53.5,0.0,30,40,100,19.1,0.0,100.0,5.0
64.5,103.9,83.7,30,40,100,0.0,0.0,16.3,0.8
0.0,76.9,0.0,30,40,100,30.0,0.0,100.0,5.0
37.2,130.6,0.0,30,40,100,0.0,0.0,100.0,5.0
26.9,10.0,215.4,30,40,100,3.1,30.0,0.0,3.8
0.0,103.9,190.0,30,40,100,30.0,0.0,0.0,5.0
34.8,4.6,112.8,30,40,100,0.0,35.4,0.0,4.4
39.5,50.7,98.3,30,40,100,0.0,0.0,1.7,0.1
42.7,65.9,0.0,30,40,100,0.0,0.0,100.0,5.0
0.0,15.9,13.8,30,40,100,30.0,24.1,86.2,5.0
64.9,40.0,49.7,30,40,100,0.0,0.0,50.3,2.5
4.9,73.1,15.5,30,40,100,25.1,0.0,84.5,4.2
45.5,7.9,45.3,30,40,100,0.0,32.1,54.7,4.0
47.1,103.6,178.3,30,40,100,0.0,0.0,0.0,0.0
1.0,0.0,29.8,30,40,100,29.0,40.0,70.2,5.0
44.8,114.5,46.0,30,40,100,0.0,0.0,54.0,2.7
15.0,76.7,133.1,30,40,100,15.0,0.0,0.0,2.5
0.0,32.8,0.0,30,40,100,30.0,7.2,100.0,5.0
59.2,20.2,5.7,30,40,100,0.0,19.8,94.3,4.7
3.9,16.0,14.0,30,40,100,26.1,24.0,86.0,4.4
1.6,31.0,78.0,30,40,100,28.4,9.0,22.0,4.7
14.5,34.5,45.7,30,40,100,15.5,5.5,54.3,2.7
33.7,87.0,48.2,30,40,100,0.0,0.0,51.8,2.6
24.3,115.7,19.9,30,40,100,5.7,0.0,80.1,4.0
41.6,44.5,0.0,30,40,100,0.0,0.0,100.0,5.0
0.0,2.4,122.6,30,40,100,30.0,37.6,0.0,5.0
4.8,14.5,46.3,30,40,100,25.2,25.5,53.7,4.2
22.6,29.1,123.4,30,40,100,7.4,10.9,0.0,1.4
80.0,0.0,0.0,30,40,100,0.0,40.0,100.0,5.0
22.7,0.0,19.8,30,40,100,7.3,40.0,80.2,5.0
56.9,120.8,55.7,30,40,100,0.0,0.0,44.3,2.2
27.0,48.6,63.2,30,40,100,3.0,0.0,36.8,1.8
12.2,2.9,134.3,30,40,100,17.8,37.1,0.0,4.6
18.9,69.3,38.8,30,40,100,11.1,0.0,61.2,3.1
21.2,0.0,133.7,30,40,100,8.8,40.0,0.0,5.0
43.1,0.0,103.7,30,40,100,0.0,40.0,0.0,5.0
65.1,4.1,64.9,30,40,100,0.0,35.9,35.1,4.5
36.2,103.0,0.0,30,40,100,0.0,0.0,100.0,5.0
59.8,26.3,134.5,30,40,100,0.0,13.7,0.0,1.7
0.0,0.0,0.0,30,40,100,30.0,40.0,100.0,5.0
14.1,85.1,71.8,30,40,100,15.9,0.0,28.2,2.7
5.3,24.1,69.1,30,40,100,24.7,15.9,30.9,4.1
34.9,0.0,56.8,30,40,100,0.0,40.0,43.2,5.0
15.7,23.7,42.1,30,40,100,14.3,16.3,57.9,2.9
46.7,57.4,7.2,30,40,100,0.0,0.0,92.8,4.6
0.0,52.7,0.0,30,40,100,30.0,0.0,100.0,5.0
27.2,108.8,186.7,30,40,100,2.8,0.0,0.0,0.5
45.5,2.1,33.8,30,40,100,0.0,37.9,66.2,4.7
0.0,38.3,63.2,30,40,100,30.0,1.7,36.8,5.0
86.4,8.3,62.7,30,40,100,0.0,31.7,37.3,4.0
17.9,0.0,161.9,30,40,100,12.1,40.0,0.0,5.0
0.0,72.1,229.4,30,40,100,30.0,0.0,0.0,5.0
30.5,55.1,86.4,30,40,100,0.0,0.0,13.6,0.7
26.9,47.9,60.8,30,40,100,3.1,0.0,39.2,2.0
23.6,53.6,0.0,30,40,100,6.4,0.0,100.0,5.0
54.2,8.9,0.0,30,40,100,0.0,31.1,100.0,5.0
47.2,0.0,0.0,30,40,100,0.0,40.0,100.0,5.0
34.4,38.0,9.3,30,40,100,0.0,2.0,90.7,4.5
38.8,83.2,0.0,30,40,100,0.0,0.0,100.0,5.0
23.0,101.2,160.5,30,40,100,7.0,0.0,0.0,1.2
76.5,68.5,107.6,30,40,100,0.0,0.0,0.0,0.0
0.0,37.6,53.2,30,40,100,30.0,2.4,46.8,5.0
29.9,47.3,163.0,30,40,100,0.1,0.0,0.0,0.0
27.8,36.9,0.0,30,40,100,2.2,3.1,100.0,5.0
49.1,0.0,7.4,30,40,100,0.0,40.0,92.6,5.0
1.9,37.4,0.0,30,40,100,28.1,2.6,100.0,5.0
0.0,0.0,135.9,30,40,100,30.0,40.0,0.0,5.0
30.4,31.5,8.1,30,40,100,0.0,8.5,91.9,4.6
34.0,102.3,74.8,30,40,100,0.0,0.0,25.2,1.3
68.4,69.6,154.3,30,40,100,0.0,0.0,0.0,0.0
0.0,0.0,184.0,30,40,100,30.0,40.0,0.0,5.0
58.8,33.5,71.1,30,40,100,0.0,6.5,28.9,1.4
93.4,2.9,104.5,30,40,100,0.0,37.1,0.0,4.6
15.2,33.9,0.6,30,40,100,14.8,6.1,99.4,5.0
0.0,78.3,209.3,30,40,100,30.0,0.0,0.0,5.0
14.4,62.7,60.1,30,40,100,15.6,0.0,39.9,2.6
26.4,136.4,80.0,30,40,100,3.6,0.0,20.0,1.0
42.0,84.4,40.7,30,40,100,0.0,0.0,59.3,3.0
9.1,44.7,170.2,30,40,100,20.9,0.0,0.0,3.5
70.2,63.7,89.6,30,40,100,0.0,0.0,10.4,0.5
0.0,28.3,134.9,30,40,100,30.0,11.7,0.0,5.0
0.0,0.0,102.0,30,40,100,30.0,40.0,0.0,5.0
57.5,89.0,55.7,30,40,100,0.0,0.0,44.3,2.2
0.0,77.1,148.5,30,40,100,30.0,0.0,0.0,5.0
20.1,26.7,101.3,30,40,100,9.9,13.3,0.0,1.7
114.7,47.5,0.0,30,40,100,0.0,0.0,100.0,5.0
25.6,86.4,0.0,30,40,100,4.4,0.0,100.0,5.0
0.0,70.5,85.5,30,40,100,30.0,0.0,14.5,5.0
24.3,0.0,146.7,30,40,100,5.7,40.0,0.0,5.0
24.5,46.3,205.7,30,40,100,5.5,0.0,0.0,0.9
30.5,29.7,0.0,30,40,100,0.0,10.3,100.0,5.0
44.8,81.2,75.6,30,40,100,0.0,0.0,24.4,1.2
0.0,77.9,113.0,30,40,100,30.0,0.0,0.0,5.0
74.0,89.5,97.3,30,40,100,0.0,0.0,2.7,0.1
32.9,0.0,154.9,30,40,100,0.0,40.0,0.0,5.0
46.6,4.9,126.4,30,40,100,0.0,35.1,0.0,4.4
8.1,81.3,0.0,30,40,100,21.9,0.0,100.0,5.0
62.6,12.6,0.0,30,40,100,0.0,27.4,100.0,5.0
18.6,0.0,98.7,30,40,100,11.4,40.0,1.3,5.0
33.9,57.9,153.4,30,40,100,0.0,0.0,0.0,0.0
0.0,14.4,85.1,30,40,100,30.0,25.6,14.9,5.0
0.0,108.5,0.0,30,40,100,30.0,0.0,100.0,5.0
45.6,48.4,0.0,30,40,100,0.0,0.0,100.0,5.0
13.3,42.9,129.3,30,40,100,16.7,0.0,0.0,2.8
1.6,21.6,45.4,30,40,100,28.4,18.4,54.6,4.7
7.6,100.5,83.0,30,40,100,22.4,0.0,17.0,3.7
45.9,50.9,159.4,30,40,100,0.0,0.0,0.0,0.0
8.0,20.0,0.0,30,40,100,22.0,20.0,100.0,5.0
22.6,4.5,40.1,30,40,100,7.4,35.5,59.9,4.4
26.4,33.5,31.3,30,40,100,3.6,6.5,68.7,3.4
0.0,0.0,102.2,30,40,100,30.0,40.0,0.0,5.0
0.0,77.9,135.8,30,40,100,30.0,0.0,0.0,5.0
35.5,0.0,0.0,30,40,100,0.0,40.0,100.0,5.0
5.0,30.8,73.0,30,40,100,25.0,9.2,27.0,4.2
56.0,61.0,143.6,30,40,100,0.0,0.0,0.0,0.0
53.5,50.2,0.0,30,40,100,0.0,0.0,100.0,5.0
46.4,7.6,68.3,30,40,100,0.0,32.4,31.7,4.0
77.8,63.0,0.0,30,40,100,0.0,0.0,100.0,5.0
23.6,0.8,21.8,30,40,100,6.4,39.2,78.2,4.9
44.4,35.5,0.0,30,40,100,0.0,4.5,100.0,5.0
9.3,62.7,185.8,30,40,100,20.7,0.0,0.0,3.4
95.8,55.1,44.8,30,40,100,0.0,0.0,55.2,2.8
82.4,9.3,8.4,30,40,100,0.0,30.7,91.6,4.6
26.3,84.6,100.0,30,40,100,3.7,0.0,0.0,0.6
37.0,39.9,0.0,30,40,100,0.0,0.1,100.0,5.0
64.7,66.3,0.0,30,40,100,0.0,0.0,100.0,5.0
21.8,98.0,195.3,30,40,100,8.2,0.0,0.0,1.4
7.3,81.4,219.4,30,40,100,22.7,0.0,0.0,3.8
50.8,81.5,25.7,30,40,100,0.0,0.0,74.3,3.7
28.2,44.2,159.6,30,40,100,1.8,0.0,0.0,0.3
31.2,68.4,102.2,30,40,100,0.0,0.0,0.0,0.0
2.2,45.0,0.0,30,40,100,27.8,0.0,100.0,5.0
0.0,0.0,0.0,30,40,100,30.0,40.0,100.0,5.0
32.7,48.6,198.6,30,40,100,0.0,0.0,0.0,0.0
51.7,46.8,0.0,30,40,100,0.0,0.0,100.0,5.0
19.5,59.9,257.4,30,40,100,10.5,0.0,0.0,1.8
66.9,31.3,27.4,30,40,100,0.0,8.7,72.6,3.6
5.9,5.8,201.0,30,40,100,24.1,34.2,0.0,4.3
0.0,62.9,48.9,30,40,100,30.0,0.0,51.1,5.0
24.0,0.0,138.0,30,40,100,6.0,40.0,0.0,5.0
23.6,95.2,186.0,30,40,100,6.4,0.0,0.0,1.1
47.9,27.1,185.6,30,40,100,0.0,12.9,0.0,1.6
3.9,46.3,26.4,30,40,100,26.1,0.0,73.6,4.4
64.9,58.9,4.4,30,40,100,0.0,0.0,95.6,4.8
82.0,60.2,66.9,30,40,100,0.0,0.0,33.1,1.7
24.8,0.0,0.0,30,40,100,5.2,40.0,100.0,5.0
61.5,69.6,92.8,30,40,100,0.0,0.0,7.2,0.4
0.0,48.6,7.3,30,40,100,30.0,0.0,92.7,5.0
56.6,10.9,160.8,30,40,100,0.0,29.1,0.0,3.6
55.8,6.3,27.5,30,40,100,0.0,33.7,72.5,4.2
50.5,23.0,0.0,30,40,100,0.0,17.0,100.0,5.0
25.5,0.0,186.5,30,40,100,4.5,40.0,0.0,5.0
0.0,105.8,88.3,30,40,100,30.0,0.0,11.7,5.0
7.7,96.3,75.8,30,40,100,22.3,0.0,24.2,3.7
8.1,54.6,161.8,30,40,100,21.9,0.0,0.0,3.6
0.0,27.5,143.8,30,40,100,30.0,12.5,0.0,5.0
29.4,28.5,12.1,30,40,100,0.6,11.5,87.9,4.4
14.0,67.0,37.2,30,40,100,16.0,0.0,62.8,3.1
2.5,107.2,0.0,30,40,100,27.5,0.0,100.0,5.0
0.0,13.5,0.0,30,40,100,30.0,26.5,100.0,5.0
5.6,0.0,120.2,30,40,100,24.4,40.0,0.0,5.0
57.9,98.7,105.1,30,40,100,0.0,0.0,0.0,0.0
7.1,0.0,134.9,30,40,100,22.9,40.0,0.0,5.0
11.3,0.0,176.9,30,40,100,18.7,40.0,0.0,5.0
12.9,26.5,136.0,30,40,100,17.1,13.5,0.0,2.9
35.6,0.0,143.1,30,40,100,0.0,40.0,0.0,5.0
38.9,81.2,0.0,30,40,100,0.0,0.0,100.0,5.0
0.0,70.9,48.7,30,40,100,30.0,0.0,51.3,5.0
55.0,13.3,151.3,30,40,100,0.0,26.7,0.0,3.3
66.9,87.9,0.0,30,40,100,0.0,0.0,100.0,5.0
0.0,94.8,80.9,30,40,100,30.0,0.0,19.1,5.0
0.0,31.9,115.4,30,40,100,30.0,8.1,0.0,5.0
13.1,18.3,109.2,30,40,100,16.9,21.7,0.0,2.8
4.4,127.4,103.2,30,40,100,25.6,0.0,0.0,4.3
32.3,65.5,121.8,30,40,100,0.0,0.0,0.0,0.0
0.0,46.8,88.1,30,40,100,30.0,0.0,11.9,5.0
0.0,91.3,0.0,30,40,100,30.0,0.0,100.0,5.0
69.8,48.6,114.4,30,40,100,0.0,0.0,0.0,0.0
0.0,16.1,96.5,30,40,100,30.0,23.9,3.5,5.0
61.4,39.7,0.0,30,40,100,0.0,0.3,100.0,5.0
36.1,78.2,184.8,30,40,100,0.0,0.0,0.0,0.0
0.0,0.0,116.5,30,40,100,30.0,40.0,0.0,5.0
44.0,24.9,0.0,30,40,100,0.0,15.1,100.0,5.0
22.6,92.1,7.6,30,40,100,7.4,0.0,92.4,4.6
13.0,15.8,28.0,30,40,100,17.0,24.2,72.0,3.6
32.9,98.7,28.0,30,40,100,0.0,0.0,72.0,3.6
39.5,93.4,97.1,30,40,100,0.0,0.0,2.9,0.1
46.1,33.8,0.0,30,40,100,0.0,6.2,100.0,5.0
59.5,13.6,164.5,30,40,100,0.0,26.4,0.0,3.3
37.6,24.9,157.8,30,40,100,0.0,15.1,0.0,1.9
0.0,143.7,123.4,30,40,100,30.0,0.0,0.0,5.0
12.5,111.9,77.1,30,40,100,17.5,0.0,22.9,2.9
109.8,41.5,149.1,30,40,100,0.0,0.0,0.0,0.0
46.6,12.0,51.2,30,40,100,0.0,28.0,48.8,3.5
93.4,41.2,15.1,30,40,100,0.0,0.0,84.9,4.2
65.7,46.3,169.5,30,40,100,0.0,0.0,0.0,0.0
32.8,0.0,99.1,30,40,100,0.0,40.0,0.9,5.0
34.5,39.7,18.3,30,40,100,0.0,0.3,81.7,4.1
24.9,89.7,39.8,30,40,100,5.1,0.0,60.2,3.0
0.0,0.0,14.1,30,40,100,30.0,40.0,85.9,5.0
26.5,69.7,236.6,30,40,100,3.5,0.0,0.0,0.6
60.4,91.8,73.8,30,40,100,0.0,0.0,26.2,1.3
8.9,13.9,86.2,30,40,100,21.1,26.1,13.8,3.5
37.7,104.6,131.7,30,40,100,0.0,0.0,0.0,0.0
50.2,8.7,0.0,30,40,100,0.0,31.3,100.0,5.0
0.0,54.2,161.9,30,40,100,30.0,0.0,0.0,5.0
13.1,24.1,24.5,30,40,100,16.9,15.9,75.5,3.8
0.0,24.1,221.1,30,40,100,30.0,15.9,0.0,5.0
2.5,11.6,48.3,30,40,100,27.5,28.4,51.7,4.6
0.0,64.6,157.2,30,40,100,30.0,0.0,0.0,5.0
0.3,70.6,0.0,30,40,100,29.7,0.0,100.0,5.0
66.4,33.9,0.0,30,40,100,0.0,6.1,100.0,5.0
0.0,0.0,49.8,30,40,100,30.0,40.0,50.2,5.0
29.6,52.7,0.0,30,40,100,0.4,0.0,100.0,5.0
11.6,53.4,122.0,30,40,100,18.4,0.0,0.0,3.1
59.5,27.7,98.7,30,40,100,0.0,12.3,1.3,1.5
63.3,111.6,0.0,30,40,100,0.0,0.0,100.0,5.0
50.6,0.0,72.2,30,40,100,0.0,40.0,27.8,5.0
34.7,0.0,138.5,30,40,100,0.0,40.0,0.0,5.0
19.4,7.0,0.0,30,40,100,10.6,33.0,100.0,5.0
0.0,65.0,0.0,30,40,100,30.0,0.0,100.0,5.0
81.3,0.0,46.5,30,40,100,0.0,40.0,53.5,5.0
4.3,0.0,75.4,30,40,100,25.7,40.0,24.6,5.0
44.9,74.7,68.8,30,40,100,0.0,0.0,31.2,1.6
56.1,55.1,145.2,30,40,100,0.0,0.0,0.0,0.0
10.1,51.6,112.0,30,40,100,19.9,0.0,0.0,3.3
55.5,67.9,129.7,30,40,100,0.0,0.0,0.0,0.0
47.7,19.3,0.0,30,40,100,0.0,20.7,100.0,5.0
75.2,21.2,85.2,30,40,100,0.0,18.8,14.8,2.4
12.6,69.0,48.7,30,40,100,17.4,0.0,51.3,2.9
0.0,0.0,191.4,30,40,100,30.0,40.0,0.0,5.0
11.6,0.0,87.6,30,40,100,18.4,40.0,12.4,5.0
31.9,19.0,19.5,30,40,100,0.0,21.0,80.5,4.0
27.6,73.9,142.2,30,40,100,2.4,0.0,0.0,0.4
14.7,46.7,118.9,30,40,100,15.3,0.0,0.0,2.6
0.0,70.9,7.2,30,40,100,30.0,0.0,92.8,5.0
39.4,0.0,45.4,30,40,100,0.0,40.0,54.6,5.0
82.1,49.1,46.8,30,40,100,0.0,0.0,53.2,2.7
39.2,62.8,172.5,30,40,100,0.0,0.0,0.0,0.0
43.3,0.0,89.9,30,40,100,0.0,40.0,10.1,5.0
42.3,71.1,132.1,30,40,100,0.0,0.0,0.0,0.0
37.3,32.0,33.7,30,40,100,0.0,8.0,66.3,3.3
52.5,160.1,100.5,30,40,100,0.0,0.0,0.0,0.0
37.2,0.0,178.6,30,40,100,0.0,40.0,0.0,5.0
17.0,91.5,44.4,30,40,100,13.0,0.0,55.6,2.8
3.3,20.6,82.8,30,40,100,26.7,19.4,17.2,4.4
18.9,0.0,0.0,30,40,100,11.1,40.0,100.0,5.0
34.9,15.2,11.8,30,40,100,0.0,24.8,88.2,4.4
17.0,47.6,46.5,30,40,100,13.0,0.0,53.5,2.7
34.9,78.2,0.0,30,40,100,0.0,0.0,100.0,5.0
38.5,105.7,180.1,30,40,100,0.0,0.0,0.0,0.0
49.7,93.7,5.9,30,40,100,0.0,0.0,94.1,4.7
62.5,0.0,136.9,30,40,100,0.0,40.0,0.0,5.0
28.2,81.9,88.6,30,40,100,1.8,0.0,11.4,0.6
0.0,52.2,76.0,30,40,100,30.0,0.0,24.0,5.0
16.1,10.1,193.3,30,40,100,13.9,29.9,0.0,3.7
27.2,27.9,0.0,30,40,100,2.8,12.1,100.0,5.0
0.0,7.9,57.7,30,40,100,30.0,32.1,42.3,5.0
65.5,37.9,0.0,30,40,100,0.0,2.1,100.0,5.0
30.0,7.1,0.0,30,40,100,0.0,32.9,100.0,5.0
36.8,0.0,0.0,30,40,100,0.0,40.0,100.0,5.0
64.8,55.7,74.9,30,40,100,0.0,0.0,25.1,1.3
8.0,61.8,15.0,30,40,100,22.0,0.0,85.0,4.2
42.3,28.9,145.8,30,40,100,0.0,11.1,0.0,1.4
22.8,91.5,56.2,30,40,100,7.2,0.0,43.8,2.2
20.7,26.0,47.3,30,40,100,9.3,14.0,52.7,2.6
4.0,24.3,47.7,30,40,100,26.0,15.7,52.3,4.3
73.4,63.0,65.6,30,40,100,0.0,0.0,34.4,1.7
15.3,31.1,39.7,30,40,100,14.7,8.9,60.3,3.0
45.9,39.9,4.8,30,40,100,0.0,0.1,95.2,4.8
0.0,0.0,153.3,30,40,100,30.0,40.0,0.0,5.0
59.6,37.1,23.2,30,40,100,0.0,2.9,76.8,3.8
55.9,0.0,42.6,30,40,100,0.0,40.0,57.4,5.0
28.7,0.0,108.1,30,40,100,1.3,40.0,0.0,5.0
19.5,0.0,99.2,30,40,100,10.5,40.0,0.8,5.0
37.3,0.0,1.4,30,40,100,0.0,40.0,98.6,5.0
91.1,14.4,134.4,30,40,100,0.0,25.6,0.0,3.2
0.0,16.9,116.9,30,40,100,30.0,23.1,0.0,5.0
48.2,63.2,87.8,30,40,100,0.0,0.0,12.2,0.6
0.0,45.4,38.7,30,40,100,30.0,0.0,61.3,5.0
25.4,0.0,40.7,30,40,100,4.6,40.0,59.3,5.0
18.9,39.8,57.2,30,40,100,11.1,0.2,42.8,2.1
13.8,49.3,0.0,30,40,100,16.2,0.0,100.0,5.0
25.7,23.2,70.3,30,40,100,4.3,16.8,29.7,2.1
0.0,34.0,145.4,30,40,100,30.0,6.0,0.0,5.0
55.3,44.1,144.2,30,40,100,0.0,0.0,0.0,0.0
0.0,67.2,42.8,30,40,100,30.0,0.0,57.2,5.0
41.3,0.0,159.3,30,40,100,0.0,40.0,0.0,5.0
16.7,26.6,227.2,30,40,100,13.3,13.4,0.0,2.2
0.0,97.2,48.0,30,40,100,30.0,0.0,52.0,5.0
31.7,93.5,129.3,30,40,100,0.0,0.0,0.0,0.0
0.0,70.7,0.0,30,40,100,30.0,0.0,100.0,5.0
27.1,58.1,0.0,30,40,100,2.9,0.0,100.0,5.0
0.0,103.0,80.8,30,40,100,30.0,0.0,19.2,5.0
39.1,113.6,0.0,30,40,100,0.0,0.0,100.0,5.0
0.0,31.3,237.9,30,40,100,30.0,8.7,0.0,5.0
13.1,0.0,121.7,30,40,100,16.9,40.0,0.0,5.0
34.3,25.6,151.4,30,40,100,0.0,14.4,0.0,1.8
4.0,161.1,71.2,30,40,100,26.0,0.0,28.8,4.3
24.3,0.0,0.0,30,40,100,5.7,40.0,100.0,5.0
0.0,17.5,31.7,30,40,100,30.0,22.5,68.3,5.0
43.9,0.0,94.0,30,40,100,0.0,40.0,6.0,5.0
76.2,41.5,22.1,30,40,100,0.0,0.0,77.9,3.9
105.5,0.0,127.6,30,40,100,0.0,40.0,0.0,5.0
28.5,32.1,130.9,30,40,100,1.5,7.9,0.0,1.0
48.4,0.0,73.9,30,40,100,0.0,40.0,26.1,5.0
0.0,61.3,0.0,30,40,100,30.0,0.0,100.0,5.0
68.7,85.6,211.8,30,40,100,0.0,0.0,0.0,0.0
48.1,21.0,56.3,30,40,100,0.0,19.0,43.7,2.4
12.2,31.0,292.0,30,40,100,17.8,9.0,0.0,3.0
61.2,29.9,126.1,30,40,100,0.0,10.1,0.0,1.3
18.7,43.7,56.6,30,40,100,11.3,0.0,43.4,2.2
12.9,34.9,109.6,30,40,100,17.1,5.1,0.0,2.9
39.5,67.4,0.0,30,40,100,0.0,0.0,100.0,5.0
0.0,86.1,156.2,30,40,100,30.0,0.0,0.0,5.0
55.0,3.7,280.5,30,40,100,0.0,36.3,0.0,4.5
0.0,24.0,0.0,30,40,100,30.0,16.0,100.0,5.0
0.0,72.7,50.3,30,40,100,30.0,0.0,49.7,5.0
0.0,0.0,65.0,30,40,100,30.0,40.0,35.0,5.0
47.6,0.0,144.1,30,40,100,0.0,40.0,0.0,5.0
8.4,45.6,243.3,30,40,100,21.6,0.0,0.0,3.6
0.0,56.4,104.4,30,40,100,30.0,0.0,0.0,5.0
8.7,7.4,246.2,30,40,100,21.3,32.6,0.0,4.1
25.0,13.2,87.2,30,40,100,5.0,26.8,12.8,3.4
0.0,5.9,109.9,30,40,100,30.0,34.1,0.0,5.0
0.0,1.6,100.0,30,40,100,30.0,38.4,0.0,5.0
86.1,64.4,171.9,30,40,100,0.0,0.0,0.0,0.0
1.4,0.0,39.4,30,40,100,28.6,40.0,60.6,5.0
16.8,25.8,139.5,30,40,100,13.2,14.2,0.0,2.2
15.5,0.0,0.0,30,40,100,14.5,40.0,100.0,5.0
14.0,0.0,50.6,30,40,100,16.0,40.0,49.4,5.0
43.6,71.5,22.1,30,40,100,0.0,0.0,77.9,3.9
53.0,15.5,80.6,30,40,100,0.0,24.5,19.4,3.1
17.2,44.0,48.0,30,40,100,12.8,0.0,52.0,2.6
0.0,0.0,164.8,30,40,100,30.0,40.0,0.0,5.0
62.2,6.6,2.6,30,40,100,0.0,33.4,97.4,4.9
23.2,66.9,0.0,30,40,100,6.8,0.0,100.0,5.0
75.2,140.6,0.0,30,40,100,0.0,0.0,100.0,5.0
0.0,0.0,153.7,30,40,100,30.0,40.0,0.0,5.0
31.5,28.4,0.0,30,40,100,0.0,11.6,100.0,5.0
80.6,53.0,105.6,30,40,100,0.0,0.0,0.0,0.0
15.9,11.7,49.7,30,40,100,14.1,28.3,50.3,3.5
19.5,70.6,140.0,30,40,100,10.5,0.0,0.0,1.8
34.4,1.6,54.9,30,40,100,0.0,38.4,45.1,4.8
10.0,42.6,296.4,30,40,100,20.0,0.0,0.0,3.3
17.1,15.4,226.6,30,40,100,12.9,24.6,0.0,3.1
16.3,85.5,48.1,30,40,100,13.7,0.0,51.9,2.6
8.1,9.2,37.0,30,40,100,21.9,30.8,63.0,3.8
60.9,22.3,326.1,30,40,100,0.0,17.7,0.0,2.2
39.1,74.5,0.0,30,40,100,0.0,0.0,100.0,5.0
33.1,0.0,69.1,30,40,100,0.0,40.0,30.9,5.0
49.0,39.2,75.3,30,40,100,0.0,0.8,24.7,1.2
18.4,0.0,73.3,30,40,100,11.6,40.0,26.7,5.0
3.9,0.0,0.0,30,40,100,26.1,40.0,100.0,5.0
8.8,51.8,113.5,30,40,100,21.2,0.0,0.0,3.5
26.0,0.0,0.0,30,40,100,4.0,40.0,100.0,5.0
0.0,14.5,189.3,30,40,100,30.0,25.5,0.0,5.0
11.7,56.3,0.0,30,40,100,18.3,0.0,100.0,5.0
11.3,13.1,78.3,30,40,100,18.7,26.9,21.7,3.4
86.5,69.6,0.0,30,40,100,0.0,0.0,100.0,5.0
0.0,45.1,0.0,30,40,100,30.0,0.0,100.0,5.0
20.8,54.0,5.8,30,40,100,9.2,0.0,94.2,4.7
75.1,86.4,17.2,30,40,100,0.0,0.0,82.8,4.1
29.4,49.3,191.7,30,40,100,0.6,0.0,0.0,0.1
47.4,98.4,70.2,30,40,100,0.0,0.0,29.8,1.5
28.8,73.1,177.7,30,40,100,1.2,0.0,0.0,0.2
6.9,15.4,42.9,30,40,100,23.1,24.6,57.1,3.8
0.0,88.5,122.4,30,40,100,30.0,0.0,0.0,5.0
31.8,47.1,15.0,30,40,100,0.0,0.0,85.0,4.2
3.9,20.6,9.5,30,40,100,26.1,19.4,90.5,4.5
3.2,47.7,0.0,30,40,100,26.8,0.0,100.0,5.0
11.7,81.2,100.6,30,40,100,18.3,0.0,0.0,3.0
75.6,54.8,94.6,30,40,100,0.0,0.0,5.4,0.3
94.4,109.8,136.2,30,40,100,0.0,0.0,0.0,0.0
32.1,80.2,90.8,30,40,100,0.0,0.0,9.2,0.5
12.7,57.5,236.9,30,40,100,17.3,0.0,0.0,2.9
0.0,0.0,87.7,30,40,100,30.0,40.0,12.3,5.0
39.3,29.2,153.5,30,40,100,0.0,10.8,0.0,1.4
76.7,39.3,47.4,30,40,100,0.0,0.7,52.6,2.6
18.9,64.5,0.2,30,40,100,11.1,0.0,99.8,5.0
0.0,62.1,131.4,30,40,100,30.0,0.0,0.0,5.0
45.0,43.3,66.3,30,40,100,0.0,0.0,33.7,1.7
54.0,41.3,140.6,30,40,100,0.0,0.0,0.0,0.0
0.0,65.4,102.0,30,40,100,30.0,0.0,0.0,5.0
31.0,1.9,9.5,30,40,100,0.0,38.1,90.5,4.8
38.8,104.7,160.1,30,40,100,0.0,0.0,0.0,0.0
23.9,0.0,3.2,30,40,100,6.1,40.0,96.8,5.0
3.4,95.0,123.9,30,40,100,26.6,0.0,0.0,4.4
54.9,34.6,176.9,30,40,100,0.0,5.4,0.0,0.7
14.5,76.8,42.5,30,40,100,15.5,0.0,57.5,2.9
0.0,51.1,166.7,30,40,100,30.0,0.0,0.0,5.0
0.0,50.4,105.6,30,40,100,30.0,0.0,0.0,5.0
61.9,58.8,142.2,30,40,100,0.0,0.0,0.0,0.0
43.5,69.0,6.0,30,40,100,0.0,0.0,94.0,4.7
28.5,23.2,90.8,30,40,100,1.5,16.8,9.2,2.1
13.4,78.1,0.0,30,40,100,16.6,0.0,100.0,5.0
10.9,0.0,211.5,30,40,100,19.1,40.0,0.0,5.0
0.0,36.2,0.0,30,40,100,30.0,3.8,100.0,5.0
13.7,70.1,44.9,30,40,100,16.3,0.0,55.1,2.8
0.0,76.5,0.0,30,40,100,30.0,0.0,100.0,5.0
5.0,55.0,127.9,30,40,100,25.0,0.0,0.0,4.2
17.1,20.6,228.7,30,40,100,12.9,19.4,0.0,2.4
43.3,72.5,126.3,30,40,100,0.0,0.0,0.0,0.0
24.8,9.5,312.3,30,40,100,5.2,30.5,0.0,3.8
48.6,106.9,0.0,30,40,100,0.0,0.0,100.0,5.0
64.4,33.0,0.0,30,40,100,0.0,7.0,100.0,5.0
56.1,0.0,1.5,30,40,100,0.0,40.0,98.5,5.0
39.4,0.0,83.3,30,40,100,0.0,40.0,16.7,5.0
26.3,38.2,0.0,30,40,100,3.7,1.8,100.0,5.0
0.0,42.1,12.9,30,40,100,30.0,0.0,87.1,5.0
47.0,115.7,123.5,30,40,100,0.0,0.0,0.0,0.0
73.8,0.0,0.0,30,40,100,0.0,40.0,100.0,5.0
35.7,38.0,0.0,30,40,100,0.0,2.0,100.0,5.0
80.6,0.0,41.4,30,40,100,0.0,40.0,58.6,5.0
0.0,16.6,48.9,30,40,100,30.0,23.4,51.1,5.0
0.0,104.2,154.9,30,40,100,30.0,0.0,0.0,5.0
50.3,0.0,0.9,30,40,100,0.0,40.0,99.1,5.0
33.5,60.1,15.4,30,40,100,0.0,0.0,84.6,4.2
63.4,52.3,120.4,30,40,100,0.0,0.0,0.0,0.0
25.5,35.5,138.1,30,40,100,4.5,4.5,0.0,0.8
1.2,57.4,188.7,30,40,100,28.8,0.0,0.0,4.8
19.9,0.0,111.3,30,40,100,10.1,40.0,0.0,5.0
0.0,103.1,84.0,30,40,100,30.0,0.0,16.0,5.0
0.0,113.9,119.9,30,40,100,30.0,0.0,0.0,5.0
53.6,38.3,51.9,30,40,100,0.0,1.7,48.1,2.4
50.8,134.0,51.3,30,40,100,0.0,0.0,48.7,2.4
36.3,20.4,0.0,30,40,100,0.0,19.6,100.0,5.0
0.0,52.6,145.5,30,40,100,30.0,0.0,0.0,5.0
15.7,94.1,90.5,30,40,100,14.3,0.0,9.5,2.4
0.0,18.0,136.2,30,40,100,30.0,22.0,0.0,5.0
59.5,0.0,0.0,30,40,100,0.0,40.0,100.0,5.0
9.3,0.0,69.7,30,40,100,20.7,40.0,30.3,5.0
0.0,119.4,4.5,30,40,100,30.0,0.0,95.5,5.0
26.8,15.2,194.6,30,40,100,3.2,24.8,0.0,3.1
7.7,29.0,123.0,30,40,100,22.3,11.0,0.0,3.7
68.2,0.0,92.4,30,40,100,0.0,40.0,7.6,5.0
5.0,74.6,38.7,30,40,100,25.0,0.0,61.3,4.2
0.0,5.0,105.5,30,40,100,30.0,35.0,0.0,5.0
0.0,16.7,0.0,30,40,100,30.0,23.3,100.0,5.0
25.1,48.5,65.5,30,40,100,4.9,0.0,34.5,1.7
9.9,0.0,26.9,30,40,100,20.1,40.0,73.1,5.0
0.0,29.3,256.3,30,40,100,30.0,10.7,0.0,5.0
59.8,92.9,192.0,30,40,100,0.0,0.0,0.0,0.0
45.0,53.7,159.2,30,40,100,0.0,0.0,0.0,0.0
25.1,41.7,0.0,30,40,100,4.9,0.0,100.0,5.0
64.8,45.1,143.2,30,40,100,0.0,0.0,0.0,0.0
44.8,20.8,88.6,30,40,100,0.0,19.2,11.4,2.4
2.5,116.8,172.2,30,40,100,27.5,0.0,0.0,4.6
0.0,3.8,99.5,30,40,100,30.0,36.2,0.5,5.0
49.2,44.9,73.0,30,40,100,0.0,0.0,27.0,1.4
37.2,41.1,92.3,30,40,100,0.0,0.0,7.7,0.4
30.8,77.0,0.0,30,40,100,0.0,0.0,100.0,5.0
1.8,80.8,11.6,30,40,100,28.2,0.0,88.4,4.7
43.3,35.2,103.6,30,40,100,0.0,4.8,0.0,0.6
4.4,48.1,165.4,30,40,100,25.6,0.0,0.0,4.3
23.0,49.7,29.1,30,40,100,7.0,0.0,70.9,3.5
67.2,0.0,70.2,30,40,100,0.0,40.0,29.8,5.0
7.1,0.0,0.0,30,40,100,22.9,40.0,100.0,5.0
0.0,12.1,191.2,30,40,100,30.0,27.9,0.0,5.0
0.0,13.8,163.3,30,40,100,30.0,26.2,0.0,5.0
54.3,0.0,126.1,30,40,100,0.0,40.0,0.0,5.0
33.2,66.6,106.3,30,40,100,0.0,0.0,0.0,0.0
22.3,36.5,198.7,30,40,100,7.7,3.5,0.0,1.3
11.5,27.8,8.6,30,40,100,18.5,12.2,91.4,4.6
39.8,0.0,0.0,30,40,100,0.0,40.0,100.0,5.0
1.8,34.7,159.1,30,40,100,28.2,5.3,0.0,4.7
34.7,0.0,153.7,30,40,100,0.0,40.0,0.0,5.0
5.1,29.9,0.0,30,40,100,24.9,10.1,100.0,5.0
0.4,39.0,30.6,30,40,100,29.6,1.0,69.4,4.9
7.8,46.2,209.7,30,40,100,22.2,0.0,0.0,3.7
15.3,0.0,106.7,30,40,100,14.7,40.0,0.0,5.0
24.6,45.5,137.0,30,40,100,5.4,0.0,0.0,0.9
32.7,0.0,0.0,30,40,100,0.0,40.0,100.0,5.0
0.0,3.7,126.5,30,40,100,30.0,36.3,0.0,5.0
3.0,65.3,0.0,30,40,100,27.0,0.0,100.0,5.0
14.8,117.5,0.0,30,40,100,15.2,0.0,100.0,5.0
68.8,38.5,132.1,30,40,100,0.0,1.5,0.0,0.2
0.0,3.6,189.2,30,40,100,30.0,36.4,0.0,5.0
30.6,44.0,53.0,30,40,100,0.0,0.0,47.0,2.3
68.5,74.2,29.4,30,40,100,0.0,0.0,70.6,3.5
0.0,61.4,211.5,30,40,100,30.0,0.0,0.0,5.0
37.2,146.8,57.8,30,40,100,0.0,0.0,42.2,2.1
3.1,7.7,68.2,30,40,100,26.9,32.3,31.8,4.5
11.6,46.6,210.1,30,40,100,18.4,0.0,0.0,3.1
3.1,98.8,45.0,30,40,100,26.9,0.0,55.0,4.5
5.1,96.3,20.8,30,40,100,24.9,0.0,79.2,4.1
103.5,0.0,139.3,30,40,100,0.0,40.0,0.0,5.0
50.0,36.3,16.1,30,40,100,0.0,3.7,83.9,4.2
57.3,96.2,61.8,30,40,100,0.0,0.0,38.2,1.9
40.0,152.8,0.0,30,40,100,0.0,0.0,100.0,5.0
0.0,64.8,88.4,30,40,100,30.0,0.0,11.6,5.0
37.2,21.6,79.0,30,40,100,0.0,18.4,21.0,2.3
56.5,0.0,151.6,30,40,100,0.0,40.0,0.0,5.0
1.6,125.7,142.6,30,40,100,28.4,0.0,0.0,4.7
53.4,65.8,118.0,30,40,100,0.0,0.0,0.0,0.0
46.0,2.3,105.3,30,40,100,0.0,37.7,0.0,4.7
78.7,28.3,67.6,30,40,100,0.0,11.7,32.4,1.6
14.1,48.9,122.7,30,40,100,15.9,0.0,0.0,2.7
0.0,58.3,0.0,30,40,100,30.0,0.0,100.0,5.0
15.7,0.2,0.0,30,40,100,14.3,39.8,100.0,5.0
66.8,11.7,167.2,30,40,100,0.0,28.3,0.0,3.5
0.0,0.0,127.9,30,40,100,30.0,40.0,0.0,5.0
0.0,78.3,63.3,30,40,100,30.0,0.0,36.7,5.0
28.5,22.7,160.2,30,40,100,1.5,17.3,0.0,2.2
13.3,55.2,14.5,30,40,100,16.7,0.0,85.5,4.3
26.2,93.7,16.6,30,40,100,3.8,0.0,83.4,4.2
52.9,45.3,5.4,30,40,100,0.0,0.0,94.6,4.7
10.2,31.9,119.3,30,40,100,19.8,8.1,0.0,3.3
0.0,44.3,0.0,30,40,100,30.0,0.0,100.0,5.0
84.2,39.0,11.6,30,40,100,0.0,1.0,88.4,4.4
0.0,86.6,96.9,30,40,100,30.0,0.0,3.1,5.0
0.0,49.0,0.0,30,40,100,30.0,0.0,100.0,5.0
57.4,14.5,20.2,30,40,100,0.0,25.5,79.8,4.0
15.0,78.6,0.0,30,40,100,15.0,0.0,100.0,5.0
24.1,86.0,122.4,30,40,100,5.9,0.0,0.0,1.0
39.7,0.0,18.0,30,40,100,0.0,40.0,82.0,5.0
56.8,98.1,0.0,30,40,100,0.0,0.0,100.0,5.0
16.5,51.1,0.0,30,40,100,13.5,0.0,100.0,5.0
69.2,47.8,39.8,30,40,100,0.0,0.0,60.2,3.0
0.0,77.0,0.0,30,40,100,30.0,0.0,100.0,5.0
47.6,13.6,230.1,30,40,100,0.0,26.4,0.0,3.3
2.0,74.8,0.0,30,40,100,28.0,0.0,100.0,5.0
65.0,21.3,37.2,30,40,100,0.0,18.7,62.8,3.1
30.0,0.0,82.1,30,40,100,0.0,40.0,17.9,5.0
6.8,0.0,11.0,30,40,100,23.2,40.0,89.0,5.0
44.8,59.3,90.6,30,40,100,0.0,0.0,9.4,0.5
51.4,0.0,9.0,30,40,100,0.0,40.0,91.0,5.0
44.2,101.2,196.9,30,40,100,0.0,0.0,0.0,0.0
0.0,84.3,0.0,30,40,100,30.0,0.0,100.0,5.0
12.2,90.1,0.0,30,40,100,17.8,0.0,100.0,5.0
25.8,41.5,0.0,30,40,100,4.2,0.0,100.0,5.0
24.8,46.8,104.7,30,40,100,5.2,0.0,0.0,0.9
47.3,0.0,64.0,30,40,100,0.0,40.0,36.0,5.0
0.0,76.5,134.2,30,40,100,30.0,0.0,0.0,5.0
35.5,51.7,114.0,30,40,100,0.0,0.0,0.0,0.0
17.7,59.3,22.2,30,40,100,12.3,0.0,77.8,3.9
2.1,104.4,34.1,30,40,100,27.9,0.0,65.9,4.6
4.8,12.1,42.4,30,40,100,25.2,27.9,57.6,4.2
19.8,31.4,225.5,30,40,100,10.2,8.6,0.0,1.7
0.0,49.6,129.2,30,40,100,30.0,0.0,0.0,5.0
6.0,0.0,226.1,30,40,100,24.0,40.0,0.0,5.0
1.0,28.9,141.3,30,40,100,29.0,11.1,0.0,4.8
41.1,56.3,68.4,30,40,100,0.0,0.0,31.6,1.6
3.0,23.4,0.0,30,40,100,27.0,16.6,100.0,5.0
19.8,89.1,89.7,30,40,100,10.2,0.0,10.3,1.7
69.9,0.0,68.6,30,40,100,0.0,40.0,31.4,5.0
54.3,81.6,65.9,30,40,100,0.0,0.0,34.1,1.7
51.6,63.1,56.6,30,40,100,0.0,0.0,43.4,2.2
11.7,13.6,0.0,30,40,100,18.3,26.4,100.0,5.0
41.4,0.0,175.2,30,40,100,0.0,40.0,0.0,5.0
19.3,0.0,69.4,30,40,100,10.7,40.0,30.6,5.0
20.4,4.4,0.0,30,40,100,9.6,35.6,100.0,5.0
37.6,78.6,112.3,30,40,100,0.0,0.0,0.0,0.0
9.0,34.2,4.5,30,40,100,21.0,5.8,95.5,4.8
68.5,83.3,118.8,30,40,100,0.0,0.0,0.0,0.0
21.4,11.5,144.6,30,40,100,8.6,28.5,0.0,3.6
43.6,64.9,155.7,30,40,100,0.0,0.0,0.0,0.0
67.4,7.6,60.5,30,40,100,0.0,32.4,39.5,4.0
55.3,0.0,40.1,30,40,100,0.0,40.0,59.9,5.0
0.0,32.1,23.0,30,40,100,30.0,7.9,77.0,5.0
38.6,9.7,15.2,30,40,100,0.0,30.3,84.8,4.2
50.2,0.0,72.1,30,40,100,0.0,40.0,27.9,5.0
51.4,29.1,56.6,30,40,100,0.0,10.9,43.4,2.2
0.0,40.7,6.9,30,40,100,30.0,0.0,93.1,5.0
7.2,87.5,0.0,30,40,100,22.8,0.0,100.0,5.0
54.3,74.1,64.7,30,40,100,0.0,0.0,35.3,1.8
4.3,85.5,38.5,30,40,100,25.7,0.0,61.5,4.3
17.4,65.4,0.0,30,40,100,12.6,0.0,100.0,5.0
70.8,49.8,140.5,30,40,100,0.0,0.0,0.0,0.0
24.6,0.0,216.4,30,40,100,5.4,40.0,0.0,5.0
5.3,42.5,151.1,30,40,100,24.7,0.0,0.0,4.1
1.0,60.5,15.4,30,40,100,29.0,0.0,84.6,4.8
35.4,95.1,69.4,30,40,100,0.0,0.0,30.6,1.5
0.0,64.1,197.7,30,40,100,30.0,0.0,0.0,5.0
18.9,86.4,0.0,30,40,100,11.1,0.0,100.0,5.0
35.4,0.0,136.6,30,40,100,0.0,40.0,0.0,5.0
62.9,23.3,0.0,30,40,100,0.0,16.7,100.0,5.0
45.0,53.7,209.3,30,40,100,0.0,0.0,0.0,0.0
5.6,83.2,38.8,30,40,100,24.4,0.0,61.2,4.1
59.5,30.6,253.3,30,40,100,0.0,9.4,0.0,1.2
17.4,33.1,212.9,30,40,100,12.6,6.9,0.0,2.1
0.0,64.1,64.9,30,40,100,30.0,0.0,35.1,5.0
21.1,0.0,15.5,30,40,100,8.9,40.0,84.5,5.0
66.9,101.1,89.2,30,40,100,0.0,0.0,10.8,0.5
30.7,1.1,59.0,30,40,100,0.0,38.9,41.0,4.9
26.3,0.0,41.1,30,40,100,3.7,40.0,58.9,5.0
72.6,36.9,0.0,30,40,100,0.0,3.1,100.0,5.0
0.0,104.8,32.0,30,40,100,30.0,0.0,68.0,5.0
0.0,60.0,0.0,30,40,100,30.0,0.0,100.0,5.0
0.0,66.7,118.0,30,40,100,30.0,0.0,0.0,5.0
36.6,38.1,153.4,30,40,100,0.0,1.9,0.0,0.2
30.7,30.3,133.2,30,40,100,0.0,9.7,0.0,1.2
69.9,0.0,101.1,30,40,100,0.0,40.0,0.0,5.0
32.9,0.0,4.7,30,40,100,0.0,40.0,95.3,5.0
14.4,44.3,90.1,30,40,100,15.6,0.0,9.9,2.6
26.0,89.3,137.4,30,40,100,4.0,0.0,0.0,0.7
29.3,50.3,26.2,30,40,100,0.7,0.0,73.8,3.7
0.0,61.5,83.1,30,40,100,30.0,0.0,16.9,5.0
103.1,100.2,61.8,30,40,100,0.0,0.0,38.2,1.9
40.8,49.7,207.6,30,40,100,0.0,0.0,0.0,0.0
31.9,31.5,142.2,30,40,100,0.0,8.5,0.0,1.1
43.5,3.5,122.6,30,40,100,0.0,36.5,0.0,4.6
46.2,117.8,0.0,30,40,100,0.0,0.0,100.0,5.0
21.9,57.6,87.4,30,40,100,8.1,0.0,12.6,1.4
8.0,0.0,61.0,30,40,100,22.0,40.0,39.0,5.0
43.0,0.0,60.3,30,40,100,0.0,40.0,39.7,5.0
36.9,86.9,0.0,30,40,100,0.0,0.0,100.0,5.0
2.9,0.0,0.0,30,40,100,27.1,40.0,100.0,5.0
66.4,111.1,68.0,30,40,100,0.0,0.0,32.0,1.6
34.3,0.0,163.4,30,40,100,0.0,40.0,0.0,5.0
46.7,93.7,25.9,30,40,100,0.0,0.0,74.1,3.7
65.6,56.0,41.2,30,40,100,0.0,0.0,58.8,2.9
26.6,41.2,217.1,30,40,100,3.4,0.0,0.0,0.6
35.0,29.4,49.6,30,40,100,0.0,10.6,50.4,2.5
49.0,112.5,63.1,30,40,100,0.0,0.0,36.9,1.8
5.3,64.9,64.2,30,40,100,24.7,0.0,35.8,4.1
27.5,0.1,0.0,30,40,100,2.5,39.9,100.0,5.0
29.5,0.0,119.6,30,40,100,0.5,40.0,0.0,5.0
0.0,43.6,20.8,30,40,100,30.0,0.0,79.2,5.0
92.0,36.4,71.1,30,40,100,0.0,3.6,28.9,1.4
0.0,0.0,109.3,30,40,100,30.0,40.0,0.0,5.0
0.0,34.2,230.2,30,40,100,30.0,5.8,0.0,5.0
63.4,13.3,0.0,30,40,100,0.0,26.7,100.0,5.0
46.3,36.8,143.3,30,40,100,0.0,3.2,0.0,0.4
0.0,65.7,143.6,30,40,100,30.0,0.0,0.0,5.0
43.2,96.5,22.0,30,40,100,0.0,0.0,78.0,3.9
67.8,73.0,121.8,30,40,100,0.0,0.0,0.0,0.0
25.1,7.4,206.0,30,40,100,4.9,32.6,0.0,4.1
100.0,51.3,11.8,30,40,100,0.0,0.0,88.2,4.4
0.0,39.0,93.0,30,40,100,30.0,1.0,7.0,5.0
45.7,0.0,106.1,30,40,100,0.0,40.0,0.0,5.0
59.2,52.5,116.6,30,40,100,0.0,0.0,0.0,0.0
51.3,111.2,135.5,30,40,100,0.0,0.0,0.0,0.0
20.1,37.8,86.9,30,40,100,9.9,2.2,13.1,1.6
17.7,0.0,114.9,30,40,100,12.3,40.0,0.0,5.0
38.6,37.7,0.0,30,40,100,0.0,2.3,100.0,5.0
49.2,0.0,86.7,30,40,100,0.0,40.0,13.3,5.0
43.1,71.2,35.1,30,40,100,0.0,0.0,64.9,3.2
55.6,57.6,0.0,30,40,100,0.0,0.0,100.0,5.0
0.0,29.6,32.4,30,40,100,30.0,10.4,67.6,5.0
19.5,23.1,95.2,30,40,100,10.5,16.9,4.8,2.1
0.0,27.9,108.6,30,40,100,30.0,12.1,0.0,5.0
15.0,36.8,0.0,30,40,100,15.0,3.2,100.0,5.0
54.9,5.4,0.0,30,40,100,0.0,34.6,100.0,5.0
29.0,0.0,131.9,30,40,100,1.0,40.0,0.0,5.0
100.2,82.3,114.5,30,40,100,0.0,0.0,0.0,0.0
31.5,20.9,145.0,30,40,100,0.0,19.1,0.0,2.4
27.7,43.2,183.8,30,40,100,2.3,0.0,0.0,0.4
29.0,47.9,116.9,30,40,100,1.0,0.0,0.0,0.2
7.8,49.4,40.0,30,40,100,22.2,0.0,60.0,3.7
24.3,0.0,82.8,30,40,100,5.7,40.0,17.2,5.0
58.1,0.0,207.4,30,40,100,0.0,40.0,0.0,5.0
29.2,12.8,296.4,30,40,100,0.8,27.2,0.0,3.4
3.4,52.4,110.8,30,40,100,26.6,0.0,0.0,4.4
0.0,7.2,116.7,30,40,100,30.0,32.8,0.0,5.0
13.1,22.2,132.0,30,40,100,16.9,17.8,0.0,2.8
28.1,122.1,75.4,30,40,100,1.9,0.0,24.6,1.2
59.9,0.0,167.4,30,40,100,0.0,40.0,0.0,5.0
0.0,6.1,154.8,30,40,100,30.0,33.9,0.0,5.0
16.8,112.8,102.1,30,40,100,13.2,0.0,0.0,2.2
30.1,34.7,47.8,30,40,100,0.0,5.3,52.2,2.6
0.0,8.0,0.0,30,40,100,30.0,32.0,100.0,5.0
2.2,83.5,132.6,30,40,100,27.8,0.0,0.0,4.6
6.6,38.7,90.7,30,40,100,23.4,1.3,9.3,3.9
3.3,22.4,14.0,30,40,100,26.7,17.6,86.0,4.4
31.4,44.2,0.0,30,40,100,0.0,0.0,100.0,5.0
21.4,10.0,126.8,30,40,100,8.6,30.0,0.0,3.8
10.1,0.0,0.0,30,40,100,19.9,40.0,100.0,5.0
38.1,31.9,97.7,30,40,100,0.0,8.1,2.3,1.0
75.0,0.0,141.5,30,40,100,0.0,40.0,0.0,5.0
72.6,36.9,117.8,30,40,100,0.0,3.1,0.0,0.4
0.0,50.7,42.0,30,40,100,30.0,0.0,58.0,5.0
42.4,70.8,0.0,30,40,100,0.0,0.0,100.0,5.0
20.9,81.8,120.8,30,40,100,9.1,0.0,0.0,1.5
30.4,20.1,170.3,30,40,100,0.0,19.9,0.0,2.5
14.6,56.5,27.3,30,40,100,15.4,0.0,72.7,3.6
29.3,56.3,114.4,30,40,100,0.7,0.0,0.0,0.1
30.3,49.6,201.0,30,40,100,0.0,0.0,0.0,0.0
9.5,17.2,100.8,30,40,100,20.5,22.8,0.0,3.4
0.4,0.0,41.5,30,40,100,29.6,40.0,58.5,5.0
13.2,56.7,157.4,30,40,100,16.8,0.0,0.0,2.8
32.6,0.0,14.0,30,40,100,0.0,40.0,86.0,5.0
43.0,25.7,0.0,30,40,100,0.0,14.3,100.0,5.0
50.3,0.0,139.0,30,40,100,0.0,40.0,0.0,5.0
11.9,0.0,40.7,30,40,100,18.1,40.0,59.3,5.0
34.0,1.1,48.0,30,40,100,0.0,38.9,52.0,4.9
53.4,80.6,22.9,30,40,100,0.0,0.0,77.1,3.9
59.1,64.1,35.4,30,40,100,0.0,0.0,64.6,3.2
24.3,14.2,186.6,30,40,100,5.7,25.8,0.0,3.2
19.7,65.8,207.6,30,40,100,10.3,0.0,0.0,1.7
31.4,72.2,218.3,30,40,100,0.0,0.0,0.0,0.0
0.0,30.0,161.4,30,40,100,30.0,10.0,0.0,5.0
20.4,0.0,111.1,30,40,100,9.6,40.0,0.0,5.0
47.2,28.1,0.0,30,40,100,0.0,11.9,100.0,5.0
44.2,32.5,58.4,30,40,100,0.0,7.5,41.6,2.1
18.3,0.0,247.4,30,40,100,11.7,40.0,0.0,5.0
32.2,51.2,38.4,30,40,100,0.0,0.0,61.6,3.1
2.5,47.7,195.6,30,40,100,27.5,0.0,0.0,4.6
46.0,54.4,77.9,30,40,100,0.0,0.0,22.1,1.1
23.7,47.7,0.0,30,40,100,6.3,0.0,100.0,5.0
18.1,65.8,125.1,30,40,100,11.9,0.0,0.0,2.0
15.7,29.2,175.6,30,40,100,14.3,10.8,0.0,2.4
24.2,44.6,69.5,30,40,100,5.8,0.0,30.5,1.5
13.2,20.4,172.9,30,40,100,16.8,19.6,0.0,2.8
44.7,12.9,0.0,30,40,100,0.0,27.1,100.0,5.0
14.7,90.3,0.0,30,40,100,15.3,0.0,100.0,5.0
71.3,0.0,90.0,30,40,100,0.0,40.0,10.0,5.0
67.7,71.7,112.0,30,40,100,0.0,0.0,0.0,0.0
0.6,11.5,182.9,30,40,100,29.4,28.5,0.0,4.9
27.9,6.3,125.0,30,40,100,2.1,33.7,0.0,4.2
7.4,47.0,0.0,30,40,100,22.6,0.0,100.0,5.0
16.6,0.0,90.7,30,40,100,13.4,40.0,9.3,5.0
83.0,3.6,121.9,30,40,100,0.0,36.4,0.0,4.6
17.2,2.3,0.0,30,40,100,12.8,37.7,100.0,5.0
36.2,27.5,70.0,30,40,100,0.0,12.5,30.0,1.6
41.4,4.1,46.4,30,40,100,0.0,35.9,53.6,4.5
0.0,100.9,20.7,30,40,100,30.0,0.0,79.3,5.0
1.6,108.8,113.7,30,40,100,28.4,0.0,0.0,4.7
0.0,0.0,0.0,30,40,100,30.0,40.0,100.0,5.0
0.7,58.4,107.1,30,40,100,29.3,0.0,0.0,4.9
0.0,71.0,118.6,30,40,100,30.0,0.0,0.0,5.0
41.5,58.3,160.9,30,40,100,0.0,0.0,0.0,0.0
84.5,10.0,0.0,30,40,100,0.0,30.0,100.0,5.0
30.2,26.6,0.0,30,40,100,0.0,13.4,100.0,5.0
0.0,6.3,96.0,30,40,100,30.0,33.7,4.0,5.0
7.6,19.5,50.4,30,40,100,22.4,20.5,49.6,3.7
12.9,0.0,307.6,30,40,100,17.1,40.0,0.0,5.0
0.0,31.8,110.5,30,40,100,30.0,8.2,0.0,5.0
50.4,0.0,78.2,30,40,100,0.0,40.0,21.8,5.0
49.0,28.4,59.6,30,40,100,0.0,11.6,40.4,2.0
0.0,0.0,0.0,30,40,100,30.0,40.0,100.0,5.0
46.6,44.8,119.0,30,40,100,0.0,0.0,0.0,0.0
69.4,9.1,67.1,30,40,100,0.0,30.9,32.9,3.9
80.1,48.1,67.2,30,40,100,0.0,0.0,32.8,1.6
107.5,80.0,81.1,30,40,100,0.0,0.0,18.9,0.9
0.3,100.4,91.3,30,40,100,29.7,0.0,8.7,5.0
106.4,0.0,0.0,30,40,100,0.0,40.0,100.0,5.0
15.9,2.9,141.0,30,40,100,14.1,37.1,0.0,4.6
9.1,24.2,5.2,30,40,100,20.9,15.8,94.8,4.7
35.3,55.0,62.4,30,40,100,0.0,0.0,37.6,1.9
9.4,0.0,177.2,30,40,100,20.6,40.0,0.0,5.0
37.3,0.0,217.0,30,40,100,0.0,40.0,0.0,5.0
0.0,41.7,0.0,30,40,100,30.0,0.0,100.0,5.0
19.2,39.9,75.9,30,40,100,10.8,0.1,24.1,1.8
62.6,51.6,95.5,30,40,100,0.0,0.0,4.5,0.2
24.3,54.3,0.0,30,40,100,5.7,0.0,100.0,5.0
30.0,50.1,138.2,30,40,100,0.0,0.0,0.0,0.0
39.5,44.2,82.9,30,40,100,0.0,0.0,17.1,0.9
59.3,38.7,89.2,30,40,100,0.0,1.3,10.8,0.5
0.0,63.2,0.0,30,40,100,30.0,0.0,100.0,5.0
42.6,0.0,106.8,30,40,100,0.0,40.0,0.0,5.0
18.3,98.6,141.1,30,40,100,11.7,0.0,0.0,1.9
30.7,0.0,83.8,30,40,100,0.0,40.0,16.2,5.0
56.1,0.0,32.0,30,40,100,0.0,40.0,68.0,5.0
0.0,27.3,38.3,30,40,100,30.0,12.7,61.7,5.0
0.0,63.5,91.3,30,40,100,30.0,0.0,8.7,5.0
0.0,0.0,77.4,30,40,100,30.0,40.0,22.6,5.0
10.3,35.3,146.5,30,40,100,19.7,4.7,0.0,3.3
63.8,68.3,34.8,30,40,100,0.0,0.0,65.2,3.3
22.5,76.5,0.0,30,40,100,7.5,0.0,100.0,5.0
0.0,8.4,102.5,30,40,100,30.0,31.6,0.0,5.0
12.1,24.3,35.0,30,40,100,17.9,15.7,65.0,3.2
0.0,11.7,136.7,30,40,100,30.0,28.3,0.0,5.0
0.0,20.6,74.1,30,40,100,30.0,19.4,25.9,5.0
37.0,0.0,126.3,30,40,100,0.0,40.0,0.0,5.0
0.0,0.7,0.0,30,40,100,30.0,39.3,100.0,5.0
57.6,53.9,85.1,30,40,100,0.0,0.0,14.9,0.7
23.9,41.7,17.1,30,40,100,6.1,0.0,82.9,4.1
28.4,56.2,0.0,30,40,100,1.6,0.0,100.0,5.0
18.0,45.1,4.1,30,40,100,12.0,0.0,95.9,4.8
48.0,64.8,29.6,30,40,100,0.0,0.0,70.4,3.5
48.3,71.8,173.9,30,40,100,0.0,0.0,0.0,0.0
35.5,0.0,27.5,30,40,100,0.0,40.0,72.5,5.0
42.0,2.1,0.0,30,40,100,0.0,37.9,100.0,5.0
19.9,27.1,84.1,30,40,100,10.1,12.9,15.9,1.7
41.4,35.5,75.8,30,40,100,0.0,4.5,24.2,1.2
16.3,9.5,33.8,30,40,100,13.7,30.5,66.2,3.8
26.0,73.2,60.5,30,40,100,4.0,0.0,39.5,2.0
18.1,116.1,152.2,30,40,100,11.9,0.0,0.0,2.0
12.9,43.9,127.6,30,40,100,17.1,0.0,0.0,2.9
6.3,39.8,120.6,30,40,100,23.7,0.2,0.0,4.0
39.3,70.6,0.0,30,40,100,0.0,0.0,100.0,5.0
63.3,0.0,306.3,30,40,100,0.0,40.0,0.0,5.0
59.3,37.6,158.3,30,40,100,0.0,2.4,0.0,0.3
0.0,75.8,115.2,30,40,100,30.0,0.0,0.0,5.0
62.7,10.6,0.0,30,40,100,0.0,29.4,100.0,5.0
16.9,0.0,149.9,30,40,100,13.1,40.0,0.0,5.0
43.1,29.0,33.1,30,40,100,0.0,11.0,66.9,3.3
0.1,34.0,57.8,30,40,100,29.9,6.0,42.2,5.0
30.0,0.0,0.0,30,40,100,0.0,40.0,100.0,5.0
34.9,120.8,0.0,30,40,100,0.0,0.0,100.0,5.0
0.0,17.2,108.9,30,40,100,30.0,22.8,0.0,5.0
43.3,0.0,154.6,30,40,100,0.0,40.0,0.0,5.0
64.3,32.7,128.7,30,40,100,0.0,7.3,0.0,0.9
21.0,73.0,126.0,30,40,100,9.0,0.0,0.0,1.5
64.7,37.1,68.3,30,40,100,0.0,2.9,31.7,1.6
20.5,56.0,40.7,30,40,100,9.5,0.0,59.3,3.0
50.1,1.4,96.8,30,40,100,0.0,38.6,3.2,4.8
0.0,96.3,139.7,30,40,100,30.0,0.0,0.0,5.0
94.8,59.1,73.9,30,40,100,0.0,0.0,26.1,1.3
68.5,78.6,171.1,30,40,100,0.0,0.0,0.0,0.0
17.8,51.1,56.2,30,40,100,12.2,0.0,43.8,2.2
0.0,69.6,0.0,30,40,100,30.0,0.0,100.0,5.0
34.2,1.3,72.7,30,40,100,0.0,38.7,27.3,4.8
0.0,16.7,82.0,30,40,100,30.0,23.3,18.0,5.0
38.6,90.6,66.9,30,40,100,0.0,0.0,33.1,1.7
37.7,99.2,176.8,30,40,100,0.0,0.0,0.0,0.0
0.0,0.0,138.4,30,40,100,30.0,40.0,0.0,5.0
57.9,46.5,0.0,30,40,100,0.0,0.0,100.0,5.0
48.9,19.1,197.2,30,40,100,0.0,20.9,0.0,2.6
53.7,8.4,0.0,30,40,100,0.0,31.6,100.0,5.0
26.2,47.9,247.0,30,40,100,3.8,0.0,0.0,0.6
0.0,82.4,50.3,30,40,100,30.0,0.0,49.7,5.0
53.8,54.6,58.2,30,40,100,0.0,0.0,41.8,2.1
18.3,23.6,68.7,30,40,100,11.7,16.4,31.3,2.0
0.0,57.2,104.6,30,40,100,30.0,0.0,0.0,5.0
64.5,22.0,73.5,30,40,100,0.0,18.0,26.5,2.2
85.7,53.0,62.7,30,40,100,0.0,0.0,37.3,1.9
24.8,92.6,179.1,30,40,100,5.2,0.0,0.0,0.9
87.4,0.0,119.1,30,40,100,0.0,40.0,0.0,5.0
28.6,68.5,0.0,30,40,100,1.4,0.0,100.0,5.0
15.1,0.0,133.2,30,40,100,14.9,40.0,0.0,5.0
8.0,85.9,115.8,30,40,100,22.0,0.0,0.0,3.7
72.6,10.8,29.5,30,40,100,0.0,29.2,70.5,3.6
3.7,0.0,137.4,30,40,100,26.3,40.0,0.0,5.0
46.9,64.4,60.8,30,40,100,0.0,0.0,39.2,2.0
10.0,51.1,55.6,30,40,100,20.0,0.0,44.4,3.3
12.8,0.0,53.4,30,40,100,17.2,40.0,46.6,5.0
55.3,0.0,0.0,30,40,100,0.0,40.0,100.0,5.0
15.1,28.9,31.0,30,40,100,14.9,11.1,69.0,3.4
14.4,0.0,131.0,30,40,100,15.6,40.0,0.0,5.0
58.2,0.0,71.7,30,40,100,0.0,40.0,28.3,5.0
71.4,41.1,0.0,30,40,100,0.0,0.0,100.0,5.0
44.3,0.0,151.3,30,40,100,0.0,40.0,0.0,5.0
7.3,53.6,49.4,30,40,100,22.7,0.0,50.6,3.8
11.4,96.4,0.0,30,40,100,18.6,0.0,100.0,5.0
28.2,30.5,251.4,30,40,100,1.8,9.5,0.0,1.2
35.1,41.7,0.0,30,40,100,0.0,0.0,100.0,5.0
0.0,117.7,144.4,30,40,100,30.0,0.0,0.0,5.0
46.5,0.0,11.5,30,40,100,0.0,40.0,88.5,5.0
28.4,84.4,84.4,30,40,100,1.6,0.0,15.6,0.8
0.0,79.5,0.7,30,40,100,30.0,0.0,99.3,5.0
0.0,70.8,0.0,30,40,100,30.0,0.0,100.0,5.0
11.6,88.4,115.6,30,40,100,18.4,0.0,0.0,3.1
23.9,47.7,106.2,30,40,100,6.1,0.0,0.0,1.0
79.8,13.0,165.8,30,40,100,0.0,27.0,0.0,3.4
32.7,80.5,70.7,30,40,100,0.0,0.0,29.3,1.5
2.0,82.0,252.6,30,40,100,28.0,0.0,0.0,4.7
32.2,80.9,95.1,30,40,100,0.0,0.0,4.9,0.2
15.9,38.2,119.2,30,40,100,14.1,1.8,0.0,2.3
35.2,7.6,0.0,30,40,100,0.0,32.4,100.0,5.0
42.5,44.1,24.0,30,40,100,0.0,0.0,76.0,3.8
60.4,74.4,115.4,30,40,100,0.0,0.0,0.0,0.0
25.3,77.7,66.7,30,40,100,4.7,0.0,33.3,1.7
72.6,19.2,88.6,30,40,100,0.0,20.8,11.4,2.6
51.8,49.1,7.6,30,40,100,0.0,0.0,92.4,4.6
5.8,0.0,83.3,30,40,100,24.2,40.0,16.7,5.0
88.9,76.1,83.1,30,40,100,0.0,0.0,16.9,0.8
35.3,4.9,0.0,30,40,100,0.0,35.1,100.0,5.0
2.2,68.0,125.3,30,40,100,27.8,0.0,0.0,4.6
73.0,0.0,0.0,30,40,100,0.0,40.0,100.0,5.0
85.1,78.0,88.4,30,40,100,0.0,0.0,11.6,0.6
25.0,49.4,215.9,30,40,100,5.0,0.0,0.0,0.8
11.6,5.0,128.4,30,40,100,18.4,35.0,0.0,4.4
21.0,64.3,127.9,30,40,100,9.0,0.0,0.0,1.5
46.3,12.7,1.1,30,40,100,0.0,27.3,98.9,4.9
62.3,66.6,216.2,30,40,100,0.0,0.0,0.0,0.0
42.2,25.4,184.5,30,40,100,0.0,14.6,0.0,1.8
28.8,0.0,5.5,30,40,100,1.2,40.0,94.5,5.0
68.6,0.0,35.2,30,40,100,0.0,40.0,64.8,5.0
17.0,19.1,174.7,30,40,100,13.0,20.9,0.0,2.6
55.3,91.5,218.3,30,40,100,0.0,0.0,0.0,0.0
17.7,72.7,0.0,30,40,100,12.3,0.0,100.0,5.0
38.2,101.8,0.0,30,40,100,0.0,0.0,100.0,5.0
22.7,103.0,61.9,30,40,100,7.3,0.0,38.1,1.9
24.4,14.9,0.0,30,40,100,5.6,25.1,100.0,5.0
15.2,28.9,75.0,30,40,100,14.8,11.1,25.0,2.5
64.3,19.9,169.1,30,40,100,0.0,20.1,0.0,2.5
5.1,9.4,0.0,30,40,100,24.9,30.6,100.0,5.0
4.9,0.0,83.7,30,40,100,25.1,40.0,16.3,5.0
86.4,35.9,26.6,30,40,100,0.0,4.1,73.4,3.7
53.8,0.0,205.7,30,40,100,0.0,40.0,0.0,5.0
0.0,35.1,27.5,30,40,100,30.0,4.9,72.5,5.0
9.9,121.6,196.0,30,40,100,20.1,0.0,0.0,3.4
0.0,15.9,25.3,30,40,100,30.0,24.1,74.7,5.0
0.0,44.3,135.7,30,40,100,30.0,0.0,0.0,5.0
0.0,72.9,93.8,30,40,100,30.0,0.0,6.2,5.0
22.1,47.7,62.3,30,40,100,7.9,0.0,37.7,1.9
0.0,48.2,9.7,30,40,100,30.0,0.0,90.3,5.0
27.7,21.9,99.6,30,40,100,2.3,18.1,0.4,2.3
0.0,27.1,38.0,30,40,100,30.0,12.9,62.0,5.0
28.3,0.0,17.9,30,40,100,1.7,40.0,82.1,5.0
14.1,70.5,192.3,30,40,100,15.9,0.0,0.0,2.7
68.7,0.0,117.7,30,40,100,0.0,40.0,0.0,5.0
66.1,75.5,125.4,30,40,100,0.0,0.0,0.0,0.0
48.3,0.0,41.9,30,40,100,0.0,40.0,58.1,5.0
16.7,75.2,58.5,30,40,100,13.3,0.0,41.5,2.2
82.5,22.2,53.4,30,40,100,0.0,17.8,46.6,2.3
0.0,0.0,100.7,30,40,100,30.0,40.0,0.0,5.0
0.0,59.8,125.3,30,40,100,30.0,0.0,0.0,5.0
23.6,73.8,71.1,30,40,100,6.4,0.0,28.9,1.4
90.1,18.8,9.6,30,40,100,0.0,21.2,90.4,4.5
20.2,65.4,134.8,30,40,100,9.8,0.0,0.0,1.6
20.7,0.0,76.2,30,40,100,9.3,40.0,23.8,5.0
0.0,0.0,0.0,30,40,100,30.0,40.0,100.0,5.0
52.9,88.5,0.0,30,40,100,0.0,0.0,100.0,5.0
53.1,27.4,97.5,30,40,100,0.0,12.6,2.5,1.6
48.4,0.0,6.6,30,40,100,0.0,40.0,93.4,5.0
8.0,8.3,108.3,30,40,100,22.0,31.7,0.0,4.0
5.8,0.0,10.9,30,40,100,24.2,40.0,89.1,5.0
0.0,29.8,84.2,30,40,100,30.0,10.2,15.8,5.0
28.3,21.5,43.0,30,40,100,1.7,18.5,57.0,2.8
0.0,43.6,214.8,30,40,100,30.0,0.0,0.0,5.0
0.0,33.7,150.1,30,40,100,30.0,6.3,0.0,5.0
13.9,91.2,182.1,30,40,100,16.1,0.0,0.0,2.7
12.0,53.5,75.4,30,40,100,18.0,0.0,24.6,3.0
10.6,54.9,139.8,30,40,100,19.4,0.0,0.0,3.2
39.2,83.3,80.9,30,40,100,0.0,0.0,19.1,1.0
28.2,20.8,192.0,30,40,100,1.8,19.2,0.0,2.4
17.7,0.0,67.6,30,40,100,12.3,40.0,32.4,5.0
31.2,85.0,0.0,30,40,100,0.0,0.0,100.0,5.0
0.0,41.9,0.0,30,40,100,30.0,0.0,100.0,5.0
28.9,42.1,208.0,30,40,100,1.1,0.0,0.0,0.2
30.2,11.0,112.1,30,40,100,0.0,29.0,0.0,3.6
0.0,11.6,117.4,30,40,100,30.0,28.4,0.0,5.0
54.3,70.5,193.6,30,40,100,0.0,0.0,0.0,0.0
0.9,76.1,0.0,30,40,100,29.1,0.0,100.0,5.0
28.5,68.0,44.6,30,40,100,1.5,0.0,55.4,2.8
59.1,68.4,54.5,30,40,100,0.0,0.0,45.5,2.3
52.3,59.3,133.4,30,40,100,0.0,0.0,0.0,0.0
26.9,41.7,17.6,30,40,100,3.1,0.0,82.4,4.1
15.6,29.4,0.0,30,40,100,14.4,10.6,100.0,5.0
52.9,85.2,0.0,30,40,100,0.0,0.0,100.0,5.0
45.2,21.4,166.2,30,40,100,0.0,18.6,0.0,2.3
8.3,51.3,13.6,30,40,100,21.7,0.0,86.4,4.3
3.3,4.1,29.0,30,40,100,26.7,35.9,71.0,4.5
0.0,9.9,124.7,30,40,100,30.0,30.1,0.0,5.0
30.3,26.9,17.1,30,40,100,0.0,13.1,82.9,4.1
23.6,4.1,0.0,30,40,100,6.4,35.9,100.0,5.0
58.3,68.6,0.0,30,40,100,0.0,0.0,100.0,5.0
36.2,0.0,68.9,30,40,100,0.0,40.0,31.1,5.0
63.9,40.4,113.6,30,40,100,0.0,0.0,0.0,0.0
6.1,41.8,57.2,30,40,100,23.9,0.0,42.8,4.0
58.4,0.0,108.2,30,40,100,0.0,40.0,0.0,5.0
10.9,18.7,0.0,30,40,100,19.1,21.3,100.0,5.0
48.1,46.7,0.0,30,40,100,0.0,0.0,100.0,5.0
0.0,53.7,255.3,30,40,100,30.0,0.0,0.0,5.0
32.6,28.2,172.9,30,40,100,0.0,11.8,0.0,1.5
0.0,63.7,135.5,30,40,100,30.0,0.0,0.0,5.0
18.3,32.0,20.3,30,40,100,11.7,8.0,79.7,4.0
38.5,37.0,54.3,30,40,100,0.0,3.0,45.7,2.3
11.1,46.6,73.4,30,40,100,18.9,0.0,26.6,3.2
0.0,73.8,179.5,30,40,100,30.0,0.0,0.0,5.0
50.0,9.3,106.0,30,40,100,0.0,30.7,0.0,3.8
23.0,16.9,115.9,30,40,100,7.0,23.1,0.0,2.9
12.0,9.5,60.0,30,40,100,18.0,30.5,40.0,3.8
27.1,23.1,137.4,30,40,100,2.9,16.9,0.0,2.1
101.0,93.8,97.9,30,40,100,0.0,0.0,2.1,0.1
58.8,59.5,77.0,30,40,100,0.0,0.0,23.0,1.2
59.1,0.0,13.6,30,40,100,0.0,40.0,86.4,5.0
38.4,12.3,64.3,30,40,100,0.0,27.7,35.7,3.5
30.7,51.4,0.0,30,40,100,0.0,0.0,100.0,5.0
0.0,0.0,70.3,30,40,100,30.0,40.0,29.7,5.0
6.6,7.3,80.7,30,40,100,23.4,32.7,19.3,4.1
12.3,90.6,0.0,30,40,100,17.7,0.0,100.0,5.0
0.0,11.8,54.9,30,40,100,30.0,28.2,45.1,5.0
0.0,74.9,0.0,30,40,100,30.0,0.0,100.0,5.0
0.0,87.0,113.7,30,40,100,30.0,0.0,0.0,5.0
24.9,6.9,124.9,30,40,100,5.1,33.1,0.0,4.1
49.3,0.6,39.1,30,40,100,0.0,39.4,60.9,4.9
57.5,25.3,117.8,30,40,100,0.0,14.7,0.0,1.8
37.8,0.0,121.2,30,40,100,0.0,40.0,0.0,5.0
0.0,41.3,55.0,30,40,100,30.0,0.0,45.0,5.0
0.0,28.2,197.2,30,40,100,30.0,11.8,0.0,5.0
0.0,51.0,15.0,30,40,100,30.0,0.0,85.0,5.0
0.0,92.7,192.2,30,40,100,30.0,0.0,0.0,5.0
0.6,69.3,55.3,30,40,100,29.4,0.0,44.7,4.9
21.4,56.1,5.5,30,40,100,8.6,0.0,94.5,4.7
0.0,0.0,45.1,30,40,100,30.0,40.0,54.9,5.0
35.6,54.3,0.0,30,40,100,0.0,0.0,100.0,5.0
19.3,105.8,136.8,30,40,100,10.7,0.0,0.0,1.8
26.3,0.0,0.0,30,40,100,3.7,40.0,100.0,5.0
58.4,64.2,185.6,30,40,100,0.0,0.0,0.0,0.0
0.0,30.0,0.0,30,40,100,30.0,10.0,100.0,5.0
37.9,2.2,141.0,30,40,100,0.0,37.8,0.0,4.7
25.6,68.7,75.4,30,40,100,4.4,0.0,24.6,1.2
16.5,105.3,95.3,30,40,100,13.5,0.0,4.7,2.2
51.2,67.6,25.9,30,40,100,0.0,0.0,74.1,3.7
51.0,21.5,101.9,30,40,100,0.0,18.5,0.0,2.3
0.0,0.0,84.4,30,40,100,30.0,40.0,15.6,5.0
20.8,42.3,0.0,30,40,100,9.2,0.0,100.0,5.0
34.0,71.6,0.0,30,40,100,0.0,0.0,100.0,5.0
18.2,20.9,29.9,30,40,100,11.8,19.1,70.1,3.5
42.6,24.8,12.6,30,40,100,0.0,15.2,87.4,4.4
34.0,150.0,174.5,30,40,100,0.0,0.0,0.0,0.0
78.1,79.9,74.1,30,40,100,0.0,0.0,25.9,1.3
0.0,82.7,10.7,30,40,100,30.0,0.0,89.3,5.0
22.5,0.0,33.9,30,40,100,7.5,40.0,66.1,5.0
0.1,8.0,32.8,30,40,100,29.9,32.0,67.2,5.0
43.2,39.5,50.3,30,40,100,0.0,0.5,49.7,2.5
0.0,0.0,0.0,30,40,100,30.0,40.0,100.0,5.0
35.8,100.9,7.9,30,40,100,0.0,0.0,92.1,4.6
8.0,93.2,135.3,30,40,100,22.0,0.0,0.0,3.7
5.0,15.0,88.4,30,40,100,25.0,25.0,11.6,4.2
0.0,108.2,61.2,30,40,100,30.0,0.0,38.8,5.0
12.7,36.3,73.7,30,40,100,17.3,3.7,26.3,2.9
56.8,140.7,69.8,30,40,100,0.0,0.0,30.2,1.5
25.2,42.3,56.6,30,40,100,4.8,0.0,43.4,2.2
43.8,59.6,115.2,30,40,100,0.0,0.0,0.0,0.0
73.4,92.8,109.2,30,40,100,0.0,0.0,0.0,0.0
33.5,87.9,0.0,30,40,100,0.0,0.0,100.0,5.0
10.0,57.0,62.9,30,40,100,20.0,0.0,37.1,3.3
39.3,30.8,0.0,30,40,100,0.0,9.2,100.0,5.0
10.5,57.1,124.8,30,40,100,19.5,0.0,0.0,3.2
11.6,3.6,135.4,30,40,100,18.4,36.4,0.0,4.6
0.0,42.6,24.2,30,40,100,30.0,0.0,75.8,5.0
52.3,0.0,64.1,30,40,100,0.0,40.0,35.9,5.0
15.0,0.0,0.0,30,40,100,15.0,40.0,100.0,5.0
31.1,38.5,151.9,30,40,100,0.0,1.5,0.0,0.2
0.0,87.2,130.7,30,40,100,30.0,0.0,0.0,5.0
38.4,73.7,166.2,30,40,100,0.0,0.0,0.0,0.0
4.3,33.2,193.4,30,40,100,25.7,6.8,0.0,4.3
21.9,106.8,0.0,30,40,100,8.1,0.0,100.0,5.0
51.0,13.5,145.1,30,40,100,0.0,26.5,0.0,3.3
48.5,0.0,192.8,30,40,100,0.0,40.0,0.0,5.0
25.3,0.0,0.0,30,40,100,4.7,40.0,100.0,5.0
0.0,0.0,59.7,30,40,100,30.0,40.0,40.3,5.0
111.2,69.3,44.2,30,40,100,0.0,0.0,55.8,2.8
75.7,10.9,142.5,30,40,100,0.0,29.1,0.0,3.6
46.5,55.0,0.0,30,40,100,0.0,0.0,100.0,5.0
4.5,102.7,219.9,30,40,100,25.5,0.0,0.0,4.2
22.7,0.0,64.4,30,40,100,7.3,40.0,35.6,5.0
10.5,55.7,147.4,30,40,100,19.5,0.0,0.0,3.2
61.9,58.1,68.6,30,40,100,0.0,0.0,31.4,1.6
33.4,1.8,113.2,30,40,100,0.0,38.2,0.0,4.8
3.6,90.9,0.0,30,40,100,26.4,0.0,100.0,5.0
12.5,24.9,42.5,30,40,100,17.5,15.1,57.5,2.9
57.9,21.0,141.9,30,40,100,0.0,19.0,0.0,2.4
71.5,121.4,96.8,30,40,100,0.0,0.0,3.2,0.2
69.5,57.5,0.0,30,40,100,0.0,0.0,100.0,5.0
47.5,73.7,78.4,30,40,100,0.0,0.0,21.6,1.1
18.8,91.0,7.5,30,40,100,11.2,0.0,92.5,4.6
0.0,10.3,0.5,30,40,100,30.0,29.7,99.5,5.0
34.4,86.7,0.0,30,40,100,0.0,0.0,100.0,5.0
25.9,16.2,123.4,30,40,100,4.1,23.8,0.0,3.0
29.9,14.5,163.3,30,40,100,0.1,25.5,0.0,3.2
27.5,25.5,244.5,30,40,100,2.5,14.5,0.0,1.8
0.0,11.4,0.0,30,40,100,30.0,28.6,100.0,5.0
41.8,69.5,135.4,30,40,100,0.0,0.0,0.0,0.0
44.0,47.2,140.7,30,40,100,0.0,0.0,0.0,0.0
45.4,16.7,26.7,30,40,100,0.0,23.3,73.3,3.7
52.9,63.6,0.0,30,40,100,0.0,0.0,100.0,5.0
43.2,25.4,0.0,30,40,100,0.0,14.6,100.0,5.0
14.3,23.2,31.0,30,40,100,15.7,16.8,69.0,3.4
23.9,38.4,89.8,30,40,100,6.1,1.6,10.2,1.0
28.5,55.1,183.2,30,40,100,1.5,0.0,0.0,0.2
29.0,52.1,162.6,30,40,100,1.0,0.0,0.0,0.2
54.4,21.8,0.0,30,40,100,0.0,18.2,100.0,5.0
44.3,70.5,9.9,30,40,100,0.0,0.0,90.1,4.5
85.1,27.5,178.3,30,40,100,0.0,12.5,0.0,1.6
88.8,10.1,14.5,30,40,100,0.0,29.9,85.5,4.3
28.2,0.0,68.9,30,40,100,1.8,40.0,31.1,5.0
0.0,76.0,0.0,30,40,100,30.0,0.0,100.0,5.0
61.2,36.9,166.5,30,40,100,0.0,3.1,0.0,0.4
10.6,44.9,0.0,30,40,100,19.4,0.0,100.0,5.0
3.1,78.5,0.0,30,40,100,26.9,0.0,100.0,5.0
14.6,17.2,158.2,30,40,100,15.4,22.8,0.0,2.9
13.2,0.0,228.3,30,40,100,16.8,40.0,0.0,5.0
43.4,39.3,50.1,30,40,100,0.0,0.7,49.9,2.5
0.0,48.8,69.7,30,40,100,30.0,0.0,30.3,5.0
0.0,25.9,146.7,30,40,100,30.0,14.1,0.0,5.0
35.7,95.8,96.8,30,40,100,0.0,0.0,3.2,0.2
43.7,0.0,43.4,30,40,100,0.0,40.0,56.6,5.0
44.2,81.5,34.3,30,40,100,0.0,0.0,65.7,3.3
3.5,68.3,0.0,30,40,100,26.5,0.0,100.0,5.0
0.0,54.8,92.3,30,40,100,30.0,0.0,7.7,5.0
11.5,0.0,66.1,30,40,100,18.5,40.0,33.9,5.0
32.8,88.1,38.2,30,40,100,0.0,0.0,61.8,3.1
68.3,0.0,0.0,30,40,100,0.0,40.0,100.0,5.0
0.0,16.0,0.9,30,40,100,30.0,24.0,99.1,5.0
19.7,29.6,123.4,30,40,100,10.3,10.4,0.0,1.7
0.0,52.8,144.6,30,40,100,30.0,0.0,0.0,5.0
0.0,62.2,47.1,30,40,100,30.0,0.0,52.9,5.0
53.5,72.4,38.6,30,40,100,0.0,0.0,61.4,3.1
41.5,69.3,4.7,30,40,100,0.0,0.0,95.3,4.8
38.8,46.6,149.0,30,40,100,0.0,0.0,0.0,0.0
52.2,53.2,76.0,30,40,100,0.0,0.0,24.0,1.2
12.3,0.0,103.2,30,40,100,17.7,40.0,0.0,5.0
13.6,6.2,102.4,30,40,100,16.4,33.8,0.0,4.2
88.2,72.5,48.7,30,40,100,0.0,0.0,51.3,2.6
18.9,70.1,0.0,30,40,100,11.1,0.0,100.0,5.0
46.9,65.6,0.0,30,40,100,0.0,0.0,100.0,5.0
26.1,15.7,164.5,30,40,100,3.9,24.3,0.0,3.0
0.0,73.1,15.0,30,40,100,30.0,0.0,85.0,5.0
0.0,0.0,40.4,30,40,100,30.0,40.0,59.6,5.0
9.5,79.8,0.0,30,40,100,20.5,0.0,100.0,5.0
56.0,25.9,0.0,30,40,100,0.0,14.1,100.0,5.0
48.4,104.2,11.5,30,40,100,0.0,0.0,88.5,4.4
52.0,0.0,209.7,30,40,100,0.0,40.0,0.0,5.0
0.0,107.4,126.6,30,40,100,30.0,0.0,0.0,5.0
72.0,21.9,31.0,30,40,100,0.0,18.1,69.0,3.4
0.0,21.2,160.8,30,40,100,30.0,18.8,0.0,5.0
32.0,44.3,61.2,30,40,100,0.0,0.0,38.8,1.9
25.7,8.4,182.7,30,40,100,4.3,31.6,0.0,4.0
21.0,33.5,251.9,30,40,100,9.0,6.5,0.0,1.5
64.1,6.8,156.4,30,40,100,0.0,33.2,0.0,4.2
5.9,8.2,81.1,30,40,100,24.1,31.8,18.9,4.0
0.0,56.0,129.9,30,40,100,30.0,0.0,0.0,5.0
26.5,0.2,74.7,30,40,100,3.5,39.8,25.3,5.0
14.6,5.5,0.0,30,40,100,15.4,34.5,100.0,5.0
122.1,0.0,20.7,30,40,100,0.0,40.0,79.3,5.0
45.2,16.2,0.0,30,40,100,0.0,23.8,100.0,5.0
14.3,89.2,18.9,30,40,100,15.7,0.0,81.1,4.1
0.0,2.4,218.1,30,40,100,30.0,37.6,0.0,5.0
0.0,7.0,164.0,30,40,100,30.0,33.0,0.0,5.0
0.0,44.3,109.1,30,40,100,30.0,0.0,0.0,5.0
29.2,21.5,139.0,30,40,100,0.8,18.5,0.0,2.3
66.6,126.1,0.0,30,40,100,0.0,0.0,100.0,5.0
57.9,29.9,132.2,30,40,100,0.0,10.1,0.0,1.3
32.5,49.9,149.3,30,40,100,0.0,0.0,0.0,0.0
16.7,74.4,0.0,30,40,100,13.3,0.0,100.0,5.0
33.6,73.7,135.2,30,40,100,0.0,0.0,0.0,0.0
11.2,45.8,0.0,30,40,100,18.8,0.0,100.0,5.0
74.9,30.0,0.0,30,40,100,0.0,10.0,100.0,5.0
20.6,117.9,180.5,30,40,100,9.4,0.0,0.0,1.6
23.5,32.4,0.0,30,40,100,6.5,7.6,100.0,5.0
0.0,18.7,15.8,30,40,100,30.0,21.3,84.2,5.0
20.4,10.5,153.3,30,40,100,9.6,29.5,0.0,3.7
49.8,0.0,48.9,30,40,100,0.0,40.0,51.1,5.0
0.0,69.5,59.0,30,40,100,30.0,0.0,41.0,5.0
4.6,0.0,57.2,30,40,100,25.4,40.0,42.8,5.0
48.5,36.2,101.5,30,40,100,0.0,3.8,0.0,0.5
0.0,28.2,55.2,30,40,100,30.0,11.8,44.8,5.0
56.1,126.6,82.7,30,40,100,0.0,0.0,17.3,0.9
10.8,0.0,32.9,30,40,100,19.2,40.0,67.1,5.0
14.9,0.2,101.9,30,40,100,15.1,39.8,0.0,5.0
0.0,31.0,98.8,30,40,100,30.0,9.0,1.2,5.0
36.7,28.5,226.6,30,40,100,0.0,11.5,0.0,1.4
96.0,14.3,42.7,30,40,100,0.0,25.7,57.3,3.2
48.2,33.2,58.6,30,40,100,0.0,6.8,41.4,2.1
1.3,0.0,92.8,30,40,100,28.7,40.0,7.2,5.0
58.3,50.8,151.3,30,40,100,0.0,0.0,0.0,0.0
16.9,0.0,0.0,30,40,100,13.1,40.0,100.0,5.0
65.1,35.4,81.8,30,40,100,0.0,4.6,18.2,0.9
48.9,12.3,0.0,30,40,100,0.0,27.7,100.0,5.0
0.0,77.3,51.6,30,40,100,30.0,0.0,48.4,5.0
0.0,107.1,160.0,30,40,100,30.0,0.0,0.0,5.0
52.8,23.1,14.9,30,40,100,0.0,16.9,85.1,4.3
30.3,92.4,87.8,30,40,100,0.0,0.0,12.2,0.6
0.0,23.7,30.8,30,40,100,30.0,16.3,69.2,5.0
7.9,0.0,4.2,30,40,100,22.1,40.0,95.8,5.0
0.0,106.7,151.8,30,40,100,30.0,0.0,0.0,5.0
23.4,57.4,0.0,30,40,100,6.6,0.0,100.0,5.0
88.9,36.6,97.1,30,40,100,0.0,3.4,2.9,0.4
48.9,64.1,98.4,30,40,100,0.0,0.0,1.6,0.1
88.3,47.5,4.8,30,40,100,0.0,0.0,95.2,4.8
51.1,33.7,86.1,30,40,100,0.0,6.3,13.9,0.8
55.2,0.0,0.0,30,40,100,0.0,40.0,100.0,5.0
82.2,25.6,115.6,30,40,100,0.0,14.4,0.0,1.8
36.7,61.5,0.0,30,40,100,0.0,0.0,100.0,5.0
20.6,31.5,46.1,30,40,100,9.4,8.5,53.9,2.7
55.4,72.8,53.1,30,40,100,0.0,0.0,46.9,2.3
67.4,51.9,163.2,30,40,100,0.0,0.0,0.0,0.0
12.3,1.1,84.8,30,40,100,17.7,38.9,15.2,4.9
5.4,0.0,150.5,30,40,100,24.6,40.0,0.0,5.0
29.9,30.1,118.2,30,40,100,0.1,9.9,0.0,1.2
49.6,15.3,117.7,30,40,100,0.0,24.7,0.0,3.1
48.7,50.0,46.7,30,40,100,0.0,0.0,53.3,2.7
0.0,7.5,155.8,30,40,100,30.0,32.5,0.0,5.0
80.4,11.7,44.8,30,40,100,0.0,28.3,55.2,3.5
7.7,78.8,0.0,30,40,100,22.3,0.0,100.0,5.0
18.4,42.4,56.2,30,40,100,11.6,0.0,43.8,2.2
0.2,8.2,110.1,30,40,100,29.8,31.8,0.0,5.0
102.8,37.2,0.0,30,40,100,0.0,2.8,100.0,5.0
32.8,91.9,2.1,30,40,100,0.0,0.0,97.9,4.9
1.7,48.3,0.0,30,40,100,28.3,0.0,100.0,5.0
50.6,60.3,136.9,30,40,100,0.0,0.0,0.0,0.0
47.9,6.2,208.4,30,40,100,0.0,33.8,0.0,4.2
20.6,77.8,56.6,30,40,100,9.4,0.0,43.4,2.2
49.9,129.7,116.4,30,40,100,0.0,0.0,0.0,0.0
2.4,4.6,114.3,30,40,100,27.6,35.4,0.0,4.6
11.9,0.0,198.8,30,40,100,18.1,40.0,0.0,5.0
0.0,43.5,20.9,30,40,100,30.0,0.0,79.1,5.0
0.0,71.7,55.8,30,40,100,30.0,0.0,44.2,5.0
77.4,32.8,46.0,30,40,100,0.0,7.2,54.0,2.7
72.7,0.0,79.6,30,40,100,0.0,40.0,20.4,5.0
27.8,32.1,275.5,30,40,100,2.2,7.9,0.0,1.0
73.3,60.5,76.0,30,40,100,0.0,0.0,24.0,1.2
21.4,20.1,4.6,30,40,100,8.6,19.9,95.4,4.8
19.0,60.9,0.0,30,40,100,11.0,0.0,100.0,5.0
27.6,83.3,174.5,30,40,100,2.4,0.0,0.0,0.4
22.4,46.1,4.2,30,40,100,7.6,0.0,95.8,4.8
19.8,35.3,127.0,30,40,100,10.2,4.7,0.0,1.7
58.5,69.8,18.7,30,40,100,0.0,0.0,81.3,4.1
30.2,2.0,0.0,30,40,100,0.0,38.0,100.0,5.0
46.2,0.0,122.3,30,40,100,0.0,40.0,0.0,5.0
55.3,25.7,22.6,30,40,100,0.0,14.3,77.4,3.9
37.0,16.7,107.8,30,40,100,0.0,23.3,0.0,2.9
0.0,4.1,113.8,30,40,100,30.0,35.9,0.0,5.0
0.0,110.1,117.5,30,40,100,30.0,0.0,0.0,5.0
30.2,123.9,51.9,30,40,100,0.0,0.0,48.1,2.4
21.1,22.2,128.8,30,40,100,8.9,17.8,0.0,2.2
28.4,40.1,0.0,30,40,100,1.6,0.0,100.0,5.0
25.5,28.9,0.0,30,40,100,4.5,11.1,100.0,5.0
99.5,81.0,130.5,30,40,100,0.0,0.0,0.0,0.0
0.0,89.0,86.8,30,40,100,30.0,0.0,13.2,5.0
0.0,0.0,24.3,30,40,100,30.0,40.0,75.7,5.0
35.4,55.6,0.0,30,40,100,0.0,0.0,100.0,5.0
15.2,0.0,0.0,30,40,100,14.8,40.0,100.0,5.0
35.0,107.2,77.7,30,40,100,0.0,0.0,22.3,1.1
42.6,54.2,206.5,30,40,100,0.0,0.0,0.0,0.0
62.5,3.3,62.3,30,40,100,0.0,36.7,37.7,4.6
0.0,26.7,44.4,30,40,100,30.0,13.3,55.6,5.0
10.1,24.8,71.5,30,40,100,19.9,15.2,28.5,3.3
38.2,57.6,249.2,30,40,100,0.0,0.0,0.0,0.0
47.9,78.4,134.1,30,40,100,0.0,0.0,0.0,0.0
88.4,0.0,0.0,30,40,100,0.0,40.0,100.0,5.0
53.2,110.4,75.8,30,40,100,0.0,0.0,24.2,1.2
24.3,101.1,100.3,30,40,100,5.7,0.0,0.0,0.9
0.6,1.2,0.0,30,40,100,29.4,38.8,100.0,5.0
9.9,39.4,134.7,30,40,100,20.1,0.6,0.0,3.4
9.1,105.3,7.5,30,40,100,20.9,0.0,92.5,4.6
44.6,86.1,0.0,30,40,100,0.0,0.0,100.0,5.0
33.3,22.9,79.6,30,40,100,0.0,17.1,20.4,2.1
0.0,69.2,66.9,30,40,100,30.0,0.0,33.1,5.0
13.5,157.1,73.4,30,40,100,16.5,0.0,26.6,2.8
50.9,40.7,11.8,30,40,100,0.0,0.0,88.2,4.4
36.0,11.0,23.1,30,40,100,0.0,29.0,76.9,3.8
42.1,43.4,164.5,30,40,100,0.0,0.0,0.0,0.0
36.9,46.4,109.1,30,40,100,0.0,0.0,0.0,0.0
72.3,15.3,0.0,30,40,100,0.0,24.7,100.0,5.0
32.7,54.2,0.0,30,40,100,0.0,0.0,100.0,5.0
15.0,0.0,0.0,30,40,100,15.0,40.0,100.0,5.0
0.0,9.7,86.2,30,40,100,30.0,30.3,13.8,5.0
33.1,67.0,22.5,30,40,100,0.0,0.0,77.5,3.9
0.0,0.0,16.3,30,40,100,30.0,40.0,83.7,5.0
20.7,72.8,26.0,30,40,100,9.3,0.0,74.0,3.7
20.1,0.0,67.6,30,40,100,9.9,40.0,32.4,5.0
0.0,0.0,136.8,30,40,100,30.0,40.0,0.0,5.0
0.0,16.4,73.5,30,40,100,30.0,23.6,26.5,5.0
49.0,48.0,78.5,30,40,100,0.0,0.0,21.5,1.1
32.5,89.8,55.4,30,40,100,0.0,0.0,44.6,2.2
28.9,38.8,33.2,30,40,100,1.1,1.2,66.8,3.3
34.7,26.5,145.6,30,40,100,0.0,13.5,0.0,1.7
28.6,59.8,133.4,30,40,100,1.4,0.0,0.0,0.2
61.3,1.4,238.4,30,40,100,0.0,38.6,0.0,4.8
29.5,42.1,122.7,30,40,100,0.5,0.0,0.0,0.1
0.0,0.0,33.3,30,40,100,30.0,40.0,66.7,5.0
72.4,39.8,0.5,30,40,100,0.0,0.2,99.5,5.0
36.5,31.2,150.3,30,40,100,0.0,8.8,0.0,1.1
9.2,4.1,7.8,30,40,100,20.8,35.9,92.2,4.6
0.0,43.1,138.8,30,40,100,30.0,0.0,0.0,5.0
37.2,42.8,12.2,30,40,100,0.0,0.0,87.8,4.4
22.6,83.8,101.7,30,40,100,7.4,0.0,0.0,1.2
70.8,0.0,0.0,30,40,100,0.0,40.0,100.0,5.0
16.1,33.4,136.4,30,40,100,13.9,6.6,0.0,2.3
2.1,5.9,0.0,30,40,100,27.9,34.1,100.0,5.0
51.5,71.5,95.5,30,40,100,0.0,0.0,4.5,0.2
52.3,66.8,57.5,30,40,100,0.0,0.0,42.5,2.1
30.8,56.9,81.7,30,40,100,0.0,0.0,18.3,0.9
45.2,8.1,41.6,30,40,100,0.0,31.9,58.4,4.0
24.9,72.1,39.7,30,40,100,5.1,0.0,60.3,3.0
32.6,0.0,86.0,30,40,100,0.0,40.0,14.0,5.0
59.1,0.0,0.0,30,40,100,0.0,40.0,100.0,5.0
43.8,0.0,0.0,30,40,100,0.0,40.0,100.0,5.0
21.1,35.1,44.6,30,40,100,8.9,4.9,55.4,2.8
64.5,63.6,41.4,30,40,100,0.0,0.0,58.6,2.9
0.0,0.0,0.0,30,40,100,30.0,40.0,100.0,5.0
84.4,89.7,148.0,30,40,100,0.0,0.0,0.0,0.0
0.0,41.7,46.5,30,40,100,30.0,0.0,53.5,5.0
8.1,0.0,55.2,30,40,100,21.9,40.0,44.8,5.0
24.8,40.5,0.0,30,40,100,5.2,0.0,100.0,5.0
21.8,80.4,240.6,30,40,100,8.2,0.0,0.0,1.4
54.6,60.6,269.2,30,40,100,0.0,0.0,0.0,0.0
0.0,80.7,10.6,30,40,100,30.0,0.0,89.4,5.0
33.4,0.0,172.4,30,40,100,0.0,40.0,0.0,5.0
9.5,19.8,66.1,30,40,100,20.5,20.2,33.9,3.4
34.4,0.0,202.8,30,40,100,0.0,40.0,0.0,5.0
24.1,105.6,100.6,30,40,100,5.9,0.0,0.0,1.0
28.6,62.2,81.5,30,40,100,1.4,0.0,18.5,0.9
10.3,151.0,0.0,30,40,100,19.7,0.0,100.0,5.0
11.4,17.6,2.6,30,40,100,18.6,22.4,97.4,4.9
34.1,7.3,75.2,30,40,100,0.0,32.7,24.8,4.1
52.8,30.7,89.5,30,40,100,0.0,9.3,10.5,1.2
8.9,91.9,0.0,30,40,100,21.1,0.0,100.0,5.0
1.2,21.7,14.7,30,40,100,28.8,18.3,85.3,4.8
43.4,41.5,118.1,30,40,100,0.0,0.0,0.0,0.0
25.0,40.3,0.0,30,40,100,5.0,0.0,100.0,5.0
49.6,38.0,84.3,30,40,100,0.0,2.0,15.7,0.8
0.2,10.2,173.3,30,40,100,29.8,29.8,0.0,5.0
0.0,30.9,104.6,30,40,100,30.0,9.1,0.0,5.0
10.8,29.2,100.6,30,40,100,19.2,10.8,0.0,3.2
4.1,36.1,0.0,30,40,100,25.9,3.9,100.0,5.0
23.7,74.4,7.2,30,40,100,6.3,0.0,92.8,4.6
7.8,107.3,239.2,30,40,100,22.2,0.0,0.0,3.7
47.1,2.6,25.2,30,40,100,0.0,37.4,74.8,4.7
17.7,20.7,175.5,30,40,100,12.3,19.3,0.0,2.4
30.2,3.2,24.2,30,40,100,0.0,36.8,75.8,4.6
30.4,44.0,51.1,30,40,100,0.0,0.0,48.9,2.4
31.5,14.8,115.1,30,40,100,0.0,25.2,0.0,3.2
25.3,46.1,81.6,30,40,100,4.7,0.0,18.4,0.9
40.5,80.9,104.3,30,40,100,0.0,0.0,0.0,0.0
3.3,0.0,7.5,30,40,100,26.7,40.0,92.5,5.0
65.8,56.2,0.0,30,40,100,0.0,0.0,100.0,5.0
19.2,17.9,2.1,30,40,100,10.8,22.1,97.9,4.9
0.0,55.0,30.6,30,40,100,30.0,0.0,69.4,5.0
31.3,0.4,55.0,30,40,100,0.0,39.6,45.0,5.0
1.7,84.6,157.1,30,40,100,28.3,0.0,0.0,4.7
44.9,73.2,80.5,30,40,100,0.0,0.0,19.5,1.0
88.9,59.3,112.6,30,40,100,0.0,0.0,0.0,0.0
3.6,68.4,84.9,30,40,100,26.4,0.0,15.1,4.4
35.4,6.4,0.0,30,40,100,0.0,33.6,100.0,5.0
0.0,11.5,74.9,30,40,100,30.0,28.5,25.1,5.0
38.9,66.7,84.0,30,40,100,0.0,0.0,16.0,0.8
0.7,5.5,134.8,30,40,100,29.3,34.5,0.0,4.9
8.2,94.6,0.0,30,40,100,21.8,0.0,100.0,5.0
0.0,23.4,0.0,30,40,100,30.0,16.6,100.0,5.0
46.8,56.6,87.7,30,40,100,0.0,0.0,12.3,0.6
54.6,120.9,102.0,30,40,100,0.0,0.0,0.0,0.0
26.6,8.0,59.0,30,40,100,3.4,32.0,41.0,4.0
1.3,39.2,75.8,30,40,100,28.7,0.8,24.2,4.8
71.2,78.9,144.4,30,40,100,0.0,0.0,0.0,0.0
4.6,74.7,36.5,30,40,100,25.4,0.0,63.5,4.2
0.0,23.3,51.0,30,40,100,30.0,16.7,49.0,5.0
39.0,15.7,79.9,30,40,100,0.0,24.3,20.1,3.0
0.0,27.1,0.0,30,40,100,30.0,12.9,100.0,5.0
54.1,94.7,61.2,30,40,100,0.0,0.0,38.8,1.9
15.1,25.2,68.4,30,40,100,14.9,14.8,31.6,2.5
43.1,39.6,205.5,30,40,100,0.0,0.4,0.0,0.0
65.9,19.3,49.5,30,40,100,0.0,20.7,50.5,2.6
0.0,64.8,89.6,30,40,100,30.0,0.0,10.4,5.0
9.8,42.7,147.6,30,40,100,20.2,0.0,0.0,3.4
23.8,0.0,6.0,30,40,100,6.2,40.0,94.0,5.0
69.7,0.0,184.4,30,40,100,0.0,40.0,0.0,5.0
7.2,0.0,215.7,30,40,100,22.8,40.0,0.0,5.0
9.0,3.0,71.2,30,40,100,21.0,37.0,28.8,4.6
39.6,68.4,30.0,30,40,100,0.0,0.0,70.0,3.5
9.5,89.7,204.7,30,40,100,20.5,0.0,0.0,3.4
30.3,64.0,137.7,30,40,100,0.0,0.0,0.0,0.0
0.0,58.8,80.1,30,40,100,30.0,0.0,19.9,5.0
89.0,31.4,188.6,30,40,100,0.0,8.6,0.0,1.1
0.0,67.6,180.0,30,40,100,30.0,0.0,0.0,5.0
16.8,48.0,46.4,30,40,100,13.2,0.0,53.6,2.7
25.0,109.1,93.6,30,40,100,5.0,0.0,6.4,0.8
80.4,32.5,120.0,30,40,100,0.0,7.5,0.0,0.9
0.0,90.5,75.8,30,40,100,30.0,0.0,24.2,5.0
82.4,71.6,0.0,30,40,100,0.0,0.0,100.0,5.0
47.5,66.0,0.0,30,40,100,0.0,0.0,100.0,5.0
37.8,0.0,0.0,30,40,100,0.0,40.0,100.0,5.0
0.0,73.8,113.2,30,40,100,30.0,0.0,0.0,5.0
42.2,31.3,0.0,30,40,100,0.0,8.7,100.0,5.0
5.3,18.6,89.0,30,40,100,24.7,21.4,11.0,4.1
62.0,0.0,221.2,30,40,100,0.0,40.0,0.0,5.0
0.0,36.2,188.6,30,40,100,30.0,3.8,0.0,5.0
22.7,37.8,0.0,30,40,100,7.3,2.2,100.0,5.0
10.1,0.0,0.0,30,40,100,19.9,40.0,100.0,5.0
0.0,0.0,10.9,30,40,100,30.0,40.0,89.1,5.0
47.1,56.0,0.0,30,40,100,0.0,0.0,100.0,5.0
41.2,71.5,0.0,30,40,100,0.0,0.0,100.0,5.0
60.4,44.1,72.6,30,40,100,0.0,0.0,27.4,1.4
0.0,82.8,130.4,30,40,100,30.0,0.0,0.0,5.0
56.3,33.0,150.4,30,40,100,0.0,7.0,0.0,0.9
97.3,34.3,35.2,30,40,100,0.0,5.7,64.8,3.2
13.1,0.0,51.6,30,40,100,16.9,40.0,48.4,5.0
79.9,0.0,102.2,30,40,100,0.0,40.0,0.0,5.0
18.5,111.1,64.7,30,40,100,11.5,0.0,35.3,1.9
0.0,82.0,138.9,30,40,100,30.0,0.0,0.0,5.0
17.2,0.0,108.2,30,40,100,12.8,40.0,0.0,5.0
55.8,42.7,43.1,30,40,100,0.0,0.0,56.9,2.8
2.1,32.4,0.0,30,40,100,27.9,7.6,100.0,5.0
8.9,25.4,194.4,30,40,100,21.1,14.6,0.0,3.5
42.9,20.0,18.2,30,40,100,0.0,20.0,81.8,4.1
26.0,51.8,102.3,30,40,100,4.0,0.0,0.0,0.7
42.6,69.4,0.0,30,40,100,0.0,0.0,100.0,5.0
32.7,52.6,72.6,30,40,100,0.0,0.0,27.4,1.4
39.6,31.6,81.6,30,40,100,0.0,8.4,18.4,1.0
13.6,30.1,85.5,30,40,100,16.4,9.9,14.5,2.7
32.6,74.1,316.5,30,40,100,0.0,0.0,0.0,0.0
0.0,55.1,22.6,30,40,100,30.0,0.0,77.4,5.0
62.6,39.4,139.7,30,40,100,0.0,0.6,0.0,0.1
7.9,35.0,115.7,30,40,100,22.1,5.0,0.0,3.7
58.1,50.3,18.8,30,40,100,0.0,0.0,81.2,4.1
19.3,17.6,138.5,30,40,100,10.7,22.4,0.0,2.8
31.7,69.5,60.2,30,40,100,0.0,0.0,39.8,2.0
11.9,0.0,144.1,30,40,100,18.1,40.0,0.0,5.0
0.0,19.9,231.6,30,40,100,30.0,20.1,0.0,5.0
0.0,61.0,85.7,30,40,100,30.0,0.0,14.3,5.0
0.0,0.0,50.8,30,40,100,30.0,40.0,49.2,5.0
16.7,0.0,158.3,30,40,100,13.3,40.0,0.0,5.0
32.0,39.0,186.1,30,40,100,0.0,1.0,0.0,0.1
54.7,0.0,2.3,30,40,100,0.0,40.0,97.7,5.0
13.3,0.0,37.0,30,40,100,16.7,40.0,63.0,5.0
0.8,66.9,128.0,30,40,100,29.2,0.0,0.0,4.9
0.0,28.2,62.8,30,40,100,30.0,11.8,37.2,5.0
39.6,88.2,0.0,30,40,100,0.0,0.0,100.0,5.0
65.3,0.0,117.1,30,40,100,0.0,40.0,0.0,5.0
62.0,32.7,127.6,30,40,100,0.0,7.3,0.0,0.9
46.2,52.5,46.5,30,40,100,0.0,0.0,53.5,2.7
44.1,0.0,78.4,30,40,100,0.0,40.0,21.6,5.0
74.3,78.0,27.0,30,40,100,0.0,0.0,73.0,3.6
35.4,57.0,0.0,30,40,100,0.0,0.0,100.0,5.0
44.4,0.0,33.4,30,40,100,0.0,40.0,66.6,5.0
16.8,34.9,79.5,30,40,100,13.2,5.1,20.5,2.2
0.0,52.0,0.0,30,40,100,30.0,0.0,100.0,5.0
6.5,12.7,39.3,30,40,100,23.5,27.3,60.7,3.9
25.7,0.0,80.6,30,40,100,4.3,40.0,19.4,5.0
27.7,47.7,169.8,30,40,100,2.3,0.0,0.0,0.4
80.8,125.4,48.3,30,40,100,0.0,0.0,51.7,2.6
28.3,20.9,0.0,30,40,100,1.7,19.1,100.0,5.0
59.5,99.6,56.6,30,40,100,0.0,0.0,43.4,2.2
13.6,6.2,27.8,30,40,100,16.4,33.8,72.2,4.2
17.1,45.1,118.0,30,40,100,12.9,0.0,0.0,2.1
0.0,67.5,46.2,30,40,100,30.0,0.0,53.8,5.0
4.8,36.1,0.0,30,40,100,25.2,3.9,100.0,5.0
41.0,24.5,371.2,30,40,100,0.0,15.5,0.0,1.9
26.2,65.7,85.0,30,40,100,3.8,0.0,15.0,0.8
52.8,112.6,80.7,30,40,100,0.0,0.0,19.3,1.0
31.1,48.5,0.0,30,40,100,0.0,0.0,100.0,5.0
15.9,15.7,0.0,30,40,100,14.1,24.3,100.0,5.0
87.1,28.8,66.1,30,40,100,0.0,11.2,33.9,1.7
23.3,137.9,100.6,30,40,100,6.7,0.0,0.0,1.1
59.1,41.9,130.1,30,40,100,0.0,0.0,0.0,0.0
14.5,12.5,92.6,30,40,100,15.5,27.5,7.4,3.4
46.2,0.0,0.0,30,40,100,0.0,40.0,100.0,5.0
52.4,0.0,0.0,30,40,100,0.0,40.0,100.0,5.0
31.9,51.1,65.4,30,40,100,0.0,0.0,34.6,1.7
0.0,62.8,30.4,30,40,100,30.0,0.0,69.6,5.0
26.5,20.5,0.0,30,40,100,3.5,19.5,100.0,5.0
61.0,35.8,140.3,30,40,100,0.0,4.2,0.0,0.5
41.0,0.0,0.0,30,40,100,0.0,40.0,100.0,5.0
38.6,41.8,123.3,30,40,100,0.0,0.0,0.0,0.0
0.0,55.8,0.0,30,40,100,30.0,0.0,100.0,5.0
5.4,14.9,84.3,30,40,100,24.6,25.1,15.7,4.1
37.7,104.5,148.8,30,40,100,0.0,0.0,0.0,0.0
37.6,2.8,46.2,30,40,100,0.0,37.2,53.8,4.6
60.5,47.9,209.8,30,40,100,0.0,0.0,0.0,0.0
21.8,70.6,228.2,30,40,100,8.2,0.0,0.0,1.4
37.5,33.3,92.6,30,40,100,0.0,6.7,7.4,0.8
26.4,28.9,117.2,30,40,100,3.6,11.1,0.0,1.4
0.0,0.0,159.0,30,40,100,30.0,40.0,0.0,5.0
0.0,91.1,117.4,30,40,100,30.0,0.0,0.0,5.0
38.2,29.6,108.8,30,40,100,0.0,10.4,0.0,1.3
30.9,58.1,31.2,30,40,100,0.0,0.0,68.8,3.4
8.3,63.5,0.0,30,40,100,21.7,0.0,100.0,5.0
0.0,11.2,0.0,30,40,100,30.0,28.8,100.0,5.0
43.9,28.5,265.6,30,40,100,0.0,11.5,0.0,1.4
18.4,90.2,99.5,30,40,100,11.6,0.0,0.5,1.9
41.8,0.0,53.7,30,40,100,0.0,40.0,46.3,5.0
79.0,122.1,175.4,30,40,100,0.0,0.0,0.0,0.0
0.0,6.5,13.1,30,40,100,30.0,33.5,86.9,5.0
6.0,0.0,120.5,30,40,100,24.0,40.0,0.0,5.0
20.0,41.8,79.7,30,40,100,10.0,0.0,20.3,1.7
67.4,125.3,110.6,30,40,100,0.0,0.0,0.0,0.0
0.0,0.0,46.4,30,40,100,30.0,40.0,53.6,5.0
81.1,30.8,0.0,30,40,100,0.0,9.2,100.0,5.0
29.8,55.6,7.1,30,40,100,0.2,0.0,92.9,4.6
23.2,37.8,10.3,30,40,100,6.8,2.2,89.7,4.5
20.3,51.8,73.3,30,40,100,9.7,0.0,26.7,1.6
13.5,7.5,0.0,30,40,100,16.5,32.5,100.0,5.0
55.8,12.3,0.0,30,40,100,0.0,27.7,100.0,5.0
0.0,30.5,84.4,30,40,100,30.0,9.5,15.6,5.0
35.8,0.0,63.2,30,40,100,0.0,40.0,36.8,5.0
15.0,34.6,88.8,30,40,100,15.0,5.4,11.2,2.5
4.2,20.8,69.9,30,40,100,25.8,19.2,30.1,4.3
99.6,17.5,276.6,30,40,100,0.0,22.5,0.0,2.8
37.9,49.3,83.7,30,40,100,0.0,0.0,16.3,0.8
43.4,0.0,42.9,30,40,100,0.0,40.0,57.1,5.0
58.4,27.2,81.7,30,40,100,0.0,12.8,18.3,1.6
0.0,129.7,155.7,30,40,100,30.0,0.0,0.0,5.0
75.9,0.0,69.5,30,40,100,0.0,40.0,30.5,5.0
0.0,88.2,128.7,30,40,100,30.0,0.0,0.0,5.0
4.1,38.6,105.4,30,40,100,25.9,1.4,0.0,4.3
12.9,12.2,50.1,30,40,100,17.1,27.8,49.9,3.5
42.5,0.0,82.4,30,40,100,0.0,40.0,17.6,5.0
32.2,42.1,202.4,30,40,100,0.0,0.0,0.0,0.0
21.2,94.9,93.1,30,40,100,8.8,0.0,6.9,1.5
25.6,20.8,0.0,30,40,100,4.4,19.2,100.0,5.0
0.0,33.2,47.7,30,40,100,30.0,6.8,52.3,5.0
0.0,77.1,0.0,30,40,100,30.0,0.0,100.0,5.0
46.6,50.2,84.6,30,40,100,0.0,0.0,15.4,0.8
45.7,0.0,179.3,30,40,100,0.0,40.0,0.0,5.0
71.1,40.4,0.0,30,40,100,0.0,0.0,100.0,5.0
3.5,97.3,85.6,30,40,100,26.5,0.0,14.4,4.4
45.7,35.0,153.0,30,40,100,0.0,5.0,0.0,0.6
17.9,0.0,161.5,30,40,100,12.1,40.0,0.0,5.0
59.9,52.1,176.7,30,40,100,0.0,0.0,0.0,0.0
55.1,28.5,0.0,30,40,100,0.0,11.5,100.0,5.0
32.0,0.0,114.2,30,40,100,0.0,40.0,0.0,5.0
16.3,0.0,0.0,30,40,100,13.7,40.0,100.0,5.0
53.3,75.7,0.0,30,40,100,0.0,0.0,100.0,5.0
44.4,7.0,139.7,30,40,100,0.0,33.0,0.0,4.1
6.5,0.0,86.2,30,40,100,23.5,40.0,13.8,5.0
0.0,35.0,132.1,30,40,100,30.0,5.0,0.0,5.0
17.7,10.5,0.0,30,40,100,12.3,29.5,100.0,5.0
69.1,40.5,192.3,30,40,100,0.0,0.0,0.0,0.0
58.6,28.3,129.0,30,40,100,0.0,11.7,0.0,1.5
0.0,0.0,145.2,30,40,100,30.0,40.0,0.0,5.0
0.0,15.9,0.0,30,40,100,30.0,24.1,100.0,5.0
62.3,54.3,168.0,30,40,100,0.0,0.0,0.0,0.0
0.0,38.1,48.0,30,40,100,30.0,1.9,52.0,5.0
40.5,33.1,24.2,30,40,100,0.0,6.9,75.8,3.8
8.4,114.4,123.9,30,40,100,21.6,0.0,0.0,3.6
72.0,65.9,120.5,30,40,100,0.0,0.0,0.0,0.0
4.0,70.8,5.2,30,40,100,26.0,0.0,94.8,4.7
58.5,29.8,239.3,30,40,100,0.0,10.2,0.0,1.3
31.2,45.3,219.8,30,40,100,0.0,0.0,0.0,0.0
33.1,19.1,122.3,30,40,100,0.0,20.9,0.0,2.6
0.0,67.7,108.2,30,40,100,30.0,0.0,0.0,5.0
0.0,32.0,100.1,30,40,100,30.0,8.0,0.0,5.0
19.7,45.4,0.0,30,40,100,10.3,0.0,100.0,5.0
33.0,42.9,82.6,30,40,100,0.0,0.0,17.4,0.9
0.0,35.7,81.5,30,40,100,30.0,4.3,18.5,5.0
0.0,154.7,27.0,30,40,100,30.0,0.0,73.0,5.0
41.9,9.6,48.5,30,40,100,0.0,30.4,51.5,3.8
42.0,9.3,0.0,30,40,100,0.0,30.7,100.0,5.0
22.0,64.4,0.0,30,40,100,8.0,0.0,100.0,5.0
48.2,12.5,147.8,30,40,100,0.0,27.5,0.0,3.4
0.0,24.7,213.1,30,40,100,30.0,15.3,0.0,5.0
15.8,0.0,0.0,30,40,100,14.2,40.0,100.0,5.0
72.9,56.2,88.2,30,40,100,0.0,0.0,11.8,0.6
27.9,56.7,162.1,30,40,100,2.1,0.0,0.0,0.4
29.5,23.8,31.5,30,40,100,0.5,16.2,68.5,3.4
91.6,65.2,128.0,30,40,100,0.0,0.0,0.0,0.0
0.0,0.0,70.8,30,40,100,30.0,40.0,29.2,5.0
48.6,8.0,169.5,30,40,100,0.0,32.0,0.0,4.0
73.3,29.6,0.0,30,40,100,0.0,10.4,100.0,5.0
16.7,0.0,0.0,30,40,100,13.3,40.0,100.0,5.0
50.4,0.0,96.0,30,40,100,0.0,40.0,4.0,5.0
0.0,24.1,81.3,30,40,100,30.0,15.9,18.7,5.0
6.4,64.4,69.0,30,40,100,23.6,0.0,31.0,3.9
36.9,88.0,119.9,30,40,100,0.0,0.0,0.0,0.0
48.7,14.4,0.0,30,40,100,0.0,25.6,100.0,5.0
57.9,66.0,0.0,30,40,100,0.0,0.0,100.0,5.0
70.7,62.1,33.2,30,40,100,0.0,0.0,66.8,3.3
24.0,85.5,42.2,30,40,100,6.0,0.0,57.8,2.9
59.9,22.4,50.6,30,40,100,0.0,17.6,49.4,2.5
16.2,0.0,175.8,30,40,100,13.8,40.0,0.0,5.0
51.6,39.3,135.6,30,40,100,0.0,0.7,0.0,0.1
31.9,0.0,116.5,30,40,100,0.0,40.0,0.0,5.0
38.6,7.3,91.4,30,40,100,0.0,32.7,8.6,4.1
38.0,24.3,38.5,30,40,100,0.0,15.7,61.5,3.1
0.0,22.8,4.6,30,40,100,30.0,17.2,95.4,5.0
0.0,42.1,0.0,30,40,100,30.0,0.0,100.0,5.0
28.9,64.7,17.5,30,40,100,1.1,0.0,82.5,4.1
0.0,21.6,70.0,30,40,100,30.0,18.4,30.0,5.0
49.6,52.4,0.0,30,40,100,0.0,0.0,100.0,5.0
50.8,37.0,87.2,30,40,100,0.0,3.0,12.8,0.6
35.3,74.1,57.8,30,40,100,0.0,0.0,42.2,2.1
0.0,28.9,41.5,30,40,100,30.0,11.1,58.5,5.0
65.3,33.3,167.2,30,40,100,0.0,6.7,0.0,0.8
84.0,21.4,0.0,30,40,100,0.0,18.6,100.0,5.0
30.1,29.9,42.5,30,40,100,0.0,10.1,57.5,2.9
40.5,4.9,0.0,30,40,100,0.0,35.1,100.0,5.0
31.7,0.9,92.7,30,40,100,0.0,39.1,7.3,4.9
41.1,67.7,135.0,30,40,100,0.0,0.0,0.0,0.0
22.5,0.0,0.0,30,40,100,7.5,40.0,100.0,5.0
25.0,23.6,0.0,30,40,100,5.0,16.4,100.0,5.0
51.7,77.3,0.0,30,40,100,0.0,0.0,100.0,5.0
92.8,22.3,78.6,30,40,100,0.0,17.7,21.4,2.2
0.0,69.8,46.0,30,40,100,30.0,0.0,54.0,5.0
23.0,12.7,51.0,30,40,100,7.0,27.3,49.0,3.4
0.0,0.0,43.8,30,40,100,30.0,40.0,56.2,5.0
71.3,0.0,0.0,30,40,100,0.0,40.0,100.0,5.0
9.2,89.3,164.8,30,40,100,20.8,0.0,0.0,3.5
0.0,0.0,95.5,30,40,100,30.0,40.0,4.5,5.0
44.1,66.5,0.0,30,40,100,0.0,0.0,100.0,5.0
75.6,0.0,17.0,30,40,100,0.0,40.0,83.0,5.0
44.8,89.5,3.2,30,40,100,0.0,0.0,96.8,4.8
31.8,125.3,186.9,30,40,100,0.0,0.0,0.0,0.0
37.6,0.0,130.9,30,40,100,0.0,40.0,0.0,5.0
66.2,0.0,63.3,30,40,100,0.0,40.0,36.7,5.0
1.1,67.6,211.2,30,40,100,28.9,0.0,0.0,4.8
22.8,57.1,190.6,30,40,100,7.2,0.0,0.0,1.2
13.1,67.7,54.9,30,40,100,16.9,0.0,45.1,2.8
0.0,13.4,40.4,30,40,100,30.0,26.6,59.6,5.0
16.6,116.4,44.3,30,40,100,13.4,0.0,55.7,2.8
57.5,41.2,0.0,30,40,100,0.0,0.0,100.0,5.0
42.1,0.0,213.3,30,40,100,0.0,40.0,0.0,5.0
44.3,26.3,0.0,30,40,100,0.0,13.7,100.0,5.0
30.1,0.0,143.5,30,40,100,0.0,40.0,0.0,5.0
40.9,100.5,129.2,30,40,100,0.0,0.0,0.0,0.0
3.2,9.9,48.9,30,40,100,26.8,30.1,51.1,4.5
17.1,56.3,219.5,30,40,100,12.9,0.0,0.0,2.1
31.4,17.5,0.0,30,40,100,0.0,22.5,100.0,5.0
33.9,11.7,67.1,30,40,100,0.0,28.3,32.9,3.5
35.1,0.0,34.1,30,40,100,0.0,40.0,65.9,5.0
22.0,60.5,151.0,30,40,100,8.0,0.0,0.0,1.3
15.2,88.7,102.0,30,40,100,14.8,0.0,0.0,2.5
115.9,0.0,0.0,30,40,100,0.0,40.0,100.0,5.0
51.8,0.0,173.5,30,40,100,0.0,40.0,0.0,5.0
37.7,68.8,112.6,30,40,100,0.0,0.0,0.0,0.0
19.3,0.0,0.0,30,40,100,10.7,40.0,100.0,5.0
13.1,85.5,45.3,30,40,100,16.9,0.0,54.7,2.8
22.2,0.0,0.0,30,40,100,7.8,40.0,100.0,5.0
34.3,0.0,59.7,30,40,100,0.0,40.0,40.3,5.0
0.0,46.4,85.6,30,40,100,30.0,0.0,14.4,5.0
0.0,0.0,46.5,30,40,100,30.0,40.0,53.5,5.0
7.8,8.0,37.2,30,40,100,22.2,32.0,62.8,4.0
31.9,50.7,0.0,30,40,100,0.0,0.0,100.0,5.0
19.1,0.0,100.7,30,40,100,10.9,40.0,0.0,5.0
68.0,102.5,0.0,30,40,100,0.0,0.0,100.0,5.0
0.0,38.2,76.0,30,40,100,30.0,1.8,24.0,5.0
4.6,0.0,0.0,30,40,100,25.4,40.0,100.0,5.0
69.2,0.0,77.6,30,40,100,0.0,40.0,22.4,5.0
29.7,76.4,73.0,30,40,100,0.3,0.0,27.0,1.4
51.2,60.6,106.0,30,40,100,0.0,0.0,0.0,0.0
84.4,92.3,143.0,30,40,100,0.0,0.0,0.0,0.0
6.2,9.0,158.0,30,40,100,23.8,31.0,0.0,4.0
23.1,48.4,0.0,30,40,100,6.9,0.0,100.0,5.0
18.2,53.6,68.8,30,40,100,11.8,0.0,31.2,2.0
0.0,64.4,235.7,30,40,100,30.0,0.0,0.0,5.0
17.1,81.8,83.1,30,40,100,12.9,0.0,16.9,2.1
51.0,7.6,6.5,30,40,100,0.0,32.4,93.5,4.7
41.3,31.9,67.1,30,40,100,0.0,8.1,32.9,1.6
43.6,11.9,42.6,30,40,100,0.0,28.1,57.4,3.5
15.3,34.3,0.0,30,40,100,14.7,5.7,100.0,5.0
7.3,64.6,143.6,30,40,100,22.7,0.0,0.0,3.8
62.1,0.0,120.6,30,40,100,0.0,40.0,0.0,5.0
11.8,81.1,0.0,30,40,100,18.2,0.0,100.0,5.0
34.3,0.0,66.0,30,40,100,0.0,40.0,34.0,5.0
30.6,24.1,27.8,30,40,100,0.0,15.9,72.2,3.6
67.6,86.5,0.0,30,40,100,0.0,0.0,100.0,5.0
53.6,49.6,0.0,30,40,100,0.0,0.0,100.0,5.0
0.0,50.1,0.0,30,40,100,30.0,0.0,100.0,5.0
0.0,0.0,68.8,30,40,100,30.0,40.0,31.2,5.0
42.4,0.0,36.6,30,40,100,0.0,40.0,63.4,5.0
24.1,74.3,0.0,30,40,100,5.9,0.0,100.0,5.0
13.0,12.7,41.9,30,40,100,17.0,27.3,58.1,3.4
54.9,16.5,133.8,30,40,100,0.0,23.5,0.0,2.9
31.3,75.2,102.3,30,40,100,0.0,0.0,0.0,0.0
27.4,0.0,154.3,30,40,100,2.6,40.0,0.0,5.0
48.2,47.3,55.1,30,40,100,0.0,0.0,44.9,2.2
15.3,38.2,202.7,30,40,100,14.7,1.8,0.0,2.4
70.6,36.3,101.6,30,40,100,0.0,3.7,0.0,0.5
3.5,15.6,34.1,30,40,100,26.5,24.4,65.9,4.4
44.7,13.1,81.0,30,40,100,0.0,26.9,19.0,3.4
66.8,0.0,0.0,30,40,100,0.0,40.0,100.0,5.0
0.0,55.9,48.8,30,40,100,30.0,0.0,51.2,5.0
16.2,9.6,108.2,30,40,100,13.8,30.4,0.0,3.8
58.5,75.4,122.8,30,40,100,0.0,0.0,0.0,0.0
58.9,27.4,40.4,30,40,100,0.0,12.6,59.6,3.0
21.1,0.0,294.0,30,40,100,8.9,40.0,0.0,5.0
5.0,26.9,59.6,30,40,100,25.0,13.1,40.4,4.2
53.2,19.9,0.0,30,40,100,0.0,20.1,100.0,5.0
59.7,77.1,171.3,30,40,100,0.0,0.0,0.0,0.0
0.0,21.6,122.5,30,40,100,30.0,18.4,0.0,5.0
0.0,25.3,92.2,30,40,100,30.0,14.7,7.8,5.0
32.4,93.3,36.0,30,40,100,0.0,0.0,64.0,3.2
43.9,56.9,105.2,30,40,100,0.0,0.0,0.0,0.0
17.4,103.4,204.1,30,40,100,12.6,0.0,0.0,2.1
45.3,87.1,89.8,30,40,100,0.0,0.0,10.2,0.5
5.7,0.7,0.0,30,40,100,24.3,39.3,100.0,5.0
0.0,76.3,0.0,30,40,100,30.0,0.0,100.0,5.0
13.9,97.8,104.5,30,40,100,16.1,0.0,0.0,2.7
27.8,98.1,0.0,30,40,100,2.2,0.0,100.0,5.0
18.1,76.2,65.5,30,40,100,11.9,0.0,34.5,2.0
0.0,75.4,8.2,30,40,100,30.0,0.0,91.8,5.0
0.0,24.3,2.5,30,40,100,30.0,15.7,97.5,5.0
11.3,2.7,11.8,30,40,100,18.7,37.3,88.2,4.7
51.5,22.3,19.1,30,40,100,0.0,17.7,80.9,4.0
61.7,0.0,136.1,30,40,100,0.0,40.0,0.0,5.0
59.8,90.5,119.8,30,40,100,0.0,0.0,0.0,0.0
2.7,25.0,0.0,30,40,100,27.3,15.0,100.0,5.0
0.0,88.4,0.0,30,40,100,30.0,0.0,100.0,5.0
40.1,0.0,104.1,30,40,100,0.0,40.0,0.0,5.0
44.0,80.0,158.4,30,40,100,0.0,0.0,0.0,0.0
37.3,16.5,157.1,30,40,100,0.0,23.5,0.0,2.9
0.0,0.0,0.0,30,40,100,30.0,40.0,100.0,5.0
1.3,101.9,153.3,30,40,100,28.7,0.0,0.0,4.8
25.1,81.0,0.0,30,40,100,4.9,0.0,100.0,5.0
39.8,45.0,57.1,30,40,100,0.0,0.0,42.9,2.1
47.8,37.8,112.8,30,40,100,0.0,2.2,0.0,0.3
30.1,54.1,0.0,30,40,100,0.0,0.0,100.0,5.0
35.4,44.3,242.3,30,40,100,0.0,0.0,0.0,0.0
28.4,4.6,180.5,30,40,100,1.6,35.4,0.0,4.4
45.5,19.9,125.7,30,40,100,0.0,20.1,0.0,2.5
34.9,115.4,0.0,30,40,100,0.0,0.0,100.0,5.0
27.8,144.0,68.0,30,40,100,2.2,0.0,32.0,1.6
18.3,99.3,137.2,30,40,100,11.7,0.0,0.0,1.9
28.3,55.7,0.0,30,40,100,1.7,0.0,100.0,5.0
39.8,22.9,58.9,30,40,100,0.0,17.1,41.1,2.1
33.6,4.3,146.9,30,40,100,0.0,35.7,0.0,4.5
36.8,7.0,0.0,30,40,100,0.0,33.0,100.0,5.0
64.2,14.2,100.3,30,40,100,0.0,25.8,0.0,3.2
33.5,123.0,0.0,30,40,100,0.0,0.0,100.0,5.0
7.5,109.1,0.0,30,40,100,22.5,0.0,100.0,5.0
51.1,66.5,32.8,30,40,100,0.0,0.0,67.2,3.4
0.0,0.0,114.9,30,40,100,30.0,40.0,0.0,5.0
0.0,72.4,17.0,30,40,100,30.0,0.0,83.0,5.0
35.5,26.8,83.6,30,40,100,0.0,13.2,16.4,1.6
40.7,0.0,18.1,30,40,100,0.0,40.0,81.9,5.0
0.0,48.0,30.7,30,40,100,30.0,0.0,69.3,5.0
15.0,2.6,174.4,30,40,100,15.0,37.4,0.0,4.7
8.7,3.9,0.0,30,40,100,21.3,36.1,100.0,5.0
12.1,26.4,134.7,30,40,100,17.9,13.6,0.0,3.0
52.8,16.4,73.4,30,40,100,0.0,23.6,26.6,3.0
46.1,35.1,27.1,30,40,100,0.0,4.9,72.9,3.6
25.4,33.1,0.0,30,40,100,4.6,6.9,100.0,5.0
10.4,0.0,0.0,30,40,100,19.6,40.0,100.0,5.0
0.0,97.6,13.9,30,40,100,30.0,0.0,86.1,5.0
66.4,0.0,61.4,30,40,100,0.0,40.0,38.6,5.0
42.8,0.0,122.2,30,40,100,0.0,40.0,0.0,5.0
5.8,23.2,49.3,30,40,100,24.2,16.8,50.7,4.0
46.4,32.1,54.7,30,40,100,0.0,7.9,45.3,2.3
24.0,95.2,66.7,30,40,100,6.0,0.0,33.3,1.7
17.8,47.3,111.9,30,40,100,12.2,0.0,0.0,2.0
38.3,59.2,125.5,30,40,100,0.0,0.0,0.0,0.0
4.8,47.5,0.0,30,40,100,25.2,0.0,100.0,5.0
16.2,45.8,50.7,30,40,100,13.8,0.0,49.3,2.5
29.4,48.9,172.5,30,40,100,0.6,0.0,0.0,0.1
11.7,0.0,0.0,30,40,100,18.3,40.0,100.0,5.0
45.0,26.4,79.5,30,40,100,0.0,13.6,20.5,1.7
79.2,83.2,59.7,30,40,100,0.0,0.0,40.3,2.0
4.5,195.1,27.8,30,40,100,25.5,0.0,72.2,4.2
0.0,0.0,201.8,30,40,100,30.0,40.0,0.0,5.0
0.0,53.5,76.5,30,40,100,30.0,0.0,23.5,5.0
21.7,13.5,195.4,30,40,100,8.3,26.5,0.0,3.3
7.1,118.9,73.9,30,40,100,22.9,0.0,26.1,3.8
31.9,0.0,110.6,30,40,100,0.0,40.0,0.0,5.0
29.7,61.6,26.9,30,40,100,0.3,0.0,73.1,3.7
0.0,0.0,27.8,30,40,100,30.0,40.0,72.2,5.0
0.0,23.6,106.5,30,40,100,30.0,16.4,0.0,5.0
34.4,35.1,108.0,30,40,100,0.0,4.9,0.0,0.6
29.8,79.5,121.7,30,40,100,0.2,0.0,0.0,0.0
13.8,0.0,103.9,30,40,100,16.2,40.0,0.0,5.0
0.0,63.1,0.0,30,40,100,30.0,0.0,100.0,5.0
39.4,37.2,8.5,30,40,100,0.0,2.8,91.5,4.6
62.2,47.4,142.0,30,40,100,0.0,0.0,0.0,0.0
33.9,75.0,0.0,30,40,100,0.0,0.0,100.0,5.0
1.8,0.0,97.1,30,40,100,28.2,40.0,2.9,5.0
27.2,69.1,64.5,30,40,100,2.8,0.0,35.5,1.8
0.0,13.6,142.0,30,40,100,30.0,26.4,0.0,5.0
56.1,80.6,107.1,30,40,100,0.0,0.0,0.0,0.0
28.3,49.9,19.9,30,40,100,1.7,0.0,80.1,4.0
0.0,28.0,16.3,30,40,100,30.0,12.0,83.7,5.0
17.4,12.7,31.3,30,40,100,12.6,27.3,68.7,3.4
39.1,69.6,120.3,30,40,100,0.0,0.0,0.0,0.0
16.5,87.2,0.0,30,40,100,13.5,0.0,100.0,5.0
18.1,15.0,86.2,30,40,100,11.9,25.0,13.8,3.1
0.0,0.0,2.3,30,40,100,30.0,40.0,97.7,5.0
42.1,64.4,88.9,30,40,100,0.0,0.0,11.1,0.6
7.5,0.0,101.3,30,40,100,22.5,40.0,0.0,5.0
0.0,0.0,0.0,30,40,100,30.0,40.0,100.0,5.0
15.4,0.0,55.2,30,40,100,14.6,40.0,44.8,5.0
53.9,19.7,86.0,30,40,100,0.0,20.3,14.0,2.5
14.9,0.0,80.6,30,40,100,15.1,40.0,19.4,5.0
75.4,0.0,63.6,30,40,100,0.0,40.0,36.4,5.0
38.2,0.0,0.0,30,40,100,0.0,40.0,100.0,5.0
35.6,62.3,0.0,30,40,100,0.0,0.0,100.0,5.0
22.3,0.0,0.0,30,40,100,7.7,40.0,100.0,5.0
24.0,22.8,118.2,30,40,100,6.0,17.2,0.0,2.2
18.4,114.8,64.2,30,40,100,11.6,0.0,35.8,1.9
17.3,34.5,69.3,30,40,100,12.7,5.5,30.7,2.1
41.1,50.2,0.0,30,40,100,0.0,0.0,100.0,5.0
0.0,0.0,70.8,30,40,100,30.0,40.0,29.2,5.0
0.0,123.5,124.6,30,40,100,30.0,0.0,0.0,5.0
0.0,14.7,0.0,30,40,100,30.0,25.3,100.0,5.0
84.2,27.3,30.3,30,40,100,0.0,12.7,69.7,3.5
41.1,89.5,0.0,30,40,100,0.0,0.0,100.0,5.0
34.6,29.1,39.6,30,40,100,0.0,10.9,60.4,3.0
0.0,38.4,0.8,30,40,100,30.0,1.6,99.2,5.0
43.7,25.1,104.2,30,40,100,0.0,14.9,0.0,1.9
22.6,25.4,87.1,30,40,100,7.4,14.6,12.9,1.8
32.1,51.4,177.6,30,40,100,0.0,0.0,0.0,0.0
0.0,58.7,69.1,30,40,100,30.0,0.0,30.9,5.0
30.5,10.6,100.8,30,40,100,0.0,29.4,0.0,3.7
13.9,5.6,28.5,30,40,100,16.1,34.4,71.5,4.3
4.1,11.9,0.0,30,40,100,25.9,28.1,100.0,5.0
46.9,0.0,140.8,30,40,100,0.0,40.0,0.0,5.0
0.0,0.0,173.8,30,40,100,30.0,40.0,0.0,5.0
42.0,48.4,130.4,30,40,100,0.0,0.0,0.0,0.0
45.4,74.2,84.1,30,40,100,0.0,0.0,15.9,0.8
0.9,71.5,0.0,30,40,100,29.1,0.0,100.0,5.0
2.6,0.0,165.6,30,40,100,27.4,40.0,0.0,5.0
19.6,26.6,120.2,30,40,100,10.4,13.4,0.0,1.7
34.0,0.0,236.8,30,40,100,0.0,40.0,0.0,5.0
21.6,42.2,0.0,30,40,100,8.4,0.0,100.0,5.0
38.3,19.6,143.1,30,40,100,0.0,20.4,0.0,2.6
76.2,60.3,117.8,30,40,100,0.0,0.0,0.0,0.0
11.5,35.7,45.9,30,40,100,18.5,4.3,54.1,3.1
0.0,0.0,183.5,30,40,100,30.0,40.0,0.0,5.0
49.5,0.0,105.9,30,40,100,0.0,40.0,0.0,5.0
73.9,36.7,0.0,30,40,100,0.0,3.3,100.0,5.0
37.1,40.1,64.0,30,40,100,0.0,0.0,36.0,1.8
0.0,0.0,0.0,30,40,100,30.0,40.0,100.0,5.0
22.4,0.0,35.7,30,40,100,7.6,40.0,64.3,5.0
0.0,38.7,130.3,30,40,100,30.0,1.3,0.0,5.0
44.3,0.0,153.3,30,40,100,0.0,40.0,0.0,5.0
0.0,0.0,91.3,30,40,100,30.0,40.0,8.7,5.0
17.4,18.5,13.0,30,40,100,12.6,21.5,87.0,4.4
0.0,16.8,104.3,30,40,100,30.0,23.2,0.0,5.0
29.6,1.1,131.8,30,40,100,0.4,38.9,0.0,4.9
15.5,8.1,0.0,30,40,100,14.5,31.9,100.0,5.0
31.0,37.0,82.9,30,40,100,0.0,3.0,17.1,0.9
26.6,7.5,58.2,30,40,100,3.4,32.5,41.8,4.1
0.0,39.3,150.4,30,40,100,30.0,0.7,0.0,5.0
43.8,21.1,104.6,30,40,100,0.0,18.9,0.0,2.4
24.6,43.2,112.6,30,40,100,5.4,0.0,0.0,0.9
0.0,71.8,34.6,30,40,100,30.0,0.0,65.4,5.0
89.8,70.2,73.6,30,40,100,0.0,0.0,26.4,1.3
39.5,88.3,149.6,30,40,100,0.0,0.0,0.0,0.0
21.6,70.2,68.3,30,40,100,8.4,0.0,31.7,1.6
66.3,46.0,87.6,30,40,100,0.0,0.0,12.4,0.6
78.4,19.0,0.0,30,40,100,0.0,21.0,100.0,5.0
21.8,20.8,68.0,30,40,100,8.2,19.2,32.0,2.4
35.8,1.1,0.0,30,40,100,0.0,38.9,100.0,5.0
0.0,36.6,31.9,30,40,100,30.0,3.4,68.1,5.0
21.8,64.5,78.6,30,40,100,8.2,0.0,21.4,1.4
20.3,7.2,135.4,30,40,100,9.7,32.8,0.0,4.1
31.2,34.9,0.0,30,40,100,0.0,5.1,100.0,5.0
35.4,9.2,103.6,30,40,100,0.0,30.8,0.0,3.8
41.9,44.9,191.9,30,40,100,0.0,0.0,0.0,0.0
32.7,14.3,21.8,30,40,100,0.0,25.7,78.2,3.9
0.0,6.7,0.0,30,40,100,30.0,33.3,100.0,5.0
0.0,9.1,96.9,30,40,100,30.0,30.9,3.1,5.0
10.4,56.7,0.0,30,40,100,19.6,0.0,100.0,5.0
17.9,32.6,7.4,30,40,100,12.1,7.4,92.6,4.6
55.9,19.2,148.0,30,40,100,0.0,20.8,0.0,2.6
0.0,47.0,224.9,30,40,100,30.0,0.0,0.0,5.0
15.8,19.8,0.0,30,40,100,14.2,20.2,100.0,5.0
53.1,81.8,14.0,30,40,100,0.0,0.0,86.0,4.3
17.4,0.0,38.0,30,40,100,12.6,40.0,62.0,5.0
39.1,28.9,29.3,30,40,100,0.0,11.1,70.7,3.5
22.0,0.0,229.4,30,40,100,8.0,40.0,0.0,5.0
33.3,22.5,30.7,30,40,100,0.0,17.5,69.3,3.5
19.4,0.0,42.2,30,40,100,10.6,40.0,57.8,5.0
44.9,66.5,203.8,30,40,100,0.0,0.0,0.0,0.0
0.0,67.3,120.0,30,40,100,30.0,0.0,0.0,5.0
15.6,68.0,153.0,30,40,100,14.4,0.0,0.0,2.4
34.4,37.6,0.4,30,40,100,0.0,2.4,99.6,5.0
41.2,1.0,30.7,30,40,100,0.0,39.0,69.3,4.9
68.5,4.2,0.0,30,40,100,0.0,35.8,100.0,5.0
14.8,98.0,138.1,30,40,100,15.2,0.0,0.0,2.5
68.1,94.2,172.3,30,40,100,0.0,0.0,0.0,0.0
7.2,41.4,25.1,30,40,100,22.8,0.0,74.9,3.8
63.8,15.7,44.1,30,40,100,0.0,24.3,55.9,3.0
49.2,91.5,47.6,30,40,100,0.0,0.0,52.4,2.6
0.0,8.5,0.0,30,40,100,30.0,31.5,100.0,5.0
34.7,45.7,19.2,30,40,100,0.0,0.0,80.8,4.0
24.5,90.9,135.9,30,40,100,5.5,0.0,0.0,0.9
43.8,2.8,2.9,30,40,100,0.0,37.2,97.1,4.9
19.6,69.8,81.0,30,40,100,10.4,0.0,19.0,1.7
17.2,57.4,0.0,30,40,100,12.8,0.0,100.0,5.0
64.9,34.9,61.9,30,40,100,0.0,5.1,38.1,1.9
23.1,0.0,28.1,30,40,100,6.9,40.0,71.9,5.0
49.5,7.3,0.0,30,40,100,0.0,32.7,100.0,5.0
19.5,48.1,137.2,30,40,100,10.5,0.0,0.0,1.8
73.4,0.0,141.8,30,40,100,0.0,40.0,0.0,5.0
6.6,41.7,0.0,30,40,100,23.4,0.0,100.0,5.0
8.5,58.2,56.1,30,40,100,21.5,0.0,43.9,3.6
69.4,76.1,77.1,30,40,100,0.0,0.0,22.9,1.1
13.3,0.0,0.0,30,40,100,16.7,40.0,100.0,5.0
71.5,89.4,0.0,30,40,100,0.0,0.0,100.0,5.0
51.3,104.7,177.2,30,40,100,0.0,0.0,0.0,0.0
21.5,53.0,0.0,30,40,100,8.5,0.0,100.0,5.0
0.0,0.0,175.0,30,40,100,30.0,40.0,0.0,5.0
25.4,23.2,0.0,30,40,100,4.6,16.8,100.0,5.0
28.8,34.5,126.6,30,40,100,1.2,5.5,0.0,0.7
59.2,47.3,48.4,30,40,100,0.0,0.0,51.6,2.6
71.2,37.3,59.7,30,40,100,0.0,2.7,40.3,2.0
6.4,47.8,223.2,30,40,100,23.6,0.0,0.0,3.9
48.8,32.8,0.0,30,40,100,0.0,7.2,100.0,5.0
47.7,47.1,121.5,30,40,100,0.0,0.0,0.0,0.0
56.5,17.9,118.1,30,40,100,0.0,22.1,0.0,2.8
40.2,22.8,344.0,30,40,100,0.0,17.2,0.0,2.2
0.0,13.3,0.0,30,40,100,30.0,26.7,100.0,5.0
21.5,113.6,23.0,30,40,100,8.5,0.0,77.0,3.8
0.0,95.4,139.3,30,40,100,30.0,0.0,0.0,5.0
20.2,58.8,57.3,30,40,100,9.8,0.0,42.7,2.1
53.9,89.8,36.2,30,40,100,0.0,0.0,63.8,3.2
34.6,68.6,150.7,30,40,100,0.0,0.0,0.0,0.0
58.6,43.7,52.0,30,40,100,0.0,0.0,48.0,2.4
35.7,0.0,1.6,30,40,100,0.0,40.0,98.4,5.0
0.0,25.9,132.1,30,40,100,30.0,14.1,0.0,5.0
0.0,23.0,103.8,30,40,100,30.0,17.0,0.0,5.0
30.2,0.0,48.3,30,40,100,0.0,40.0,51.7,5.0
19.9,0.0,44.4,30,40,100,10.1,40.0,55.6,5.0
0.0,56.3,0.0,30,40,100,30.0,0.0,100.0,5.0
0.0,49.5,132.0,30,40,100,30.0,0.0,0.0,5.0
5.0,0.0,44.5,30,40,100,25.0,40.0,55.5,5.0
20.4,6.4,11.4,30,40,100,9.6,33.6,88.6,4.4
44.9,83.2,0.0,30,40,100,0.0,0.0,100.0,5.0
31.3,1.1,105.1,30,40,100,0.0,38.9,0.0,4.9
71.7,43.3,32.5,30,40,100,0.0,0.0,67.5,3.4
0.0,28.8,0.0,30,40,100,30.0,11.2,100.0,5.0
51.0,56.8,0.0,30,40,100,0.0,0.0,100.0,5.0
27.3,2.0,54.7,30,40,100,2.7,38.0,45.3,4.8
45.7,40.1,56.9,30,40,100,0.0,0.0,43.1,2.2
13.5,43.2,53.9,30,40,100,16.5,0.0,46.1,2.8
56.5,45.7,42.6,30,40,100,0.0,0.0,57.4,2.9
34.4,39.6,0.0,30,40,100,0.0,0.4,100.0,5.0
6.6,50.3,3.0,30,40,100,23.4,0.0,97.0,4.8
25.6,124.7,169.0,30,40,100,4.4,0.0,0.0,0.7
19.1,139.5,157.1,30,40,100,10.9,0.0,0.0,1.8
39.9,10.7,120.1,30,40,100,0.0,29.3,0.0,3.7
0.0,0.0,113.0,30,40,100,30.0,40.0,0.0,5.0
25.1,60.4,146.5,30,40,100,4.9,0.0,0.0,0.8
37.2,43.9,0.0,30,40,100,0.0,0.0,100.0,5.0
26.9,79.1,76.2,30,40,100,3.1,0.0,23.8,1.2
64.3,47.9,0.0,30,40,100,0.0,0.0,100.0,5.0
48.0,38.8,0.0,30,40,100,0.0,1.2,100.0,5.0
25.7,81.9,103.2,30,40,100,4.3,0.0,0.0,0.7
32.1,87.5,149.8,30,40,100,0.0,0.0,0.0,0.0
34.4,0.0,57.9,30,40,100,0.0,40.0,42.1,5.0
37.4,3.6,206.5,30,40,100,0.0,36.4,0.0,4.6
0.0,32.2,90.6,30,40,100,30.0,7.8,9.4,5.0
17.4,40.4,10.9,30,40,100,12.6,0.0,89.1,4.5
0.0,27.4,0.0,30,40,100,30.0,12.6,100.0,5.0
62.4,53.9,155.6,30,40,100,0.0,0.0,0.0,0.0
24.2,76.5,83.9,30,40,100,5.8,0.0,16.1,1.0
20.4,105.8,128.0,30,40,100,9.6,0.0,0.0,1.6
51.5,59.7,0.0,30,40,100,0.0,0.0,100.0,5.0
38.0,2.1,93.2,30,40,100,0.0,37.9,6.8,4.7
0.0,30.5,32.2,30,40,100,30.0,9.5,67.8,5.0
23.9,33.4,0.0,30,40,100,6.1,6.6,100.0,5.0
16.4,57.2,68.4,30,40,100,13.6,0.0,31.6,2.3
0.0,52.1,161.5,30,40,100,30.0,0.0,0.0,5.0
6.3,119.0,256.3,30,40,100,23.7,0.0,0.0,4.0
20.7,17.9,93.0,30,40,100,9.3,22.1,7.0,2.8
22.7,51.9,16.3,30,40,100,7.3,0.0,83.7,4.2
0.0,131.2,11.4,30,40,100,30.0,0.0,88.6,5.0
58.7,12.9,151.2,30,40,100,0.0,27.1,0.0,3.4
23.0,42.3,0.0,30,40,100,7.0,0.0,100.0,5.0
27.0,0.0,123.7,30,40,100,3.0,40.0,0.0,5.0
37.4,39.8,97.2,30,40,100,0.0,0.2,2.8,0.1
3.5,5.0,88.3,30,40,100,26.5,35.0,11.7,4.4
38.9,78.6,0.0,30,40,100,0.0,0.0,100.0,5.0
15.5,42.4,44.7,30,40,100,14.5,0.0,55.3,2.8
0.4,0.0,0.0,30,40,100,29.6,40.0,100.0,5.0
42.3,70.3,26.1,30,40,100,0.0,0.0,73.9,3.7
68.4,43.7,147.5,30,40,100,0.0,0.0,0.0,0.0
46.6,74.8,172.8,30,40,100,0.0,0.0,0.0,0.0
52.2,0.0,90.7,30,40,100,0.0,40.0,9.3,5.0
11.1,51.3,27.5,30,40,100,18.9,0.0,72.5,3.6
0.0,67.6,201.6,30,40,100,30.0,0.0,0.0,5.0
68.4,19.4,26.4,30,40,100,0.0,20.6,73.6,3.7
84.5,0.0,0.0,30,40,100,0.0,40.0,100.0,5.0
69.9,34.8,129.7,30,40,100,0.0,5.2,0.0,0.7
16.4,85.9,110.4,30,40,100,13.6,0.0,0.0,2.3
0.0,81.8,29.7,30,40,100,30.0,0.0,70.3,5.0
0.0,19.2,81.6,30,40,100,30.0,20.8,18.4,5.0
0.0,0.0,109.2,30,40,100,30.0,40.0,0.0,5.0
22.9,19.1,89.9,30,40,100,7.1,20.9,10.1,2.6
71.7,17.6,110.5,30,40,100,0.0,22.4,0.0,2.8
21.9,54.4,32.7,30,40,100,8.1,0.0,67.3,3.4
34.6,32.2,115.9,30,40,100,0.0,7.8,0.0,1.0
65.1,6.1,74.9,30,40,100,0.0,33.9,25.1,4.2
14.4,80.9,35.4,30,40,100,15.6,0.0,64.6,3.2
83.9,42.1,53.7,30,40,100,0.0,0.0,46.3,2.3
82.7,54.0,65.6,30,40,100,0.0,0.0,34.4,1.7
22.2,0.0,0.0,30,40,100,7.8,40.0,100.0,5.0
9.5,0.0,22.2,30,40,100,20.5,40.0,77.8,5.0
45.8,0.0,78.7,30,40,100,0.0,40.0,21.3,5.0
16.1,17.1,0.0,30,40,100,13.9,22.9,100.0,5.0
0.0,59.6,23.5,30,40,100,30.0,0.0,76.5,5.0
62.4,0.0,265.8,30,40,100,0.0,40.0,0.0,5.0
60.6,100.6,0.0,30,40,100,0.0,0.0,100.0,5.0
30.4,43.3,42.5,30,40,100,0.0,0.0,57.5,2.9
0.0,91.2,6.3,30,40,100,30.0,0.0,93.7,5.0
0.0,0.8,64.1,30,40,100,30.0,39.2,35.9,5.0
29.0,56.7,7.8,30,40,100,1.0,0.0,92.2,4.6
11.7,39.9,53.9,30,40,100,18.3,0.1,46.1,3.0
16.2,69.4,15.5,30,40,100,13.8,0.0,84.5,4.2
55.1,27.0,158.6,30,40,100,0.0,13.0,0.0,1.6
46.8,55.5,80.1,30,40,100,0.0,0.0,19.9,1.0
65.2,80.8,0.0,30,40,100,0.0,0.0,100.0,5.0
0.0,10.2,141.3,30,40,100,30.0,29.8,0.0,5.0
16.2,46.2,0.0,30,40,100,13.8,0.0,100.0,5.0
47.6,0.0,0.0,30,40,100,0.0,40.0,100.0,5.0
38.7,64.7,73.3,30,40,100,0.0,0.0,26.7,1.3
69.6,115.1,227.3,30,40,100,0.0,0.0,0.0,0.0
37.9,0.0,0.0,30,40,100,0.0,40.0,100.0,5.0
78.6,32.8,0.0,30,40,100,0.0,7.2,100.0,5.0
41.3,71.9,134.2,30,40,100,0.0,0.0,0.0,0.0
56.2,37.7,21.7,30,40,100,0.0,2.3,78.3,3.9
16.7,43.1,122.8,30,40,100,13.3,0.0,0.0,2.2
26.4,20.7,6.0,30,40,100,3.6,19.3,94.0,4.7
51.9,19.2,84.9,30,40,100,0.0,20.8,15.1,2.6
71.9,33.0,214.2,30,40,100,0.0,7.0,0.0,0.9
46.7,38.1,0.0,30,40,100,0.0,1.9,100.0,5.0
23.6,0.0,156.1,30,40,100,6.4,40.0,0.0,5.0
65.2,33.8,128.3,30,40,100,0.0,6.2,0.0,0.8
0.0,99.6,0.0,30,40,100,30.0,0.0,100.0,5.0
0.0,19.6,118.6,30,40,100,30.0,20.4,0.0,5.0
45.4,0.0,79.4,30,40,100,0.0,40.0,20.6,5.0
26.4,30.4,80.8,30,40,100,3.6,9.6,19.2,1.2
43.2,7.7,100.6,30,40,100,0.0,32.3,0.0,4.0
27.8,0.0,45.2,30,40,100,2.2,40.0,54.8,5.0
42.2,42.0,79.1,30,40,100,0.0,0.0,20.9,1.0
2.8,7.9,93.0,30,40,100,27.2,32.1,7.0,4.5
42.2,11.3,133.7,30,40,100,0.0,28.7,0.0,3.6
54.3,42.6,0.0,30,40,100,0.0,0.0,100.0,5.0
60.7,0.0,177.6,30,40,100,0.0,40.0,0.0,5.0
83.3,0.0,0.0,30,40,100,0.0,40.0,100.0,5.0
32.9,63.4,134.9,30,40,100,0.0,0.0,0.0,0.0
33.8,0.0,79.9,30,40,100,0.0,40.0,20.1,5.0
0.0,0.0,0.0,30,40,100,30.0,40.0,100.0,5.0
10.8,0.0,116.1,30,40,100,19.2,40.0,0.0,5.0
20.5,16.9,0.0,30,40,100,9.5,23.1,100.0,5.0
55.9,53.7,159.7,30,40,100,0.0,0.0,0.0,0.0
8.6,41.0,16.2,30,40,100,21.4,0.0,83.8,4.2
48.6,132.7,0.0,30,40,100,0.0,0.0,100.0,5.0
25.9,80.2,197.2,30,40,100,4.1,0.0,0.0,0.7
20.9,0.0,88.1,30,40,100,9.1,40.0,11.9,5.0
33.0,0.0,143.4,30,40,100,0.0,40.0,0.0,5.0
14.8,145.4,4.8,30,40,100,15.2,0.0,95.2,4.8
13.7,79.2,0.0,30,40,100,16.3,0.0,100.0,5.0
0.0,60.2,208.6,30,40,100,30.0,0.0,0.0,5.0
18.9,39.5,73.0,30,40,100,11.1,0.5,27.0,1.9
12.3,47.5,113.1,30,40,100,17.7,0.0,0.0,2.9
11.3,0.0,126.4,30,40,100,18.7,40.0,0.0,5.0
37.8,42.8,46.4,30,40,100,0.0,0.0,53.6,2.7
44.7,39.3,91.7,30,40,100,0.0,0.7,8.3,0.4
32.6,0.1,202.0,30,40,100,0.0,39.9,0.0,5.0
54.3,14.8,70.9,30,40,100,0.0,25.2,29.1,3.2
42.3,97.4,149.5,30,40,100,0.0,0.0,0.0,0.0
17.5,31.4,0.0,30,40,100,12.5,8.6,100.0,5.0
12.8,119.8,164.1,30,40,100,17.2,0.0,0.0,2.9
34.9,0.0,0.0,30,40,100,0.0,40.0,100.0,5.0
42.3,15.4,154.9,30,40,100,0.0,24.6,0.0,3.1
65.8,0.0,105.0,30,40,100,0.0,40.0,0.0,5.0
59.9,0.0,65.8,30,40,100,0.0,40.0,34.2,5.0
10.5,3.1,65.5,30,40,100,19.5,36.9,34.5,4.6
23.0,49.1,53.1,30,40,100,7.0,0.0,46.9,2.3
45.1,47.2,7.3,30,40,100,0.0,0.0,92.7,4.6
56.4,9.1,56.9,30,40,100,0.0,30.9,43.1,3.9
52.7,0.0,251.6,30,40,100,0.0,40.0,0.0,5.0
24.1,95.9,178.5,30,40,100,5.9,0.0,0.0,1.0
0.0,24.9,3.3,30,40,100,30.0,15.1,96.7,5.0
0.0,0.0,95.1,30,40,100,30.0,40.0,4.9,5.0
33.7,47.5,81.2,30,40,100,0.0,0.0,18.8,0.9
35.7,44.7,62.0,30,40,100,0.0,0.0,38.0,1.9
0.0,23.5,0.0,30,40,100,30.0,16.5,100.0,5.0
27.2,42.4,109.5,30,40,100,2.8,0.0,0.0,0.5
43.9,0.0,141.7,30,40,100,0.0,40.0,0.0,5.0
0.0,67.0,6.2,30,40,100,30.0,0.0,93.8,5.0
57.4,0.0,231.2,30,40,100,0.0,40.0,0.0,5.0
15.2,12.1,196.2,30,40,100,14.8,27.9,0.0,3.5
61.8,62.6,117.7,30,40,100,0.0,0.0,0.0,0.0
10.8,84.9,0.0,30,40,100,19.2,0.0,100.0,5.0
0.0,100.3,105.9,30,40,100,30.0,0.0,0.0,5.0
12.9,78.9,96.2,30,40,100,17.1,0.0,3.8,2.9
23.2,23.4,114.9,30,40,100,6.8,16.6,0.0,2.1
14.9,0.0,201.8,30,40,100,15.1,40.0,0.0,5.0
19.8,93.0,59.3,30,40,100,10.2,0.0,40.7,2.0
35.5,91.6,238.6,30,40,100,0.0,0.0,0.0,0.0
21.1,9.4,106.3,30,40,100,8.9,30.6,0.0,3.8
24.1,73.5,50.1,30,40,100,5.9,0.0,49.9,2.5
0.0,23.1,267.0,30,40,100,30.0,16.9,0.0,5.0
37.1,96.9,140.4,30,40,100,0.0,0.0,0.0,0.0
23.4,15.7,36.8,30,40,100,6.6,24.3,63.2,3.2
71.8,116.1,80.3,30,40,100,0.0,0.0,19.7,1.0
0.0,68.1,124.7,30,40,100,30.0,0.0,0.0,5.0
0.0,108.8,61.3,30,40,100,30.0,0.0,38.7,5.0
43.6,17.8,84.3,30,40,100,0.0,22.2,15.7,2.8
35.8,52.7,7.6,30,40,100,0.0,0.0,92.4,4.6
0.0,0.0,0.0,30,40,100,30.0,40.0,100.0,5.0
0.0,70.4,82.1,30,40,100,30.0,0.0,17.9,5.0
69.7,72.6,84.8,30,40,100,0.0,0.0,15.2,0.8
66.2,132.9,116.0,30,40,100,0.0,0.0,0.0,0.0
0.0,55.8,27.0,30,40,100,30.0,0.0,73.0,5.0
12.9,65.6,0.0,30,40,100,17.1,0.0,100.0,5.0
73.3,17.5,0.0,30,40,100,0.0,22.5,100.0,5.0
12.4,58.2,158.6,30,40,100,17.6,0.0,0.0,2.9
12.0,21.2,19.7,30,40,100,18.0,18.8,80.3,4.0
17.9,41.1,37.8,30,40,100,12.1,0.0,62.2,3.1
0.0,43.5,48.3,30,40,100,30.0,0.0,51.7,5.0
0.0,22.3,23.6,30,40,100,30.0,17.7,76.4,5.0
55.9,39.0,17.6,30,40,100,0.0,1.0,82.4,4.1
0.0,21.3,3.2,30,40,100,30.0,18.7,96.8,5.0
33.0,21.2,186.5,30,40,100,0.0,18.8,0.0,2.4
51.2,79.8,128.3,30,40,100,0.0,0.0,0.0,0.0
0.0,43.5,174.1,30,40,100,30.0,0.0,0.0,5.0
0.0,50.4,190.4,30,40,100,30.0,0.0,0.0,5.0
60.5,0.0,0.0,30,40,100,0.0,40.0,100.0,5.0
41.1,53.5,101.2,30,40,100,0.0,0.0,0.0,0.0
8.4,57.8,26.2,30,40,100,21.6,0.0,73.8,3.7
60.2,20.4,163.6,30,40,100,0.0,19.6,0.0,2.4
60.3,120.4,13.7,30,40,100,0.0,0.0,86.3,4.3
33.6,0.0,0.0,30,40,100,0.0,40.0,100.0,5.0
0.3,68.0,0.0,30,40,100,29.7,0.0,100.0,5.0
14.2,65.1,49.1,30,40,100,15.8,0.0,50.9,2.6
34.1,58.2,147.3,30,40,100,0.0,0.0,0.0,0.0
20.6,43.5,94.2,30,40,100,9.4,0.0,5.8,1.6
52.7,58.6,0.0,30,40,100,0.0,0.0,100.0,5.0
0.0,71.4,247.1,30,40,100,30.0,0.0,0.0,5.0
0.0,7.2,125.9,30,40,100,30.0,32.8,0.0,5.0
31.1,48.5,136.2,30,40,100,0.0,0.0,0.0,0.0
12.0,29.1,177.1,30,40,100,18.0,10.9,0.0,3.0
8.1,0.0,0.0,30,40,100,21.9,40.0,100.0,5.0
0.0,65.3,0.0,30,40,100,30.0,0.0,100.0,5.0
26.5,13.7,139.9,30,40,100,3.5,26.3,0.0,3.3
24.4,0.0,8.1,30,40,100,5.6,40.0,91.9,5.0
44.6,14.8,51.3,30,40,100,0.0,25.2,48.7,3.2
27.9,4.3,67.2,30,40,100,2.1,35.7,32.8,4.5
22.2,77.8,0.0,30,40,100,7.8,0.0,100.0,5.0
59.5,42.6,44.4,30,40,100,0.0,0.0,55.6,2.8
0.0,92.1,147.2,30,40,100,30.0,0.0,0.0,5.0
41.2,9.6,132.3,30,40,100,0.0,30.4,0.0,3.8
0.0,71.6,163.3,30,40,100,30.0,0.0,0.0,5.0
2.1,150.7,154.9,30,40,100,27.9,0.0,0.0,4.6
0.0,50.8,106.2,30,40,100,30.0,0.0,0.0,5.0
48.2,71.1,99.8,30,40,100,0.0,0.0,0.2,0.0
24.1,64.4,93.9,30,40,100,5.9,0.0,6.1,1.0
25.6,0.0,22.9,30,40,100,4.4,40.0,77.1,5.0
0.0,60.0,0.0,30,40,100,30.0,0.0,100.0,5.0
17.4,48.8,17.9,30,40,100,12.6,0.0,82.1,4.1
4.2,26.0,47.2,30,40,100,25.8,14.0,52.8,4.3
36.9,0.9,20.6,30,40,100,0.0,39.1,79.4,4.9
0.0,64.4,106.9,30,40,100,30.0,0.0,0.0,5.0
63.8,0.0,89.8,30,40,100,0.0,40.0,10.2,5.0
0.0,122.3,98.4,30,40,100,30.0,0.0,1.6,5.0
3.0,41.0,101.8,30,40,100,27.0,0.0,0.0,4.5
73.7,0.0,169.9,30,40,100,0.0,40.0,0.0,5.0
13.6,15.8,72.8,30,40,100,16.4,24.2,27.2,3.0
0.0,25.3,154.8,30,40,100,30.0,14.7,0.0,5.0
32.2,133.5,115.2,30,40,100,0.0,0.0,0.0,0.0
12.4,0.8,164.6,30,40,100,17.6,39.2,0.0,4.9
2.1,31.8,203.7,30,40,100,27.9,8.2,0.0,4.6
0.0,14.8,120.0,30,40,100,30.0,25.2,0.0,5.0
104.8,56.5,81.9,30,40,100,0.0,0.0,18.1,0.9
18.8,15.4,81.3,30,40,100,11.2,24.6,18.7,3.1
0.0,0.0,35.6,30,40,100,30.0,40.0,64.4,5.0
68.5,28.6,32.9,30,40,100,0.0,11.4,67.1,3.4
43.4,24.4,146.2,30,40,100,0.0,15.6,0.0,2.0
4.1,12.6,0.0,30,40,100,25.9,27.4,100.0,5.0
0.0,14.8,203.7,30,40,100,30.0,25.2,0.0,5.0
45.1,84.1,61.3,30,40,100,0.0,0.0,38.7,1.9
18.9,23.6,304.3,30,40,100,11.1,16.4,0.0,2.0
0.0,0.0,17.6,30,40,100,30.0,40.0,82.4,5.0
76.8,17.8,93.7,30,40,100,0.0,22.2,6.3,2.8
13.6,38.6,45.1,30,40,100,16.4,1.4,54.9,2.7
68.5,0.0,9.5,30,40,100,0.0,40.0,90.5,5.0
62.4,101.9,159.3,30,40,100,0.0,0.0,0.0,0.0
0.0,71.4,0.0,30,40,100,30.0,0.0,100.0,5.0
55.4,94.0,19.0,30,40,100,0.0,0.0,81.0,4.1
7.4,52.2,120.8,30,40,100,22.6,0.0,0.0,3.8
0.0,0.0,133.6,30,40,100,30.0,40.0,0.0,5.0
13.9,98.2,0.0,30,40,100,16.1,0.0,100.0,5.0
37.3,1.7,120.4,30,40,100,0.0,38.3,0.0,4.8
12.8,5.0,83.9,30,40,100,17.2,35.0,16.1,4.4
17.2,42.7,0.0,30,40,100,12.8,0.0,100.0,5.0
58.5,91.9,9.9,30,40,100,0.0,0.0,90.1,4.5
29.0,78.8,0.0,30,40,100,1.0,0.0,100.0,5.0
1.9,72.9,212.0,30,40,100,28.1,0.0,0.0,4.7
45.9,23.9,155.4,30,40,100,0.0,16.1,0.0,2.0
31.6,23.3,0.0,30,40,100,0.0,16.7,100.0,5.0
0.0,50.4,137.9,30,40,100,30.0,0.0,0.0,5.0
38.2,31.2,27.2,30,40,100,0.0,8.8,72.8,3.6
37.1,72.2,147.3,30,40,100,0.0,0.0,0.0,0.0
26.5,69.9,33.5,30,40,100,3.5,0.0,66.5,3.3
51.3,60.2,44.2,30,40,100,0.0,0.0,55.8,2.8
6.8,0.0,50.2,30,40,100,23.2,40.0,49.8,5.0
35.5,41.6,20.5,30,40,100,0.0,0.0,79.5,4.0
0.0,32.1,186.3,30,40,100,30.0,7.9,0.0,5.0
37.5,43.2,146.0,30,40,100,0.0,0.0,0.0,0.0
81.6,6.1,82.4,30,40,100,0.0,33.9,17.6,4.2
0.0,0.0,156.1,30,40,100,30.0,40.0,0.0,5.0
4.3,55.1,0.0,30,40,100,25.7,0.0,100.0,5.0
5.7,22.1,0.0,30,40,100,24.3,17.9,100.0,5.0
29.7,59.6,111.8,30,40,100,0.3,0.0,0.0,0.1
0.0,9.4,132.8,30,40,100,30.0,30.6,0.0,5.0
37.9,93.4,96.0,30,40,100,0.0,0.0,4.0,0.2
50.1,76.7,0.0,30,40,100,0.0,0.0,100.0,5.0
41.2,48.4,0.0,30,40,100,0.0,0.0,100.0,5.0
0.0,27.9,107.1,30,40,100,30.0,12.1,0.0,5.0
54.3,70.8,269.2,30,40,100,0.0,0.0,0.0,0.0
52.6,52.2,171.7,30,40,100,0.0,0.0,0.0,0.0
49.6,46.0,200.7,30,40,100,0.0,0.0,0.0,0.0
36.6,78.4,100.9,30,40,100,0.0,0.0,0.0,0.0
32.2,93.9,100.3,30,40,100,0.0,0.0,0.0,0.0
55.4,0.0,0.0,30,40,100,0.0,40.0,100.0,5.0
80.7,0.0,150.3,30,40,100,0.0,40.0,0.0,5.0
0.0,5.0,67.6,30,40,100,30.0,35.0,32.4,5.0
56.7,0.0,129.4,30,40,100,0.0,40.0,0.0,5.0
23.5,33.9,76.0,30,40,100,6.5,6.1,24.0,1.2
22.3,60.6,96.0,30,40,100,7.7,0.0,4.0,1.3
0.0,35.6,66.4,30,40,100,30.0,4.4,33.6,5.0
17.8,15.0,91.6,30,40,100,12.2,25.0,8.4,3.1
0.0,81.8,154.1,30,40,100,30.0,0.0,0.0,5.0
12.7,42.1,0.0,30,40,100,17.3,0.0,100.0,5.0
0.0,50.3,0.0,30,40,100,30.0,0.0,100.0,5.0
13.2,82.9,107.8,30,40,100,16.8,0.0,0.0,2.8
14.4,31.5,189.7,30,40,100,15.6,8.5,0.0,2.6
28.7,119.4,210.0,30,40,100,1.3,0.0,0.0,0.2
0.0,18.4,0.0,30,40,100,30.0,21.6,100.0,5.0
0.0,116.9,41.0,30,40,100,30.0,0.0,59.0,5.0
36.3,0.0,0.0,30,40,100,0.0,40.0,100.0,5.0
3.2,57.3,29.1,30,40,100,26.8,0.0,70.9,4.5
56.6,10.6,164.0,30,40,100,0.0,29.4,0.0,3.7
32.4,81.5,72.5,30,40,100,0.0,0.0,27.5,1.4
43.2,17.2,43.3,30,40,100,0.0,22.8,56.7,2.9
66.1,48.2,117.5,30,40,100,0.0,0.0,0.0,0.0
17.1,10.3,9.4,30,40,100,12.9,29.7,90.6,4.5
9.6,74.2,202.0,30,40,100,20.4,0.0,0.0,3.4
50.8,10.1,74.1,30,40,100,0.0,29.9,25.9,3.7
40.5,104.2,41.1,30,40,100,0.0,0.0,58.9,2.9
20.6,0.0,120.8,30,40,100,9.4,40.0,0.0,5.0
65.6,0.0,149.2,30,40,100,0.0,40.0,0.0,5.0
19.9,74.7,202.2,30,40,100,10.1,0.0,0.0,1.7
26.9,12.6,56.6,30,40,100,3.1,27.4,43.4,3.4
26.6,36.2,161.1,30,40,100,3.4,3.8,0.0,0.6
0.0,23.5,81.7,30,40,100,30.0,16.5,18.3,5.0
28.2,0.0,24.2,30,40,100,1.8,40.0,75.8,5.0
65.7,33.3,10.8,30,40,100,0.0,6.7,89.2,4.5
38.6,87.4,0.0,30,40,100,0.0,0.0,100.0,5.0
26.8,76.8,13.7,30,40,100,3.2,0.0,86.3,4.3
21.3,45.8,163.5,30,40,100,8.7,0.0,0.0,1.4
35.4,81.2,130.5,30,40,100,0.0,0.0,0.0,0.0
47.3,0.0,0.0,30,40,100,0.0,40.0,100.0,5.0
43.3,23.3,0.0,30,40,100,0.0,16.7,100.0,5.0
16.5,52.4,0.0,30,40,100,13.5,0.0,100.0,5.0
35.2,31.2,10.9,30,40,100,0.0,8.8,89.1,4.5
39.6,26.5,49.0,30,40,100,0.0,13.5,51.0,2.6
0.0,0.0,168.1,30,40,100,30.0,40.0,0.0,5.0
30.7,0.0,29.3,30,40,100,0.0,40.0,70.7,5.0
0.0,69.4,209.0,30,40,100,30.0,0.0,0.0,5.0
39.7,46.2,0.0,30,40,100,0.0,0.0,100.0,5.0
44.8,72.7,45.4,30,40,100,0.0,0.0,54.6,2.7
47.2,18.9,136.8,30,40,100,0.0,21.1,0.0,2.6
14.7,7.8,141.8,30,40,100,15.3,32.2,0.0,4.0
34.8,36.7,46.4,30,40,100,0.0,3.3,53.6,2.7
66.5,70.8,154.3,30,40,100,0.0,0.0,0.0,0.0
66.2,27.1,139.0,30,40,100,0.0,12.9,0.0,1.6
25.1,68.7,18.5,30,40,100,4.9,0.0,81.5,4.1
29.9,0.0,98.9,30,40,100,0.1,40.0,1.1,5.0
57.6,29.9,130.2,30,40,100,0.0,10.1,0.0,1.3
0.0,33.6,24.3,30,40,100,30.0,6.4,75.7,5.0
16.8,85.8,210.1,30,40,100,13.2,0.0,0.0,2.2
64.0,44.8,6.1,30,40,100,0.0,0.0,93.9,4.7
53.7,106.7,85.1,30,40,100,0.0,0.0,14.9,0.7
36.5,0.0,0.0,30,40,100,0.0,40.0,100.0,5.0
0.0,41.7,81.8,30,40,100,30.0,0.0,18.2,5.0
24.5,43.7,0.0,30,40,100,5.5,0.0,100.0,5.0
9.2,61.4,49.8,30,40,100,20.8,0.0,50.2,3.5
35.4,3.7,0.0,30,40,100,0.0,36.3,100.0,5.0
2.9,104.2,138.0,30,40,100,27.1,0.0,0.0,4.5
0.0,37.0,102.2,30,40,100,30.0,3.0,0.0,5.0
0.0,0.0,161.2,30,40,100,30.0,40.0,0.0,5.0
60.7,35.8,45.4,30,40,100,0.0,4.2,54.6,2.7
14.6,23.8,164.9,30,40,100,15.4,16.2,0.0,2.6
30.4,148.5,76.7,30,40,100,0.0,0.0,23.3,1.2
25.9,78.7,82.6,30,40,100,4.1,0.0,17.4,0.9
0.0,38.4,244.0,30,40,100,30.0,1.6,0.0,5.0
0.0,31.9,34.4,30,40,100,30.0,8.1,65.6,5.0
0.0,74.7,172.5,30,40,100,30.0,0.0,0.0,5.0
5.4,76.6,112.2,30,40,100,24.6,0.0,0.0,4.1
36.4,0.0,27.4,30,40,100,0.0,40.0,72.6,5.0
3.3,62.3,0.0,30,40,100,26.7,0.0,100.0,5.0
75.7,37.6,0.0,30,40,100,0.0,2.4,100.0,5.0
55.2,0.0,164.7,30,40,100,0.0,40.0,0.0,5.0
49.0,71.9,213.4,30,40,100,0.0,0.0,0.0,0.0
22.5,126.8,80.9,30,40,100,7.5,0.0,19.1,1.2
69.1,58.9,85.1,30,40,100,0.0,0.0,14.9,0.7
19.7,80.7,136.1,30,40,100,10.3,0.0,0.0,1.7
25.1,109.1,79.4,30,40,100,4.9,0.0,20.6,1.0
30.8,3.0,162.2,30,40,100,0.0,37.0,0.0,4.6
45.9,0.0,97.0,30,40,100,0.0,40.0,3.0,5.0
44.1,62.9,84.4,30,40,100,0.0,0.0,15.6,0.8
12.4,26.5,17.1,30,40,100,17.6,13.5,82.9,4.1
10.8,0.0,0.0,30,40,100,19.2,40.0,100.0,5.0
44.2,33.3,0.0,30,40,100,0.0,6.7,100.0,5.0
46.3,65.7,173.0,30,40,100,0.0,0.0,0.0,0.0
14.7,30.5,61.7,30,40,100,15.3,9.5,38.3,2.6
0.0,4.8,41.2,30,40,100,30.0,35.2,58.8,5.0
20.0,27.5,0.0,30,40,100,10.0,12.5,100.0,5.0
43.7,35.7,21.9,30,40,100,0.0,4.3,78.1,3.9
77.4,0.0,11.3,30,40,100,0.0,40.0,88.7,5.0
0.0,30.7,9.4,30,40,100,30.0,9.3,90.6,5.0
13.8,0.0,100.3,30,40,100,16.2,40.0,0.0,5.0
14.9,63.0,83.4,30,40,100,15.1,0.0,16.6,2.5
64.6,0.0,0.0,30,40,100,0.0,40.0,100.0,5.0
25.0,77.2,0.0,30,40,100,5.0,0.0,100.0,5.0
0.1,20.0,0.0,30,40,100,29.9,20.0,100.0,5.0
41.9,14.6,219.5,30,40,100,0.0,25.4,0.0,3.2
14.4,48.3,193.9,30,40,100,15.6,0.0,0.0,2.6
0.0,1.6,4.8,30,40,100,30.0,38.4,95.2,5.0
0.5,47.7,0.0,30,40,100,29.5,0.0,100.0,5.0
75.3,7.0,83.8,30,40,100,0.0,33.0,16.2,4.1
36.9,14.0,77.3,30,40,100,0.0,26.0,22.7,3.2
29.0,52.8,99.1,30,40,100,1.0,0.0,0.9,0.2
18.8,0.0,133.3,30,40,100,11.2,40.0,0.0,5.0
34.3,0.0,109.9,30,40,100,0.0,40.0,0.0,5.0
33.9,46.4,0.0,30,40,100,0.0,0.0,100.0,5.0
34.3,35.4,97.2,30,40,100,0.0,4.6,2.8,0.6
29.2,43.2,142.4,30,40,100,0.8,0.0,0.0,0.1
50.7,49.6,15.1,30,40,100,0.0,0.0,84.9,4.2
26.6,38.8,97.7,30,40,100,3.4,1.2,2.3,0.6
0.0,60.9,28.9,30,40,100,30.0,0.0,71.1,5.0
8.5,40.4,234.5,30,40,100,21.5,0.0,0.0,3.6
0.0,0.0,0.0,30,40,100,30.0,40.0,100.0,5.0
83.7,0.0,166.7,30,40,100,0.0,40.0,0.0,5.0
50.5,114.0,0.0,30,40,100,0.0,0.0,100.0,5.0
2.3,36.5,218.1,30,40,100,27.7,3.5,0.0,4.6
17.9,74.7,0.0,30,40,100,12.1,0.0,100.0,5.0
7.8,22.5,88.8,30,40,100,22.2,17.5,11.2,3.7
69.9,34.1,0.0,30,40,100,0.0,5.9,100.0,5.0
0.0,18.2,0.0,30,40,100,30.0,21.8,100.0,5.0
29.2,135.7,145.9,30,40,100,0.8,0.0,0.0,0.1
22.9,46.6,156.4,30,40,100,7.1,0.0,0.0,1.2
49.5,14.9,92.8,30,40,100,0.0,25.1,7.2,3.1
23.0,0.0,133.3,30,40,100,7.0,40.0,0.0,5.0
0.0,115.9,157.8,30,40,100,30.0,0.0,0.0,5.0
18.8,29.9,18.3,30,40,100,11.2,10.1,81.7,4.1
0.0,66.4,0.0,30,40,100,30.0,0.0,100.0,5.0
28.2,70.9,72.4,30,40,100,1.8,0.0,27.6,1.4
66.8,17.8,26.9,30,40,100,0.0,22.2,73.1,3.7
0.0,63.5,104.8,30,40,100,30.0,0.0,0.0,5.0
3.2,12.1,117.7,30,40,100,26.8,27.9,0.0,4.5
10.2,0.0,18.5,30,40,100,19.8,40.0,81.5,5.0
15.1,83.3,130.3,30,40,100,14.9,0.0,0.0,2.5
47.0,30.1,126.2,30,40,100,0.0,9.9,0.0,1.2
21.0,57.3,131.8,30,40,100,9.0,0.0,0.0,1.5
37.8,53.0,40.6,30,40,100,0.0,0.0,59.4,3.0
8.1,62.1,136.4,30,40,100,21.9,0.0,0.0,3.6
32.5,0.0,115.4,30,40,100,0.0,40.0,0.0,5.0
48.1,12.9,125.1,30,40,100,0.0,27.1,0.0,3.4
5.1,23.4,208.8,30,40,100,24.9,16.6,0.0,4.1
48.2,3.0,99.9,30,40,100,0.0,37.0,0.1,4.6
27.4,53.7,24.5,30,40,100,2.6,0.0,75.5,3.8
55.7,84.2,0.0,30,40,100,0.0,0.0,100.0,5.0
20.2,90.6,164.5,30,40,100,9.8,0.0,0.0,1.6
36.8,22.8,102.3,30,40,100,0.0,17.2,0.0,2.2
24.8,48.2,208.2,30,40,100,5.2,0.0,0.0,0.9
23.2,54.4,0.0,30,40,100,6.8,0.0,100.0,5.0
33.3,61.4,146.9,30,40,100,0.0,0.0,0.0,0.0
41.2,1.1,52.4,30,40,100,0.0,38.9,47.6,4.9
0.0,109.7,45.0,30,40,100,30.0,0.0,55.0,5.0
66.8,73.7,11.8,30,40,100,0.0,0.0,88.2,4.4
0.0,74.8,146.0,30,40,100,30.0,0.0,0.0,5.0
6.4,84.9,123.0,30,40,100,23.6,0.0,0.0,3.9
23.3,57.9,0.0,30,40,100,6.7,0.0,100.0,5.0
37.7,0.0,86.8,30,40,100,0.0,40.0,13.2,5.0
70.8,30.9,130.4,30,40,100,0.0,9.1,0.0,1.1
0.0,0.0,87.9,30,40,100,30.0,40.0,12.1,5.0
11.5,53.2,162.8,30,40,100,18.5,0.0,0.0,3.1
0.0,29.6,50.1,30,40,100,30.0,10.4,49.9,5.0
26.9,34.8,0.0,30,40,100,3.1,5.2,100.0,5.0
33.7,84.9,88.6,30,40,100,0.0,0.0,11.4,0.6
71.3,18.1,88.1,30,40,100,0.0,21.9,11.9,2.7
29.4,26.3,98.6,30,40,100,0.6,13.7,1.4,1.7
55.7,37.3,162.8,30,40,100,0.0,2.7,0.0,0.3
42.6,0.0,0.0,30,40,100,0.0,40.0,100.0,5.0
13.6,25.7,54.3,30,40,100,16.4,14.3,45.7,2.7
0.0,0.0,0.0,30,40,100,30.0,40.0,100.0,5.0
33.8,12.9,0.0,30,40,100,0.0,27.1,100.0,5.0
0.0,70.9,67.7,30,40,100,30.0,0.0,32.3,5.0
62.8,54.4,130.1,30,40,100,0.0,0.0,0.0,0.0
21.3,12.5,97.8,30,40,100,8.7,27.5,2.2,3.4
60.0,38.1,18.1,30,40,100,0.0,1.9,81.9,4.1
12.3,0.0,61.8,30,40,100,17.7,40.0,38.2,5.0
33.6,36.4,148.5,30,40,100,0.0,3.6,0.0,0.5
31.9,154.4,128.6,30,40,100,0.0,0.0,0.0,0.0
24.7,110.7,28.9,30,40,100,5.3,0.0,71.1,3.6
13.6,38.6,23.7,30,40,100,16.4,1.4,76.3,3.8
37.1,42.9,0.0,30,40,100,0.0,0.0,100.0,5.0
0.0,0.0,38.9,30,40,100,30.0,40.0,61.1,5.0
0.0,4.2,0.0,30,40,100,30.0,35.8,100.0,5.0
61.3,51.0,240.2,30,40,100,0.0,0.0,0.0,0.0
46.7,15.3,4.5,30,40,100,0.0,24.7,95.5,4.8
27.8,72.8,162.9,30,40,100,2.2,0.0,0.0,0.4
73.4,99.6,220.1,30,40,100,0.0,0.0,0.0,0.0
18.3,49.8,90.9,30,40,100,11.7,0.0,9.1,1.9
63.6,40.5,65.4,30,40,100,0.0,0.0,34.6,1.7
31.0,0.0,0.0,30,40,100,0.0,40.0,100.0,5.0
0.0,66.5,32.8,30,40,100,30.0,0.0,67.2,5.0
78.6,0.0,202.8,30,40,100,0.0,40.0,0.0,5.0
54.2,19.6,101.8,30,40,100,0.0,20.4,0.0,2.6
22.5,75.1,75.8,30,40,100,7.5,0.0,24.2,1.2
46.7,77.9,179.3,30,40,100,0.0,0.0,0.0,0.0
14.5,17.7,129.6,30,40,100,15.5,22.3,0.0,2.8
49.6,20.0,61.6,30,40,100,0.0,20.0,38.4,2.5
0.0,8.3,90.9,30,40,100,30.0,31.7,9.1,5.0
0.0,0.0,11.6,30,40,100,30.0,40.0,88.4,5.0
53.8,10.9,28.3,30,40,100,0.0,29.1,71.7,3.6
18.8,0.0,56.9,30,40,100,11.2,40.0,43.1,5.0
31.9,63.9,118.5,30,40,100,0.0,0.0,0.0,0.0
0.0,52.3,0.0,30,40,100,30.0,0.0,100.0,5.0
78.6,59.0,79.6,30,40,100,0.0,0.0,20.4,1.0
59.9,0.0,42.1,30,40,100,0.0,40.0,57.9,5.0
20.2,0.0,0.8,30,40,100,9.8,40.0,99.2,5.0
14.4,38.6,42.5,30,40,100,15.6,1.4,57.5,2.9
55.3,39.0,0.0,30,40,100,0.0,1.0,100.0,5.0
82.4,30.5,12.4,30,40,100,0.0,9.5,87.6,4.4
53.1,24.8,0.0,30,40,100,0.0,15.2,100.0,5.0
87.8,105.3,50.9,30,40,100,0.0,0.0,49.1,2.5
0.0,53.6,0.0,30,40,100,30.0,0.0,100.0,5.0
2.6,115.8,88.9,30,40,100,27.4,0.0,11.1,4.6
0.0,87.5,146.8,30,40,100,30.0,0.0,0.0,5.0
38.5,105.0,64.0,30,40,100,0.0,0.0,36.0,1.8
31.0,0.0,113.7,30,40,100,0.0,40.0,0.0,5.0
21.6,60.3,32.1,30,40,100,8.4,0.0,67.9,3.4
49.0,19.1,0.0,30,40,100,0.0,20.9,100.0,5.0
61.0,0.0,73.6,30,40,100,0.0,40.0,26.4,5.0
0.0,96.7,128.4,30,40,100,30.0,0.0,0.0,5.0
9.0,24.6,0.0,30,40,100,21.0,15.4,100.0,5.0
49.3,0.0,36.0,30,40,100,0.0,40.0,64.0,5.0
12.6,19.8,53.6,30,40,100,17.4,20.2,46.4,2.9
3.2,4.4,303.4,30,40,100,26.8,35.6,0.0,4.5
55.0,8.5,91.5,30,40,100,0.0,31.5,8.5,3.9
0.0,27.5,0.0,30,40,100,30.0,12.5,100.0,5.0
17.4,106.1,0.0,30,40,100,12.6,0.0,100.0,5.0
35.3,9.6,132.4,30,40,100,0.0,30.4,0.0,3.8
9.6,103.2,273.9,30,40,100,20.4,0.0,0.0,3.4
48.3,70.6,50.8,30,40,100,0.0,0.0,49.2,2.5
9.8,52.4,46.0,30,40,100,20.2,0.0,54.0,3.4
66.1,66.6,108.2,30,40,100,0.0,0.0,0.0,0.0
22.4,37.0,9.1,30,40,100,7.6,3.0,90.9,4.5
45.1,88.2,0.0,30,40,100,0.0,0.0,100.0,5.0
47.2,59.3,157.1,30,40,100,0.0,0.0,0.0,0.0
8.1,0.0,24.0,30,40,100,21.9,40.0,76.0,5.0
0.0,48.4,158.2,30,40,100,30.0,0.0,0.0,5.0
36.2,68.0,12.1,30,40,100,0.0,0.0,87.9,4.4
28.0,24.8,83.3,30,40,100,2.0,15.2,16.7,1.9
41.8,41.5,142.4,30,40,100,0.0,0.0,0.0,0.0
19.5,11.8,159.8,30,40,100,10.5,28.2,0.0,3.5
13.7,0.0,92.3,30,40,100,16.3,40.0,7.7,5.0
83.1,0.0,88.3,30,40,100,0.0,40.0,11.7,5.0
0.0,0.0,123.5,30,40,100,30.0,40.0,0.0,5.0
46.9,63.4,110.9,30,40,100,0.0,0.0,0.0,0.0
9.6,0.0,0.0,30,40,100,20.4,40.0,100.0,5.0
16.4,9.6,0.0,30,40,100,13.6,30.4,100.0,5.0
16.9,5.6,0.0,30,40,100,13.1,34.4,100.0,5.0
3.1,25.1,135.3,30,40,100,26.9,14.9,0.0,4.5
42.2,0.0,41.6,30,40,100,0.0,40.0,58.4,5.0
65.6,52.7,139.6,30,40,100,0.0,0.0,0.0,0.0
39.3,0.0,106.1,30,40,100,0.0,40.0,0.0,5.0
28.9,82.0,0.0,30,40,100,1.1,0.0,100.0,5.0
0.0,11.4,63.8,30,40,100,30.0,28.6,36.2,5.0
40.7,32.6,36.8,30,40,100,0.0,7.4,63.2,3.2
87.4,36.6,24.4,30,40,100,0.0,3.4,75.6,3.8
15.1,46.3,147.3,30,40,100,14.9,0.0,0.0,2.5
15.2,37.9,276.0,30,40,100,14.8,2.1,0.0,2.5
10.0,19.3,163.5,30,40,100,20.0,20.7,0.0,3.3
12.0,50.3,71.3,30,40,100,18.0,0.0,28.7,3.0
0.0,55.2,175.1,30,40,100,30.0,0.0,0.0,5.0
37.5,5.7,211.6,30,40,100,0.0,34.3,0.0,4.3
1.9,53.6,0.0,30,40,100,28.1,0.0,100.0,5.0
0.0,84.4,172.3,30,40,100,30.0,0.0,0.0,5.0
47.4,64.9,135.6,30,40,100,0.0,0.0,0.0,0.0
0.0,74.0,169.3,30,40,100,30.0,0.0,0.0,5.0
16.3,43.4,139.1,30,40,100,13.7,0.0,0.0,2.3
67.7,0.0,55.1,30,40,100,0.0,40.0,44.9,5.0
0.0,3.9,237.4,30,40,100,30.0,36.1,0.0,5.0
0.0,49.3,100.9,30,40,100,30.0,0.0,0.0,5.0
33.6,74.4,38.5,30,40,100,0.0,0.0,61.5,3.1
58.7,148.6,114.3,30,40,100,0.0,0.0,0.0,0.0
0.0,76.0,151.9,30,40,100,30.0,0.0,0.0,5.0
37.6,0.0,81.1,30,40,100,0.0,40.0,18.9,5.0
42.5,5.6,105.2,30,40,100,0.0,34.4,0.0,4.3
0.0,128.1,80.6,30,40,100,30.0,0.0,19.4,5.0
48.7,27.8,20.3,30,40,100,0.0,12.2,79.7,4.0
50.9,38.4,7.2,30,40,100,0.0,1.6,92.8,4.6
17.1,0.0,0.0,30,40,100,12.9,40.0,100.0,5.0
61.6,99.4,195.9,30,40,100,0.0,0.0,0.0,0.0
58.3,56.6,55.5,30,40,100,0.0,0.0,44.5,2.2
28.9,5.3,0.0,30,40,100,1.1,34.7,100.0,5.0
13.1,0.0,105.5,30,40,100,16.9,40.0,0.0,5.0
0.0,48.8,103.8,30,40,100,30.0,0.0,0.0,5.0
24.9,38.2,0.0,30,40,100,5.1,1.8,100.0,5.0
42.2,69.9,6.4,30,40,100,0.0,0.0,93.6,4.7
16.7,58.5,2.8,30,40,100,13.3,0.0,97.2,4.9
0.0,25.8,13.6,30,40,100,30.0,14.2,86.4,5.0
62.1,14.6,171.3,30,40,100,0.0,25.4,0.0,3.2
31.4,30.0,61.5,30,40,100,0.0,10.0,38.5,1.9
15.1,14.3,39.0,30,40,100,14.9,25.7,61.0,3.2
50.4,31.2,164.0,30,40,100,0.0,8.8,0.0,1.1
69.4,37.1,113.4,30,40,100,0.0,2.9,0.0,0.4
0.0,0.3,0.0,30,40,100,30.0,39.7,100.0,5.0
38.3,61.8,23.8,30,40,100,0.0,0.0,76.2,3.8
0.0,21.5,99.5,30,40,100,30.0,18.5,0.5,5.0
40.2,2.6,0.0,30,40,100,0.0,37.4,100.0,5.0
29.6,22.3,237.2,30,40,100,0.4,17.7,0.0,2.2
44.1,46.2,82.6,30,40,100,0.0,0.0,17.4,0.9
11.7,39.8,12.7,30,40,100,18.3,0.2,87.3,4.4
0.0,53.4,0.0,30,40,100,30.0,0.0,100.0,5.0
13.1,72.6,148.3,30,40,100,16.9,0.0,0.0,2.8
37.5,89.0,21.2,30,40,100,0.0,0.0,78.8,3.9
54.9,47.9,104.1,30,40,100,0.0,0.0,0.0,0.0
0.0,0.0,0.0,30,40,100,30.0,40.0,100.0,5.0
55.2,25.6,79.2,30,40,100,0.0,14.4,20.8,1.8
7.5,0.0,22.2,30,40,100,22.5,40.0,77.8,5.0
36.3,104.7,48.1,30,40,100,0.0,0.0,51.9,2.6
11.4,116.4,9.3,30,40,100,18.6,0.0,90.7,4.5
31.1,62.6,156.2,30,40,100,0.0,0.0,0.0,0.0
51.4,71.0,33.9,30,40,100,0.0,0.0,66.1,3.3
0.0,46.5,61.9,30,40,100,30.0,0.0,38.1,5.0
6.6,51.2,65.8,30,40,100,23.4,0.0,34.2,3.9
31.2,0.0,203.5,30,40,100,0.0,40.0,0.0,5.0
94.3,33.5,145.3,30,40,100,0.0,6.5,0.0,0.8
1.4,1.0,137.3,30,40,100,28.6,39.0,0.0,4.9
84.1,47.8,0.0,30,40,100,0.0,0.0,100.0,5.0
83.0,34.0,20.6,30,40,100,0.0,6.0,79.4,4.0
23.2,114.8,169.4,30,40,100,6.8,0.0,0.0,1.1
17.5,73.3,0.0,30,40,100,12.5,0.0,100.0,5.0
6.2,47.9,80.3,30,40,100,23.8,0.0,19.7,4.0
24.0,25.7,0.0,30,40,100,6.0,14.3,100.0,5.0
0.0,103.9,0.0,30,40,100,30.0,0.0,100.0,5.0
23.8,35.2,209.0,30,40,100,6.2,4.8,0.0,1.0
68.6,49.8,131.5,30,40,100,0.0,0.0,0.0,0.0
8.5,38.1,152.8,30,40,100,21.5,1.9,0.0,3.6
19.1,20.2,136.7,30,40,100,10.9,19.8,0.0,2.5
0.0,37.9,62.3,30,40,100,30.0,2.1,37.7,5.0
36.6,0.0,17.7,30,40,100,0.0,40.0,82.3,5.0
33.5,0.0,41.1,30,40,100,0.0,40.0,58.9,5.0
27.8,50.5,58.0,30,40,100,2.2,0.0,42.0,2.1
19.8,99.6,216.7,30,40,100,10.2,0.0,0.0,1.7
17.6,50.5,0.0,30,40,100,12.4,0.0,100.0,5.0
40.2,7.5,28.8,30,40,100,0.0,32.5,71.2,4.1
25.1,0.0,0.0,30,40,100,4.9,40.0,100.0,5.0
34.9,68.0,158.7,30,40,100,0.0,0.0,0.0,0.0
32.1,13.6,223.0,30,40,100,0.0,26.4,0.0,3.3
57.9,62.3,98.4,30,40,100,0.0,0.0,1.6,0.1
45.2,52.1,105.0,30,40,100,0.0,0.0,0.0,0.0
31.4,55.7,80.9,30,40,100,0.0,0.0,19.1,1.0
69.2,37.8,108.8,30,40,100,0.0,2.2,0.0,0.3
37.9,51.9,135.8,30,40,100,0.0,0.0,0.0,0.0
63.1,31.6,107.8,30,40,100,0.0,8.4,0.0,1.0
43.2,10.9,113.7,30,40,100,0.0,29.1,0.0,3.6
0.0,0.0,136.0,30,40,100,30.0,40.0,0.0,5.0
63.1,0.0,0.0,30,40,100,0.0,40.0,100.0,5.0
29.8,29.2,73.7,30,40,100,0.2,10.8,26.3,1.4
24.5,97.6,98.1,30,40,100,5.5,0.0,1.9,0.9
34.0,65.8,107.1,30,40,100,0.0,0.0,0.0,0.0
16.1,45.6,59.7,30,40,100,13.9,0.0,40.3,2.3
32.4,6.9,86.5,30,40,100,0.0,33.1,13.5,4.1
9.1,76.6,15.4,30,40,100,20.9,0.0,84.6,4.2
62.2,31.6,0.0,30,40,100,0.0,8.4,100.0,5.0
22.7,99.8,152.8,30,40,100,7.3,0.0,0.0,1.2
15.1,0.0,0.0,30,40,100,14.9,40.0,100.0,5.0
0.0,6.3,60.6,30,40,100,30.0,33.7,39.4,5.0
33.6,2.3,13.1,30,40,100,0.0,37.7,86.9,4.7
31.3,0.0,201.5,30,40,100,0.0,40.0,0.0,5.0
37.0,0.0,67.1,30,40,100,0.0,40.0,32.9,5.0
0.0,40.6,48.5,30,40,100,30.0,0.0,51.5,5.0
0.0,7.8,133.8,30,40,100,30.0,32.2,0.0,5.0
43.8,0.0,247.4,30,40,100,0.0,40.0,0.0,5.0
68.2,79.7,106.2,30,40,100,0.0,0.0,0.0,0.0
0.0,0.0,43.1,30,40,100,30.0,40.0,56.9,5.0
71.2,60.2,129.7,30,40,100,0.0,0.0,0.0,0.0
34.0,37.7,0.0,30,40,100,0.0,2.3,100.0,5.0
25.8,121.7,77.2,30,40,100,4.2,0.0,22.8,1.1
14.6,76.6,234.3,30,40,100,15.4,0.0,0.0,2.6
0.0,16.1,86.2,30,40,100,30.0,23.9,13.8,5.0
54.1,8.2,82.2,30,40,100,0.0,31.8,17.8,4.0
3.9,96.9,75.2,30,40,100,26.1,0.0,24.8,4.4
3.7,0.0,41.6,30,40,100,26.3,40.0,58.4,5.0
54.2,44.1,98.9,30,40,100,0.0,0.0,1.1,0.1
0.0,31.2,136.0,30,40,100,30.0,8.8,0.0,5.0
0.0,22.6,46.7,30,40,100,30.0,17.4,53.3,5.0
25.4,50.7,0.0,30,40,100,4.6,0.0,100.0,5.0
34.3,44.1,111.0,30,40,100,0.0,0.0,0.0,0.0
39.8,54.9,245.5,30,40,100,0.0,0.0,0.0,0.0
17.4,42.0,43.2,30,40,100,12.6,0.0,56.8,2.8
98.0,53.3,0.0,30,40,100,0.0,0.0,100.0,5.0
19.5,40.2,128.1,30,40,100,10.5,0.0,0.0,1.8
19.4,9.9,214.1,30,40,100,10.6,30.1,0.0,3.8
3.3,36.6,116.2,30,40,100,26.7,3.4,0.0,4.4
29.5,7.7,212.6,30,40,100,0.5,32.3,0.0,4.0
43.5,5.0,137.5,30,40,100,0.0,35.0,0.0,4.4
60.2,22.9,130.5,30,40,100,0.0,17.1,0.0,2.1
0.0,31.6,31.7,30,40,100,30.0,8.4,68.3,5.0
18.9,37.9,96.5,30,40,100,11.1,2.1,3.5,1.9
38.7,73.3,71.1,30,40,100,0.0,0.0,28.9,1.4
42.7,16.4,68.4,30,40,100,0.0,23.6,31.6,3.0
26.1,44.4,53.0,30,40,100,3.9,0.0,47.0,2.3
41.4,41.2,91.7,30,40,100,0.0,0.0,8.3,0.4
2.9,12.0,0.0,30,40,100,27.1,28.0,100.0,5.0
70.3,39.4,139.0,30,40,100,0.0,0.6,0.0,0.1
54.2,76.8,2.7,30,40,100,0.0,0.0,97.3,4.9
0.0,44.0,53.3,30,40,100,30.0,0.0,46.7,5.0
0.0,45.6,100.2,30,40,100,30.0,0.0,0.0,5.0
0.0,8.1,0.0,30,40,100,30.0,31.9,100.0,5.0
45.3,115.7,0.0,30,40,100,0.0,0.0,100.0,5.0
0.0,10.4,42.6,30,40,100,30.0,29.6,57.4,5.0
16.5,0.0,0.0,30,40,100,13.5,40.0,100.0,5.0
38.9,71.1,130.9,30,40,100,0.0,0.0,0.0,0.0
24.1,31.8,0.0,30,40,100,5.9,8.2,100.0,5.0
33.3,24.3,193.3,30,40,100,0.0,15.7,0.0,2.0
0.0,14.5,73.0,30,40,100,30.0,25.5,27.0,5.0
42.9,111.8,78.3,30,40,100,0.0,0.0,21.7,1.1
8.5,50.7,0.0,30,40,100,21.5,0.0,100.0,5.0
16.7,58.6,85.2,30,40,100,13.3,0.0,14.8,2.2
32.7,43.0,67.0,30,40,100,0.0,0.0,33.0,1.6
28.9,47.3,0.0,30,40,100,1.1,0.0,100.0,5.0
26.6,92.7,80.5,30,40,100,3.4,0.0,19.5,1.0
4.6,26.4,41.4,30,40,100,25.4,13.6,58.6,4.2
17.4,0.0,56.0,30,40,100,12.6,40.0,44.0,5.0
26.0,71.4,75.6,30,40,100,4.0,0.0,24.4,1.2
0.0,56.4,35.5,30,40,100,30.0,0.0,64.5,5.0
12.8,40.8,93.4,30,40,100,17.2,0.0,6.6,2.9
37.0,55.4,66.5,30,40,100,0.0,0.0,33.5,1.7
0.0,21.5,111.6,30,40,100,30.0,18.5,0.0,5.0
58.9,37.3,30.9,30,40,100,0.0,2.7,69.1,3.5
62.1,31.1,0.0,30,40,100,0.0,8.9,100.0,5.0
0.0,12.6,16.3,30,40,100,30.0,27.4,83.7,5.0
64.6,84.3,189.8,30,40,100,0.0,0.0,0.0,0.0
21.9,0.0,150.6,30,40,100,8.1,40.0,0.0,5.0
37.9,131.5,171.3,30,40,100,0.0,0.0,0.0,0.0
11.8,71.8,176.9,30,40,100,18.2,0.0,0.0,3.0
52.2,0.0,35.9,30,40,100,0.0,40.0,64.1,5.0
37.5,27.4,97.4,30,40,100,0.0,12.6,2.6,1.6
2.8,29.7,79.6,30,40,100,27.2,10.3,20.4,4.5
0.0,52.2,126.7,30,40,100,30.0,0.0,0.0,5.0
0.0,0.0,50.2,30,40,100,30.0,40.0,49.8,5.0
31.3,37.7,81.0,30,40,100,0.0,2.3,19.0,1.0
42.3,31.6,79.3,30,40,100,0.0,8.4,20.7,1.0
44.5,6.8,116.4,30,40,100,0.0,33.2,0.0,4.2
22.6,1.2,126.4,30,40,100,7.4,38.8,0.0,4.8
0.0,73.4,81.0,30,40,100,30.0,0.0,19.0,5.0
6.5,0.0,83.5,30,40,100,23.5,40.0,16.5,5.0
58.8,55.7,91.7,30,40,100,0.0,0.0,8.3,0.4
12.2,68.5,206.3,30,40,100,17.8,0.0,0.0,3.0
30.0,27.7,0.0,30,40,100,0.0,12.3,100.0,5.0
0.0,38.6,0.0,30,40,100,30.0,1.4,100.0,5.0
35.5,83.3,127.8,30,40,100,0.0,0.0,0.0,0.0
12.9,8.1,95.3,30,40,100,17.1,31.9,4.7,4.0
55.8,12.2,94.7,30,40,100,0.0,27.8,5.3,3.5
48.0,16.5,127.3,30,40,100,0.0,23.5,0.0,2.9
11.8,83.3,90.8,30,40,100,18.2,0.0,9.2,3.0
22.3,88.5,28.4,30,40,100,7.7,0.0,71.6,3.6
10.3,0.0,124.2,30,40,100,19.7,40.0,0.0,5.0
0.0,76.9,75.2,30,40,100,30.0,0.0,24.8,5.0
1.5,69.4,37.4,30,40,100,28.5,0.0,62.6,4.8
31.6,99.0,129.2,30,40,100,0.0,0.0,0.0,0.0
35.2,51.9,126.0,30,40,100,0.0,0.0,0.0,0.0
30.2,34.7,90.8,30,40,100,0.0,5.3,9.2,0.7
17.4,82.5,212.0,30,40,100,12.6,0.0,0.0,2.1
52.5,64.6,180.5,30,40,100,0.0,0.0,0.0,0.0
27.8,126.8,154.3,30,40,100,2.2,0.0,0.0,0.4
46.0,75.0,280.5,30,40,100,0.0,0.0,0.0,0.0
0.0,42.6,61.7,30,40,100,30.0,0.0,38.3,5.0
0.0,0.0,36.0,30,40,100,30.0,40.0,64.0,5.0
34.0,13.1,142.9,30,40,100,0.0,26.9,0.0,3.4
0.0,0.0,53.1,30,40,100,30.0,40.0,46.9,5.0
19.9,27.8,74.5,30,40,100,10.1,12.2,25.5,1.7
17.3,73.7,0.0,30,40,100,12.7,0.0,100.0,5.0
71.2,36.3,122.4,30,40,100,0.0,3.7,0.0,0.5
37.3,77.6,0.0,30,40,100,0.0,0.0,100.0,5.0
30.7,50.0,65.7,30,40,100,0.0,0.0,34.3,1.7
49.8,20.2,72.3,30,40,100,0.0,19.8,27.7,2.5
36.4,40.0,38.3,30,40,100,0.0,0.0,61.7,3.1
12.9,55.4,0.0,30,40,100,17.1,0.0,100.0,5.0
56.5,42.1,0.0,30,40,100,0.0,0.0,100.0,5.0
0.0,42.5,13.3,30,40,100,30.0,0.0,86.7,5.0
35.2,5.5,117.0,30,40,100,0.0,34.5,0.0,4.3
0.0,19.0,96.8,30,40,100,30.0,21.0,3.2,5.0
31.8,127.3,72.2,30,40,100,0.0,0.0,27.8,1.4
31.4,85.9,2.2,30,40,100,0.0,0.0,97.8,4.9
73.7,0.0,101.0,30,40,100,0.0,40.0,0.0,5.0
0.0,0.0,0.0,30,40,100,30.0,40.0,100.0,5.0
8.8,39.5,0.0,30,40,100,21.2,0.5,100.0,5.0
49.4,72.4,53.9,30,40,100,0.0,0.0,46.1,2.3
35.5,15.5,29.5,30,40,100,0.0,24.5,70.5,3.5
31.1,77.6,155.2,30,40,100,0.0,0.0,0.0,0.0
0.0,38.8,86.2,30,40,100,30.0,1.2,13.8,5.0
9.1,29.9,206.6,30,40,100,20.9,10.1,0.0,3.5
61.4,66.9,29.3,30,40,100,0.0,0.0,70.7,3.5
24.5,15.0,112.8,30,40,100,5.5,25.0,0.0,3.1
36.6,24.9,53.2,30,40,100,0.0,15.1,46.8,2.3
22.7,63.4,184.9,30,40,100,7.3,0.0,0.0,1.2
0.0,35.2,57.0,30,40,100,30.0,4.8,43.0,5.0
52.5,113.3,142.4,30,40,100,0.0,0.0,0.0,0.0
40.3,64.4,0.0,30,40,100,0.0,0.0,100.0,5.0
91.6,61.8,40.0,30,40,100,0.0,0.0,60.0,3.0
0.0,34.5,66.7,30,40,100,30.0,5.5,33.3,5.0
49.4,71.7,175.4,30,40,100,0.0,0.0,0.0,0.0
0.0,23.5,0.0,30,40,100,30.0,16.5,100.0,5.0
30.4,47.8,46.7,30,40,100,0.0,0.0,53.3,2.7
53.8,0.0,43.9,30,40,100,0.0,40.0,56.1,5.0
0.0,78.3,0.0,30,40,100,30.0,0.0,100.0,5.0
20.1,48.1,36.1,30,40,100,9.9,0.0,63.9,3.2
9.9,116.2,0.0,30,40,100,20.1,0.0,100.0,5.0
6.0,132.7,0.0,30,40,100,24.0,0.0,100.0,5.0
36.9,67.2,52.3,30,40,100,0.0,0.0,47.7,2.4
57.9,39.2,49.6,30,40,100,0.0,0.8,50.4,2.5
22.2,0.0,53.7,30,40,100,7.8,40.0,46.3,5.0
31.8,72.9,93.9,30,40,100,0.0,0.0,6.1,0.3
29.2,44.9,2.6,30,40,100,0.8,0.0,97.4,4.9
26.0,58.1,217.9,30,40,100,4.0,0.0,0.0,0.7
0.0,106.1,70.8,30,40,100,30.0,0.0,29.2,5.0
57.5,3.3,177.2,30,40,100,0.0,36.7,0.0,4.6
34.4,0.0,0.0,30,40,100,0.0,40.0,100.0,5.0
37.2,26.9,6.2,30,40,100,0.0,13.1,93.8,4.7
3.0,69.5,128.8,30,40,100,27.0,0.0,0.0,4.5
12.9,58.8,55.2,30,40,100,17.1,0.0,44.8,2.9
20.9,0.4,0.0,30,40,100,9.1,39.6,100.0,5.0
0.0,66.9,0.0,30,40,100,30.0,0.0,100.0,5.0
0.0,0.0,132.6,30,40,100,30.0,40.0,0.0,5.0
8.8,2.7,126.0,30,40,100,21.2,37.3,0.0,4.7
40.8,31.8,93.1,30,40,100,0.0,8.2,6.9,1.0
7.4,14.2,33.5,30,40,100,22.6,25.8,66.5,3.8
0.0,72.3,0.0,30,40,100,30.0,0.0,100.0,5.0
2.8,48.0,69.2,30,40,100,27.2,0.0,30.8,4.5
13.0,107.5,0.0,30,40,100,17.0,0.0,100.0,5.0
15.9,26.5,12.9,30,40,100,14.1,13.5,87.1,4.4
87.6,31.5,175.2,30,40,100,0.0,8.5,0.0,1.1
56.0,85.2,0.0,30,40,100,0.0,0.0,100.0,5.0
55.1,32.8,128.1,30,40,100,0.0,7.2,0.0,0.9
59.2,96.6,194.0,30,40,100,0.0,0.0,0.0,0.0
0.0,58.2,139.3,30,40,100,30.0,0.0,0.0,5.0
0.0,0.0,105.6,30,40,100,30.0,40.0,0.0,5.0
0.0,83.8,36.1,30,40,100,30.0,0.0,63.9,5.0
64.0,73.2,21.4,30,40,100,0.0,0.0,78.6,3.9
10.4,74.7,0.0,30,40,100,19.6,0.0,100.0,5.0
0.0,0.0,76.5,30,40,100,30.0,40.0,23.5,5.0
13.7,9.8,41.1,30,40,100,16.3,30.2,58.9,3.8
19.2,12.8,17.2,30,40,100,10.8,27.2,82.8,4.1
33.6,2.6,71.9,30,40,100,0.0,37.4,28.1,4.7
33.1,106.6,78.5,30,40,100,0.0,0.0,21.5,1.1
2.4,36.0,22.2,30,40,100,27.6,4.0,77.8,4.6
45.5,35.0,203.6,30,40,100,0.0,5.0,0.0,0.6
7.7,58.7,132.4,30,40,100,22.3,0.0,0.0,3.7
21.5,59.4,145.8,30,40,100,8.5,0.0,0.0,1.4
45.5,0.0,65.2,30,40,100,0.0,40.0,34.8,5.0
7.7,10.4,114.7,30,40,100,22.3,29.6,0.0,3.7
9.7,0.0,1.3,30,40,100,20.3,40.0,98.7,5.0
42.8,52.6,127.2,30,40,100,0.0,0.0,0.0,0.0
1.5,24.8,57.0,30,40,100,28.5,15.2,43.0,4.8
15.0,37.1,0.0,30,40,100,15.0,2.9,100.0,5.0
41.8,0.0,71.7,30,40,100,0.0,40.0,28.3,5.0
84.4,24.0,49.9,30,40,100,0.0,16.0,50.1,2.5
43.2,81.3,260.8,30,40,100,0.0,0.0,0.0,0.0
39.4,93.2,108.6,30,40,100,0.0,0.0,0.0,0.0
41.1,65.4,200.9,30,40,100,0.0,0.0,0.0,0.0
0.0,0.0,164.7,30,40,100,30.0,40.0,0.0,5.0
29.2,87.1,76.5,30,40,100,0.8,0.0,23.5,1.2
25.1,65.6,37.7,30,40,100,4.9,0.0,62.3,3.1
35.1,31.7,0.0,30,40,100,0.0,8.3,100.0,5.0
29.3,0.0,3.3,30,40,100,0.7,40.0,96.7,5.0
36.8,74.8,126.9,30,40,100,0.0,0.0,0.0,0.0
17.1,12.6,49.1,30,40,100,12.9,27.4,50.9,3.4
27.6,50.4,103.8,30,40,100,2.4,0.0,0.0,0.4
0.0,39.2,0.0,30,40,100,30.0,0.8,100.0,5.0
16.8,98.4,110.1,30,40,100,13.2,0.0,0.0,2.2
65.6,31.4,161.9,30,40,100,0.0,8.6,0.0,1.1
35.0,35.8,0.0,30,40,100,0.0,4.2,100.0,5.0
25.4,100.0,103.5,30,40,100,4.6,0.0,0.0,0.8
79.9,10.0,181.8,30,40,100,0.0,30.0,0.0,3.8
0.0,69.2,209.0,30,40,100,30.0,0.0,0.0,5.0
0.0,28.5,32.9,30,40,100,30.0,11.5,67.1,5.0
74.7,0.0,136.4,30,40,100,0.0,40.0,0.0,5.0
27.3,36.5,188.8,30,40,100,2.7,3.5,0.0,0.4
19.0,64.3,105.9,30,40,100,11.0,0.0,0.0,1.8
0.0,90.9,177.1,30,40,100,30.0,0.0,0.0,5.0
38.7,95.8,70.6,30,40,100,0.0,0.0,29.4,1.5
41.5,24.6,105.3,30,40,100,0.0,15.4,0.0,1.9
0.0,0.0,23.4,30,40,100,30.0,40.0,76.6,5.0
22.0,23.6,60.2,30,40,100,8.0,16.4,39.8,2.0
16.4,0.0,108.5,30,40,100,13.6,40.0,0.0,5.0
33.2,27.7,17.3,30,40,100,0.0,12.3,82.7,4.1
0.0,22.7,55.5,30,40,100,30.0,17.3,44.5,5.0
61.6,65.7,134.9,30,40,100,0.0,0.0,0.0,0.0
52.0,0.0,239.0,30,40,100,0.0,40.0,0.0,5.0
15.6,6.9,0.0,30,40,100,14.4,33.1,100.0,5.0
19.8,7.2,232.9,30,40,100,10.2,32.8,0.0,4.1
22.1,84.2,52.5,30,40,100,7.9,0.0,47.5,2.4
3.8,0.0,151.3,30,40,100,26.2,40.0,0.0,5.0
13.3,45.6,167.1,30,40,100,16.7,0.0,0.0,2.8
18.3,31.3,199.7,30,40,100,11.7,8.7,0.0,1.9
71.9,78.4,14.8,30,40,100,0.0,0.0,85.2,4.3
52.9,60.4,55.3,30,40,100,0.0,0.0,44.7,2.2
52.6,41.3,69.2,30,40,100,0.0,0.0,30.8,1.5
36.5,14.1,44.7,30,40,100,0.0,25.9,55.3,3.2
0.0,0.0,179.8,30,40,100,30.0,40.0,0.0,5.0
24.8,46.4,67.3,30,40,100,5.2,0.0,32.7,1.6
53.6,57.8,0.0,30,40,100,0.0,0.0,100.0,5.0
0.0,0.0,22.4,30,40,100,30.0,40.0,77.6,5.0
44.1,0.0,0.0,30,40,100,0.0,40.0,100.0,5.0
92.1,46.6,55.1,30,40,100,0.0,0.0,44.9,2.2
56.2,50.1,127.7,30,40,100,0.0,0.0,0.0,0.0
66.2,0.0,20.7,30,40,100,0.0,40.0,79.3,5.0
32.2,13.3,41.0,30,40,100,0.0,26.7,59.0,3.3
53.5,0.0,51.3,30,40,100,0.0,40.0,48.7,5.0
5.5,91.9,84.8,30,40,100,24.5,0.0,15.2,4.1
48.6,0.0,115.1,30,40,100,0.0,40.0,0.0,5.0
44.6,58.3,138.6,30,40,100,0.0,0.0,0.0,0.0
34.2,35.0,255.4,30,40,100,0.0,5.0,0.0,0.6
63.4,88.3,83.5,30,40,100,0.0,0.0,16.5,0.8
10.6,4.6,132.8,30,40,100,19.4,35.4,0.0,4.4
20.6,38.9,0.0,30,40,100,9.4,1.1,100.0,5.0
28.7,0.0,42.9,30,40,100,1.3,40.0,57.1,5.0
0.0,0.0,51.7,30,40,100,30.0,40.0,48.3,5.0
32.4,60.4,0.0,30,40,100,0.0,0.0,100.0,5.0
0.0,0.0,30.3,30,40,100,30.0,40.0,69.7,5.0
55.8,27.3,64.8,30,40,100,0.0,12.7,35.2,1.8
27.3,77.1,32.8,30,40,100,2.7,0.0,67.2,3.4
11.1,66.5,283.3,30,40,100,18.9,0.0,0.0,3.2
2.2,9.7,114.8,30,40,100,27.8,30.3,0.0,4.6
19.3,0.0,234.9,30,40,100,10.7,40.0,0.0,5.0
45.6,57.0,193.9,30,40,100,0.0,0.0,0.0,0.0
41.6,90.5,21.9,30,40,100,0.0,0.0,78.1,3.9
5.9,9.8,76.5,30,40,100,24.1,30.2,23.5,4.0
1.9,4.1,38.4,30,40,100,28.1,35.9,61.6,4.7
44.7,15.3,60.4,30,40,100,0.0,24.7,39.6,3.1
5.4,59.5,0.0,30,40,100,24.6,0.0,100.0,5.0
27.7,85.9,37.9,30,40,100,2.3,0.0,62.1,3.1
29.5,0.0,102.5,30,40,100,0.5,40.0,0.0,5.0
34.8,0.0,100.4,30,40,100,0.0,40.0,0.0,5.0
50.4,130.6,93.9,30,40,100,0.0,0.0,6.1,0.3
0.0,29.3,68.7,30,40,100,30.0,10.7,31.3,5.0
0.0,46.6,142.9,30,40,100,30.0,0.0,0.0,5.0
9.8,8.6,52.8,30,40,100,20.2,31.4,47.2,3.9
77.3,56.2,185.7,30,40,100,0.0,0.0,0.0,0.0
83.5,75.1,0.0,30,40,100,0.0,0.0,100.0,5.0
78.1,48.5,126.5,30,40,100,0.0,0.0,0.0,0.0
20.5,106.5,112.9,30,40,100,9.5,0.0,0.0,1.6
0.0,23.3,19.1,30,40,100,30.0,16.7,80.9,5.0
0.0,25.9,44.8,30,40,100,30.0,14.1,55.2,5.0
8.5,45.8,111.0,30,40,100,21.5,0.0,0.0,3.6
20.3,55.2,147.4,30,40,100,9.7,0.0,0.0,1.6
63.0,45.6,0.0,30,40,100,0.0,0.0,100.0,5.0
50.7,0.0,124.2,30,40,100,0.0,40.0,0.0,5.0
32.4,49.0,36.6,30,40,100,0.0,0.0,63.4,3.2
0.6,21.4,164.2,30,40,100,29.4,18.6,0.0,4.9
0.0,13.1,0.0,30,40,100,30.0,26.9,100.0,5.0
33.2,37.8,270.7,30,40,100,0.0,2.2,0.0,0.3
45.8,0.0,2.0,30,40,100,0.0,40.0,98.0,5.0
37.1,0.0,188.8,30,40,100,0.0,40.0,0.0,5.0
0.0,0.0,67.9,30,40,100,30.0,40.0,32.1,5.0
44.5,106.8,7.5,30,40,100,0.0,0.0,92.5,4.6
38.1,58.8,94.9,30,40,100,0.0,0.0,5.1,0.3
0.0,31.7,156.5,30,40,100,30.0,8.3,0.0,5.0
3.6,9.6,0.0,30,40,100,26.4,30.4,100.0,5.0
45.6,0.0,130.1,30,40,100,0.0,40.0,0.0,5.0
19.3,7.1,72.5,30,40,100,10.7,32.9,27.5,4.1
71.2,65.3,120.0,30,40,100,0.0,0.0,0.0,0.0
40.2,74.4,74.4,30,40,100,0.0,0.0,25.6,1.3
12.1,62.3,27.4,30,40,100,17.9,0.0,72.6,3.6
25.7,42.8,0.0,30,40,100,4.3,0.0,100.0,5.0
27.8,88.9,127.7,30,40,100,2.2,0.0,0.0,0.4
5.2,23.2,127.3,30,40,100,24.8,16.8,0.0,4.1
0.0,80.1,126.9,30,40,100,30.0,0.0,0.0,5.0
45.9,21.0,108.0,30,40,100,0.0,19.0,0.0,2.4
50.0,1.0,149.7,30,40,100,0.0,39.0,0.0,4.9
43.1,0.0,186.9,30,40,100,0.0,40.0,0.0,5.0
69.1,0.0,0.0,30,40,100,0.0,40.0,100.0,5.0
10.5,63.0,0.0,30,40,100,19.5,0.0,100.0,5.0
73.6,6.6,212.0,30,40,100,0.0,33.4,0.0,4.2
0.3,0.0,0.0,30,40,100,29.7,40.0,100.0,5.0
0.0,65.2,0.0,30,40,100,30.0,0.0,100.0,5.0
0.0,49.6,50.3,30,40,100,30.0,0.0,49.7,5.0
13.3,75.2,0.0,30,40,100,16.7,0.0,100.0,5.0
11.6,57.1,42.7,30,40,100,18.4,0.0,57.3,3.1
40.9,6.1,0.0,30,40,100,0.0,33.9,100.0,5.0
32.9,39.5,54.7,30,40,100,0.0,0.5,45.3,2.3
0.0,41.5,96.1,30,40,100,30.0,0.0,3.9,5.0
14.8,0.0,45.8,30,40,100,15.2,40.0,54.2,5.0
15.4,0.0,41.7,30,40,100,14.6,40.0,58.3,5.0
0.0,9.1,94.3,30,40,100,30.0,30.9,5.7,5.0
0.0,118.4,157.7,30,40,100,30.0,0.0,0.0,5.0
4.0,19.8,202.8,30,40,100,26.0,20.2,0.0,4.3
66.8,86.1,55.9,30,40,100,0.0,0.0,44.1,2.2
31.4,17.6,220.7,30,40,100,0.0,22.4,0.0,2.8
44.8,72.2,144.2,30,40,100,0.0,0.0,0.0,0.0
0.0,72.8,0.0,30,40,100,30.0,0.0,100.0,5.0
60.0,74.8,0.0,30,40,100,0.0,0.0,100.0,5.0
63.0,52.1,26.9,30,40,100,0.0,0.0,73.1,3.7
0.0,91.9,190.0,30,40,100,30.0,0.0,0.0,5.0
5.9,51.7,33.1,30,40,100,24.1,0.0,66.9,4.0
40.1,105.4,0.0,30,40,100,0.0,0.0,100.0,5.0
44.3,0.0,55.0,30,40,100,0.0,40.0,45.0,5.0
